cnmc_code,canonical_description,category_id,category_name,sector,standard_uom,duplicate_count,affected_cpses,specifications
NMC-OG-BRG-0001,Spherical 100x180x46 mm ISO 15,BEARINGS,Bearings & Spares,Oil & Gas,NOS,643,"NTPC_PW, CPCL_OG, BHEL_HE, SAIL_ST, CIL_MN","{""standards"": [""ISO 15""], ""dimensions"": {""boundary_3d"": ""100x180x46 mm"", ""length_mm"": 100, ""width_mm"": 180, ""thickness_mm"": 46}, ""models"": {""part_number"": ""22220""}}"
NMC-MN-BRG-0002,Deep 25x52x15 mm Rubber ISO 15,BEARINGS,Bearings & Spares,Mining,NOS,1911,"NTPC_PW, CPCL_OG, BHEL_HE, SAIL_ST, CIL_MN","{""standards"": [""ISO 15""], ""dimensions"": {""boundary_3d"": ""25x52x15 mm"", ""length_mm"": 25, ""width_mm"": 52, ""thickness_mm"": 15}, ""material"": ""Rubber"", ""models"": {""seal_type"": ""Rubber Sealed (2RS)""}}"
NMC-MN-BRG-0003,Spherical 80x170x58 mm ISO 15,BEARINGS,Bearings & Spares,Mining,NOS,647,"NTPC_PW, CPCL_OG, BHEL_HE, SAIL_ST, CIL_MN","{""standards"": [""ISO 15""], ""dimensions"": {""boundary_3d"": ""80x170x58 mm"", ""length_mm"": 80, ""width_mm"": 170, ""thickness_mm"": 58}, ""models"": {""part_number"": ""22316""}}"
NMC-ST-VLV-0001,Gate 150NB Class 150 Carbon Steel API 600,VALVES_FLOW,Valves & Flow Control,Steel,NOS,2571,"NTPC_PW, CPCL_OG, BHEL_HE, SAIL_ST, CIL_MN","{""standards"": [""API 600"", ""ASTM A216 WCB""], ""pressure_class"": 150, ""dimensions"": {""nominal_bore"": ""150NB""}, ""material"": ""Carbon Steel"", ""grade"": ""Class 150"", ""flange_face"": ""Raised Face (RF)"", ""end_connection"": ""Flanged""}"
NMC-PW-VLV-0002,Globe 100NB Class 150 Carbon Steel API 600,VALVES_FLOW,Valves & Flow Control,Power,NOS,651,"NTPC_PW, CPCL_OG, BHEL_HE, SAIL_ST, CIL_MN","{""standards"": [""API 600"", ""ASTM A216 WCB""], ""pressure_class"": 150, ""dimensions"": {""nominal_bore"": ""100NB""}, ""material"": ""Carbon Steel"", ""grade"": ""Class 150"", ""flange_face"": ""Raised Face (RF)"", ""end_connection"": ""Flanged""}"
NMC-HE-VLV-0003,Ball 50NB Class 300 Stainless Steel 316 API 608,VALVES_FLOW,Valves & Flow Control,Heavy Engineering,NOS,605,"NTPC_PW, CPCL_OG, BHEL_HE, SAIL_ST, CIL_MN","{""standards"": [""API 608""], ""pressure_class"": 300, ""dimensions"": {""nominal_bore"": ""50NB""}, ""material"": ""Stainless Steel 316"", ""grade"": ""Class 300"", ""flange_face"": ""Raised Face (RF)"", ""end_connection"": ""Flanged""}"
NMC-ST-GSK-0001,Spiral 150NB Class 150 Stainless Steel 316 ASME B16.20,GASKETS_SEALS,Gaskets & Seals,Steel,NOS,592,"NTPC_PW, CPCL_OG, BHEL_HE, SAIL_ST, CIL_MN","{""standards"": [""ASME B16.20""], ""pressure_class"": 150, ""dimensions"": {""nominal_bore"": ""150NB""}, ""material"": ""Stainless Steel 316"", ""grade"": ""Class 150""}"
NMC-ST-GSK-0002,Spiral 100NB Class 150 Stainless Steel 316 ASME B16.20,GASKETS_SEALS,Gaskets & Seals,Steel,NOS,589,"NTPC_PW, CPCL_OG, BHEL_HE, SAIL_ST, CIL_MN","{""standards"": [""ASME B16.20""], ""pressure_class"": 150, ""dimensions"": {""nominal_bore"": ""100NB""}, ""material"": ""Stainless Steel 316"", ""grade"": ""Class 150""}"
NMC-HE-MOT-0001,Induction Motor 15Kw 4P Totally Enclosed Fan Cooled Industrial,MOTORS_DRIVES,Electric Motors & Drives,Heavy Engineering,NOS,680,"NTPC_PW, CPCL_OG, BHEL_HE, SAIL_ST, CIL_MN","{""electrical"": {""voltage"": ""415V"", ""power_kw"": 15.0}}"
NMC-ST-MOT-0002,Induction Motor 30Kw 4P Totally Enclosed Fan Cooled Industrial,MOTORS_DRIVES,Electric Motors & Drives,Steel,NOS,604,"NTPC_PW, CPCL_OG, BHEL_HE, SAIL_ST, CIL_MN","{""electrical"": {""voltage"": ""415V"", ""power_kw"": 30.0}}"
NMC-PW-MOT-0003,Induction Motor 75Kw 4P Totally Enclosed Fan Cooled Industrial,MOTORS_DRIVES,Electric Motors & Drives,Power,NOS,623,"NTPC_PW, CPCL_OG, BHEL_HE, SAIL_ST, CIL_MN","{""electrical"": {""voltage"": ""415V"", ""power_kw"": 75.0}}"
NMC-OG-CBL-0001,11Kv Aluminium IS 7098,CABLES_CONDUCTORS,Cables & Conductors,Oil & Gas,MTR,1241,"NTPC_PW, CPCL_OG, BHEL_HE, SAIL_ST, CIL_MN","{""standards"": [""IS 7098""], ""material"": ""Aluminium"", ""electrical"": {""voltage"": ""11KV"", ""cable_cores"": 3, ""cable_sqmm"": 400.0, ""conductor"": ""Aluminium"", ""insulation"": ""XLPE"", ""armoured"": true}, ""dimensions"": {""boundary_2d"": ""3x400 mm""}}"
NMC-HE-CBL-0002,1.1Kv Aluminium IS 7098,CABLES_CONDUCTORS,Cables & Conductors,Heavy Engineering,MTR,649,"NTPC_PW, CPCL_OG, BHEL_HE, SAIL_ST, CIL_MN","{""standards"": [""IS 7098""], ""material"": ""Aluminium"", ""electrical"": {""voltage"": ""1.1KV"", ""cable_cores"": 3, ""cable_sqmm"": 95.0, ""conductor"": ""Aluminium"", ""insulation"": ""XLPE"", ""armoured"": true}}"
NMC-ST-CBL-0003,1.1Kv Copper IS 7098,CABLES_CONDUCTORS,Cables & Conductors,Steel,MTR,631,"NTPC_PW, CPCL_OG, BHEL_HE, SAIL_ST, CIL_MN","{""standards"": [""IS 7098""], ""material"": ""Copper"", ""electrical"": {""voltage"": ""1.1KV"", ""cable_cores"": 4, ""cable_sqmm"": 16.0, ""conductor"": ""Copper"", ""insulation"": ""XLPE""}}"
NMC-OG-FST-0001,Hexagonal Bolt M16 X 80 Grade 8.8 Industrial,FASTENERS,Fasteners & Hardware,Oil & Gas,NOS,1270,"NTPC_PW, CPCL_OG, BHEL_HE, SAIL_ST, CIL_MN","{""standards"": [""ISO 898-1""], ""dimensions"": {""bolt_thread"": ""M16"", ""bolt_length_mm"": 80}, ""grade"": ""Grade 8.8""}"
NMC-OG-FST-0002,Hexagonal Bolt M16 Grade 8 Industrial,FASTENERS,Fasteners & Hardware,Oil & Gas,NOS,615,"NTPC_PW, CPCL_OG, BHEL_HE, SAIL_ST, CIL_MN","{""standards"": [""ISO 4032""]}"
NMC-ST-FST-0003,Hexagonal Bolt M20 X 150 Grade 8.8 Industrial,FASTENERS,Fasteners & Hardware,Steel,NOS,633,"NTPC_PW, CPCL_OG, BHEL_HE, SAIL_ST, CIL_MN","{""standards"": [""ASTM A193 B7""], ""dimensions"": {""bolt_thread"": ""M20"", ""bolt_length_mm"": 150}, ""grade"": ""Grade 8.8""}"
NMC-MN-GSK-0003,Mechanical 40NB DIN 24960,GASKETS_SEALS,Gaskets & Seals,Mining,SET,646,"NTPC_PW, CPCL_OG, BHEL_HE, SAIL_ST, CIL_MN","{""standards"": [""DIN 24960""], ""dimensions"": {""nominal_bore"": ""40NB""}}"
NMC-ST-GSK-0004,Mechanical 50NB DIN 24960,GASKETS_SEALS,Gaskets & Seals,Steel,SET,612,"NTPC_PW, CPCL_OG, BHEL_HE, SAIL_ST, CIL_MN","{""standards"": [""DIN 24960""], ""dimensions"": {""nominal_bore"": ""50NB""}}"
NMC-HE-DRL-0001,Hydraulic Hose 25Nb (1Inch) 2-Wire General,DRILLING_MINING,Drilling & Mining Tools,Heavy Engineering,MTR,563,"NTPC_PW, CPCL_OG, BHEL_HE, SAIL_ST, CIL_MN","{""dimensions"": {""nominal_bore"": ""25NB""}}"
NMC-OG-FST-0004,Hydraulic Hose 3 100Nb (4Inch) 2-Wire Industrial,FASTENERS,Fasteners & Hardware,Oil & Gas,MTR,508,"NTPC_PW, CPCL_OG, BHEL_HE, SAIL_ST, CIL_MN","{""dimensions"": {""nominal_bore"": ""100NB""}}"
NMC-PW-GSK-0005,Cartridge Filter Pp 10 Micron Industrial,GASKETS_SEALS,Gaskets & Seals,Power,NOS,645,"NTPC_PW, CPCL_OG, BHEL_HE, SAIL_ST, CIL_MN","{""dimensions"": {""nominal_bore"": ""250NB""}}"
NMC-OG-GSK-0006,Air Filter Element 500Nb (500Mm) Industrial,GASKETS_SEALS,Gaskets & Seals,Oil & Gas,NOS,623,"NTPC_PW, CPCL_OG, BHEL_HE, SAIL_ST, CIL_MN","{""dimensions"": {""nominal_bore"": ""500NB""}}"
NMC-OG-CPL-0001,Flexible Jaw Coupling L-110 Industrial,COUPLINGS,Couplings & Power Transmission,Oil & Gas,SET,639,"NTPC_PW, CPCL_OG, BHEL_HE, SAIL_ST, CIL_MN","{""material"": ""Cast Iron"", ""models"": {""coupling_model"": ""L-110""}}"
NMC-MN-CPL-0002,Grid Coupling G20 Industrial,COUPLINGS,Couplings & Power Transmission,Mining,SET,620,"NTPC_PW, CPCL_OG, BHEL_HE, SAIL_ST, CIL_MN","{""material"": ""Carbon Steel"", ""models"": {""coupling_model"": ""G20""}, ""end_connection"": ""Flanged""}"
NMC-MN-BLT-0001,V-Belt Spb 2240 Industrial,CONVEYOR_BELTING,Conveyor & Belting,Mining,NOS,631,"NTPC_PW, CPCL_OG, BHEL_HE, SAIL_ST, CIL_MN","{""standards"": [""DIN 7753""], ""models"": {""belt_model"": ""SPB 2240""}}"
NMC-MN-RPC-0001,Roller Carbon Steel ISO 606,ROPES_CHAINS,Wire Ropes & Chains,Mining,MTR,620,"NTPC_PW, CPCL_OG, BHEL_HE, SAIL_ST, CIL_MN","{""standards"": [""ISO 606""], ""material"": ""Carbon Steel"", ""models"": {""chain_model"": ""16B-1""}}"
NMC-MN-SWG-0001,Ac Contactor 32A 415V Industrial,SWITCHGEAR,Insulators & Switchgear,Mining,NOS,507,"NTPC_PW, CPCL_OG, BHEL_HE, SAIL_ST, CIL_MN","{""standards"": [""IEC 60947-4""], ""electrical"": {""voltage"": ""415V"", ""current_rating_a"": 32}}"
NMC-HE-SWG-0002,Moulded Case Circuit Breaker 250A 4P Industrial,SWITCHGEAR,Insulators & Switchgear,Heavy Engineering,NOS,620,"NTPC_PW, CPCL_OG, BHEL_HE, SAIL_ST, CIL_MN","{""standards"": [""IEC 60947-2""], ""electrical"": {""current_rating_a"": 250}}"
NMC-OG-RPC-0002,Industrial Gear Oil Iso Vg 220 Industrial,ROPES_CHAINS,Wire Ropes & Chains,Oil & Gas,LTR,571,"NTPC_PW, CPCL_OG, BHEL_HE, SAIL_ST, CIL_MN","{""standards"": [""DIN 51517""]}"
NMC-HE-BRG-0004,Spherical 60x110x29 mm ISO 355,BEARINGS,Bearings & Spares,Heavy Engineering,NOS,577,"NTPC_PW, CPCL_OG, BHEL_HE, SAIL_ST, CIL_MN","{""standards"": [""ISO 355""], ""dimensions"": {""boundary_3d"": ""60x110x29 mm"", ""length_mm"": 60, ""width_mm"": 110, ""thickness_mm"": 29}}"
NMC-OG-GSK-0007,O-Ring Rubber ISO 3601,GASKETS_SEALS,Gaskets & Seals,Oil & Gas,NOS,595,"NTPC_PW, CPCL_OG, BHEL_HE, SAIL_ST, CIL_MN","{""standards"": [""ISO 3601""], ""dimensions"": {""boundary_2d"": ""50x3 mm"", ""diameter_mm"": 3.5}, ""material"": ""Rubber""}"
NMC-OG-BRG-0005,Refinery Catalyst Beads 3Mm Industrial,BEARINGS,Bearings & Spares,Oil & Gas,KG,128,CPCL_OG,"{""dimensions"": {""diameter_mm"": 3.0}}"
NMC-PW-TRF-0001,Power Transformer 25Mva 33 11Kv Dyn11 Industrial,TRANSFORMERS,Transformers,Power,NOS,150,NTPC_PW,"{""standards"": [""IS 2026""], ""electrical"": {""voltage"": ""11KV"", ""power_rating"": ""25 MVA""}}"
NMC-ST-REF-0001,Fireclay 230x114x75 mm IS 8,REFRACTORIES,Refractories & Furnace Linings,Steel,NOS,129,SAIL_ST,"{""standards"": [""IS 8""], ""dimensions"": {""boundary_3d"": ""230x114x75 mm"", ""length_mm"": 230, ""width_mm"": 114, ""thickness_mm"": 75}}"
NMC-MN-DRL-0002,Tricone Rock Drill Bit 8.5In Iadc Code 517 Industrial,DRILLING_MINING,Drilling & Mining Tools,Mining,NOS,123,CIL_MN,{}
NMC-HE-PIP-0001,Helical Gearbox 22Kw Ratio 20:1 Industrial,PIPE_FITTINGS,Flanges & Pipe Fittings,Heavy Engineering,NOS,123,BHEL_HE,"{""electrical"": {""power_kw"": 22.0}}"
NMC-OG-DRL-0003,Api Drill Collar 6.5 Inch Store,DRILLING_MINING,Drilling & Mining Tools,Oil & Gas,MTR,99,CPCL_OG,{}
NMC-PW-SWG-0003,Vacuum Circuit Breaker 11Kv 1250A Industrial,SWITCHGEAR,Insulators & Switchgear,Power,NOS,138,NTPC_PW,"{""standards"": [""IEC 62271-100""], ""electrical"": {""voltage"": ""11KV"", ""current_rating_a"": 1250}}"
NMC-ST-STL-0001,Continuous Carbon Steel IS 2830,STRUCTURAL_STEEL,Structural Steel & Billets,Steel,MT,118,SAIL_ST,"{""standards"": [""IS 2830""], ""dimensions"": {""boundary_2d"": ""130x130 mm""}, ""material"": ""Carbon Steel""}"
NMC-MN-LIN-0001,Manganese Jaw Crusher Liner Industrial,WEAR_PARTS,Wear Parts & Liners,Mining,NOS,116,CIL_MN,"{""standards"": [""ASTM A128 14""], ""dimensions"": {""diameter_mm"": 1200.0}}"
NMC-HE-MOT-0004,Induction Motor 100Hp 6P Industrial,MOTORS_DRIVES,Electric Motors & Drives,Heavy Engineering,NOS,128,BHEL_HE,"{""electrical"": {""voltage"": ""415V"", ""power_hp"": 100.0}}"
NMC-OG-SWG-0004,Explosion Proof Motor 11Kw Industrial,SWITCHGEAR,Insulators & Switchgear,Oil & Gas,NOS,114,CPCL_OG,"{""standards"": [""IEC 60079""], ""electrical"": {""voltage"": ""415V"", ""power_kw"": 11.0}}"
NMC-PW-SWG-0005,Polymeric Rubber IEC 61109,SWITCHGEAR,Insulators & Switchgear,Power,NOS,145,NTPC_PW,"{""standards"": [""IEC 61109""], ""material"": ""Rubber"", ""electrical"": {""voltage"": ""33KV""}}"
NMC-OG-RPC-0003,Steel Wire Rope 6X36 Independent Wire Rope Core 24Mm Industrial,ROPES_CHAINS,Wire Ropes & Chains,Oil & Gas,MTR,1438,"NTPC_PW, CPCL_OG, BHEL_HE, SAIL_ST, CIL_MN","{""standards"": [""IS 2266""], ""dimensions"": {""boundary_2d"": ""6x36 mm"", ""diameter_mm"": 24.0}}"
NMC-HE-GBX-0001,Planetary Gearbox 250Kw Industrial,GEARBOXES,Gearboxes & Speed Reducers,Heavy Engineering,NOS,130,BHEL_HE,"{""electrical"": {""power_kw"": 250.0}}"
NMC-OG-GSK-0008,Crude Oil Desalter Demister Pad Industrial,GASKETS_SEALS,Gaskets & Seals,Oil & Gas,NOS,134,CPCL_OG,"{""dimensions"": {""diameter_mm"": 1500.0}, ""material"": ""Stainless Steel 316""}"
NMC-PW-TRF-0002,Station Class Surge Arrester 33Kv Industrial,TRANSFORMERS,Transformers,Power,NOS,120,NTPC_PW,"{""standards"": [""IEC 60099-4""], ""electrical"": {""voltage"": ""33KV""}}"
NMC-ST-LIN-0002,Hadfield Manganese Steel ASTM A128 MN,WEAR_PARTS,Wear Parts & Liners,Steel,NOS,101,SAIL_ST,"{""standards"": [""ASTM A128 MN""], ""material"": ""Manganese Steel""}"
NMC-MN-BLT-0002,Polyester Nylon Ep Conveyor Belt 1200Mm 5 Ply Industrial,CONVEYOR_BELTING,Conveyor & Belting,Mining,MTR,130,CIL_MN,"{""standards"": [""DIN 22102""], ""dimensions"": {""diameter_mm"": 1200.0}}"
NMC-HE-FST-0005,High Tensile Bolt M24 Grade 10.9 Industrial,FASTENERS,Fasteners & Hardware,Heavy Engineering,NOS,130,BHEL_HE,"{""standards"": [""ISO 898-1""], ""grade"": ""Grade 10.9""}"
NMC-OG-VLV-0004,Api 300NB Class 600 Carbon Steel API 6D,VALVES_FLOW,Valves & Flow Control,Oil & Gas,NOS,133,CPCL_OG,"{""standards"": [""API 6D"", ""ASTM A216 WCB""], ""pressure_class"": 600, ""dimensions"": {""nominal_bore"": ""300NB""}, ""material"": ""Carbon Steel"", ""grade"": ""Class 600""}"
NMC-PW-CBL-0004,Aaac Aluminium IS 398,CABLES_CONDUCTORS,Cables & Conductors,Power,MTR,120,NTPC_PW,"{""standards"": [""IS 398""], ""material"": ""Aluminium"", ""electrical"": {""conductor"": ""Aluminium""}}"
NMC-ST-MOT-0005,Basic Oxygen Furnace Tuyere Industrial,MOTORS_DRIVES,Electric Motors & Drives,Steel,NOS,98,SAIL_ST,"{""material"": ""Copper"", ""electrical"": {""conductor"": ""Copper""}}"
NMC-MN-DRL-0004,Dth Hammer 150Nb (6Inch) Industrial,DRILLING_MINING,Drilling & Mining Tools,Mining,NOS,113,CIL_MN,"{""dimensions"": {""nominal_bore"": ""150NB""}}"
NMC-HE-GBX-0002,Cnc Hydraulic Power Pack 15Kw Industrial,GEARBOXES,Gearboxes & Speed Reducers,Heavy Engineering,NOS,115,BHEL_HE,"{""electrical"": {""power_kw"": 15.0}}"
NMC-OG-GSK-0009,Spiral 600NB Class 300 Stainless Steel 316 ASME B16.20,GASKETS_SEALS,Gaskets & Seals,Oil & Gas,NOS,145,CPCL_OG,"{""standards"": [""ASME B16.20""], ""pressure_class"": 300, ""dimensions"": {""nominal_bore"": ""600NB""}, ""material"": ""Stainless Steel 316"", ""grade"": ""Class 300""}"
NMC-PW-SWG-0006,Battery Charger 220V Dc 100A Industrial,SWITCHGEAR,Insulators & Switchgear,Power,NOS,86,NTPC_PW,"{""electrical"": {""voltage"": ""220V"", ""current_rating_a"": 100}}"
NMC-ST-STL-0002,Hot Strip Mill Work Roll Industrial,STRUCTURAL_STEEL,Structural Steel & Billets,Steel,NOS,130,SAIL_ST,"{""dimensions"": {""diameter_mm"": 900.0}}"
NMC-MN-FST-0006,Dragline Bucket Tooth Hd,FASTENERS,Fasteners & Hardware,Mining,NOS,77,CIL_MN,{}
NMC-HE-MOT-0006,Servo Motor 5Kw 3000Rpm Industrial,MOTORS_DRIVES,Electric Motors & Drives,Heavy Engineering,NOS,114,BHEL_HE,"{""electrical"": {""power_kw"": 5.0}}"
NMC-OG-VLV-0005,Refinery 25NB Carbon Steel API 612,VALVES_FLOW,Valves & Flow Control,Oil & Gas,NOS,149,CPCL_OG,"{""standards"": [""API 612""], ""dimensions"": {""nominal_bore"": ""25NB""}, ""material"": ""Carbon Steel""}"
NMC-PW-PMP-0001,Boiler Feed Pump Impeller Industrial,PUMPS_ROTATING,Pumps & Rotating Machinery,Power,NOS,124,NTPC_PW,"{""dimensions"": {""nominal_bore"": ""450NB""}}"
NMC-ST-BRG-0006,Continuous Annealing Furnace Roller Industrial,BEARINGS,Bearings & Spares,Steel,NOS,128,SAIL_ST,"{""dimensions"": {""nominal_bore"": ""450NB""}}"
NMC-MN-MOT-0007,Mine Ventilation Fan 75Kw Industrial,MOTORS_DRIVES,Electric Motors & Drives,Mining,NOS,96,CIL_MN,"{""electrical"": {""voltage"": ""415V"", ""power_kw"": 75.0}}"
NMC-HE-PIP-0002,Worm Gearbox 7.5Kw Ratio 40:1 Industrial,PIPE_FITTINGS,Flanges & Pipe Fittings,Heavy Engineering,NOS,107,BHEL_HE,"{""electrical"": {""power_kw"": 7.5}}"
NMC-OG-VLV-0006,Psv 50NB Class 300 Carbon Steel API 526,VALVES_FLOW,Valves & Flow Control,Oil & Gas,NOS,116,CPCL_OG,"{""standards"": [""API 526""], ""pressure_class"": 300, ""dimensions"": {""nominal_bore"": ""50NB""}, ""material"": ""Carbon Steel"", ""grade"": ""Class 300""}"
NMC-PW-STL-0003,Generator Rotor Retaining Ring Plant,STRUCTURAL_STEEL,Structural Steel & Billets,Power,NOS,97,NTPC_PW,{}
NMC-ST-GSK-0010,Graphite 600NB Graphite,GASKETS_SEALS,Gaskets & Seals,Steel,NOS,110,SAIL_ST,"{""dimensions"": {""nominal_bore"": ""600NB""}, ""material"": ""Graphite""}"
NMC-MN-DRL-0005,Hydraulic Rock Breaker 1.5T Hd,DRILLING_MINING,Drilling & Mining Tools,Mining,NOS,94,CIL_MN,{}
NMC-HE-BRG-0007,Machine Tool Spindle Bearing Set Industrial,BEARINGS,Bearings & Spares,Heavy Engineering,SET,116,BHEL_HE,"{""dimensions"": {""diameter_mm"": 70.0}}"
NMC-OG-VLV-0007,Api 25NB Class 800 API 602,VALVES_FLOW,Valves & Flow Control,Oil & Gas,NOS,131,CPCL_OG,"{""standards"": [""API 602""], ""pressure_class"": 800, ""dimensions"": {""nominal_bore"": ""25NB""}}"
NMC-PW-CBL-0005,11Kv Cross-Linked Polyethylene Cable Termination Kit 3C X 400 Industrial,CABLES_CONDUCTORS,Cables & Conductors,Power,SET,132,NTPC_PW,"{""standards"": [""IEC 60840""], ""electrical"": {""voltage"": ""11KV"", ""insulation"": ""XLPE""}}"
NMC-ST-REF-0002,Refractory Castable High Alumina 70% Industrial,REFRACTORIES,Refractories & Furnace Linings,Steel,KG,146,SAIL_ST,"{""standards"": [""IS 1528""]}"
NMC-MN-LIN-0003,Crusher Mantle 1100Mm Industrial,WEAR_PARTS,Wear Parts & Liners,Mining,NOS,138,CIL_MN,"{""dimensions"": {""diameter_mm"": 1100.0}}"
NMC-HE-MOT-0008,Ac Drive 75Kw 415V Industrial,MOTORS_DRIVES,Electric Motors & Drives,Heavy Engineering,NOS,126,BHEL_HE,"{""standards"": [""IEC 61800""], ""electrical"": {""voltage"": ""415V"", ""power_kw"": 75.0}}"
NMC-OG-GSK-0011,Flame 150NB Stainless Steel 316,GASKETS_SEALS,Gaskets & Seals,Oil & Gas,NOS,111,CPCL_OG,"{""dimensions"": {""nominal_bore"": ""150NB""}, ""material"": ""Stainless Steel 316""}"
NMC-PW-TRF-0003,Power Transformer Breather 1Kg Silica Gel Industrial,TRANSFORMERS,Transformers,Power,NOS,122,NTPC_PW,{}
NMC-ST-VLV-0008,Hydraulic Cylinder 250Nb (250Mm) Bore Industrial,VALVES_FLOW,Valves & Flow Control,Steel,NOS,126,SAIL_ST,"{""dimensions"": {""nominal_bore"": ""250NB"", ""bore_diameter_mm"": 350}}"
NMC-HE-MOT-0009,Brake Motor 22Kw 4P Industrial,MOTORS_DRIVES,Electric Motors & Drives,Heavy Engineering,NOS,124,BHEL_HE,"{""electrical"": {""voltage"": ""415V"", ""power_kw"": 22.0}}"
NMC-OG-PMP-0002,Refinery Carbon Steel ASTM A216 WCB,PUMPS_ROTATING,Pumps & Rotating Machinery,Oil & Gas,NOS,122,CPCL_OG,"{""standards"": [""ASTM A216 WCB""], ""dimensions"": {""boundary_2d"": ""100x80 mm""}, ""material"": ""Carbon Steel""}"
NMC-PW-CBL-0006,Ct 33Kv 200 1A Class 0.2S General,CABLES_CONDUCTORS,Cables & Conductors,Power,NOS,110,NTPC_PW,"{""standards"": [""IS 2705""], ""electrical"": {""voltage"": ""33KV"", ""current_rating_a"": 1}}"
NMC-ST-STL-0004,Pinch Roll Assembly 450Nb (450Mm) Industrial,STRUCTURAL_STEEL,Structural Steel & Billets,Steel,NOS,133,SAIL_ST,"{""dimensions"": {""nominal_bore"": ""450NB""}}"
NMC-MN-DRL-0006,Hydraulic Cylinder 300Nb (300Mm) Bore Mining Industrial,DRILLING_MINING,Drilling & Mining Tools,Mining,NOS,129,CIL_MN,"{""dimensions"": {""nominal_bore"": ""300NB""}}"
NMC-HE-RPC-0004,Precision Linear Guide 35Mm Industrial,ROPES_CHAINS,Wire Ropes & Chains,Heavy Engineering,SET,93,BHEL_HE,"{""dimensions"": {""diameter_mm"": 35.0}}"
NMC-OG-VLV-0009,Gas Compressor Valve Plate Oem,VALVES_FLOW,Valves & Flow Control,Oil & Gas,NOS,82,CPCL_OG,{}
NMC-PW-TRF-0004,Numerical Relay Feeder Protection Industrial,TRANSFORMERS,Transformers,Power,NOS,119,NTPC_PW,"{""standards"": [""IEC 60255"", ""IEC 61850""], ""electrical"": {""voltage"": ""11KV""}}"
NMC-ST-GSK-0012,Sinter Plant Burner Nozzle Industrial,GASKETS_SEALS,Gaskets & Seals,Steel,NOS,128,SAIL_ST,"{""dimensions"": {""nominal_bore"": ""50NB""}}"
NMC-MN-PIP-0003,Dust 25NB Stainless Steel 316,PIPE_FITTINGS,Flanges & Pipe Fittings,Mining,NOS,102,CIL_MN,"{""dimensions"": {""nominal_bore"": ""25NB""}, ""material"": ""Stainless Steel 316""}"
NMC-HE-DRL-0007,Hydraulic Cylinder 160Mm Bore Industrial,DRILLING_MINING,Drilling & Mining Tools,Heavy Engineering,NOS,96,BHEL_HE,"{""dimensions"": {""bore_diameter_mm"": 250, ""diameter_mm"": 160.0}}"
NMC-OG-BRG-0008,Refinery Catalyst Beads 3Mm Variant 01 Industrial,BEARINGS,Bearings & Spares,Oil & Gas,KG,103,CPCL_OG,"{""dimensions"": {""diameter_mm"": 3.0}, ""models"": {""variant"": ""Variant 01""}}"
NMC-PW-TRF-0005,Power Transformer 25Mva 33 11Kv Dyn11 Variant 01 Industrial,TRANSFORMERS,Transformers,Power,NOS,133,NTPC_PW,"{""standards"": [""IS 2026""], ""electrical"": {""voltage"": ""11KV"", ""power_rating"": ""25 MVA""}, ""models"": {""variant"": ""Variant 01""}}"
NMC-ST-REF-0003,Fireclay 230x114x75 mm IS 8,REFRACTORIES,Refractories & Furnace Linings,Steel,NOS,125,SAIL_ST,"{""standards"": [""IS 8""], ""dimensions"": {""boundary_3d"": ""230x114x75 mm"", ""length_mm"": 230, ""width_mm"": 114, ""thickness_mm"": 75}, ""models"": {""variant"": ""Variant 01""}}"
NMC-MN-DRL-0008,Tricone Rock Drill Bit 8.5In Iadc Code 517 Variant 01 Industrial,DRILLING_MINING,Drilling & Mining Tools,Mining,NOS,122,CIL_MN,"{""models"": {""variant"": ""Variant 01""}}"
NMC-HE-PIP-0004,Helical Gearbox 22Kw Ratio 20:1 Variant 01 Industrial,PIPE_FITTINGS,Flanges & Pipe Fittings,Heavy Engineering,NOS,122,BHEL_HE,"{""electrical"": {""power_kw"": 22.0}, ""models"": {""variant"": ""Variant 01""}}"
NMC-OG-DRL-0009,Api Drill Collar 6.5 Inch Variant 02 Store,DRILLING_MINING,Drilling & Mining Tools,Oil & Gas,MTR,110,CPCL_OG,"{""models"": {""variant"": ""Variant 02""}}"
NMC-PW-SWG-0007,Vacuum Circuit Breaker 11Kv 1250A Variant 02 Industrial,SWITCHGEAR,Insulators & Switchgear,Power,NOS,147,NTPC_PW,"{""standards"": [""IEC 62271-100""], ""electrical"": {""voltage"": ""11KV"", ""current_rating_a"": 1250}, ""models"": {""variant"": ""Variant 02""}}"
NMC-ST-STL-0005,Continuous Carbon Steel IS 2830,STRUCTURAL_STEEL,Structural Steel & Billets,Steel,MT,124,SAIL_ST,"{""standards"": [""IS 2830""], ""dimensions"": {""boundary_2d"": ""130x130 mm""}, ""material"": ""Carbon Steel"", ""models"": {""variant"": ""Variant 02""}}"
NMC-MN-LIN-0004,Manganese Jaw Crusher Liner Variant 02 Industrial,WEAR_PARTS,Wear Parts & Liners,Mining,NOS,116,CIL_MN,"{""standards"": [""ASTM A128 14""], ""dimensions"": {""diameter_mm"": 1200.0}, ""models"": {""variant"": ""Variant 02""}}"
NMC-HE-MOT-0010,Induction Motor 100Hp 6P Variant 02 Industrial,MOTORS_DRIVES,Electric Motors & Drives,Heavy Engineering,NOS,122,BHEL_HE,"{""electrical"": {""voltage"": ""415V"", ""power_hp"": 100.0}, ""models"": {""variant"": ""Variant 02""}}"
NMC-OG-SWG-0008,Explosion Proof Motor 11Kw Variant 03 Industrial,SWITCHGEAR,Insulators & Switchgear,Oil & Gas,NOS,97,CPCL_OG,"{""standards"": [""IEC 60079""], ""electrical"": {""voltage"": ""415V"", ""power_kw"": 11.0}, ""models"": {""variant"": ""Variant 03""}}"
NMC-PW-SWG-0009,Polymeric Rubber IEC 61109,SWITCHGEAR,Insulators & Switchgear,Power,NOS,117,NTPC_PW,"{""standards"": [""IEC 61109""], ""material"": ""Rubber"", ""electrical"": {""voltage"": ""33KV""}, ""models"": {""variant"": ""Variant 03""}}"
NMC-ST-BRG-0009,Mill Spherical Roller Bearing 500Nb (500Mm) Bore Variant 03 Industrial,BEARINGS,Bearings & Spares,Steel,NOS,110,SAIL_ST,"{""dimensions"": {""nominal_bore"": ""500NB""}, ""models"": {""variant"": ""Variant 03""}}"
NMC-MN-RPC-0005,Steel Wire Rope 6X36 Independent Wire Rope Core 24Mm Variant 03 Industrial,ROPES_CHAINS,Wire Ropes & Chains,Mining,MTR,129,CIL_MN,"{""standards"": [""IS 2266""], ""dimensions"": {""boundary_2d"": ""6x36 mm"", ""diameter_mm"": 24.0}, ""models"": {""variant"": ""Variant 03""}}"
NMC-HE-GBX-0003,Planetary Gearbox 250Kw Variant 03 Industrial,GEARBOXES,Gearboxes & Speed Reducers,Heavy Engineering,NOS,114,BHEL_HE,"{""electrical"": {""power_kw"": 250.0}, ""models"": {""variant"": ""Variant 03""}}"
NMC-OG-GSK-0013,Crude Oil Desalter Demister Pad Variant 04 Industrial,GASKETS_SEALS,Gaskets & Seals,Oil & Gas,NOS,117,CPCL_OG,"{""dimensions"": {""diameter_mm"": 1500.0}, ""material"": ""Stainless Steel 316"", ""models"": {""variant"": ""Variant 04""}}"
NMC-PW-TRF-0006,Station Class Surge Arrester 33Kv Variant 04 Industrial,TRANSFORMERS,Transformers,Power,NOS,124,NTPC_PW,"{""standards"": [""IEC 60099-4""], ""electrical"": {""voltage"": ""33KV""}, ""models"": {""variant"": ""Variant 04""}}"
NMC-ST-LIN-0005,Hadfield Manganese Steel ASTM A128 MN,WEAR_PARTS,Wear Parts & Liners,Steel,NOS,111,SAIL_ST,"{""standards"": [""ASTM A128 MN""], ""material"": ""Manganese Steel"", ""models"": {""variant"": ""Variant 04""}}"
NMC-MN-BLT-0003,Polyester Nylon Ep Conveyor Belt 1200Mm 5 Ply Variant 04 Industrial,CONVEYOR_BELTING,Conveyor & Belting,Mining,MTR,124,CIL_MN,"{""standards"": [""DIN 22102""], ""dimensions"": {""diameter_mm"": 1200.0}, ""models"": {""variant"": ""Variant 04""}}"
NMC-HE-FST-0007,High Tensile Bolt M24 Grade 10.9 Variant 04 Industrial,FASTENERS,Fasteners & Hardware,Heavy Engineering,NOS,136,BHEL_HE,"{""standards"": [""ISO 898-1""], ""grade"": ""Grade 10.9"", ""models"": {""variant"": ""Variant 04""}}"
NMC-OG-VLV-0010,Api 300NB Class 600 Carbon Steel API 6D,VALVES_FLOW,Valves & Flow Control,Oil & Gas,NOS,121,CPCL_OG,"{""standards"": [""API 6D"", ""ASTM A216 WCB""], ""pressure_class"": 600, ""dimensions"": {""nominal_bore"": ""300NB""}, ""material"": ""Carbon Steel"", ""grade"": ""Class 600"", ""models"": {""variant"": ""Variant 05""}}"
NMC-PW-CBL-0007,Aaac Aluminium IS 398,CABLES_CONDUCTORS,Cables & Conductors,Power,MTR,140,NTPC_PW,"{""standards"": [""IS 398""], ""material"": ""Aluminium"", ""electrical"": {""conductor"": ""Aluminium""}, ""models"": {""variant"": ""Variant 05""}}"
NMC-ST-MOT-0011,Basic Oxygen Furnace Tuyere Variant 05 Industrial,MOTORS_DRIVES,Electric Motors & Drives,Steel,NOS,125,SAIL_ST,"{""material"": ""Copper"", ""electrical"": {""conductor"": ""Copper""}, ""models"": {""variant"": ""Variant 05""}}"
NMC-MN-DRL-0010,Dth Hammer 150Nb (6Inch) Variant 05 Industrial,DRILLING_MINING,Drilling & Mining Tools,Mining,NOS,124,CIL_MN,"{""dimensions"": {""nominal_bore"": ""150NB""}, ""models"": {""variant"": ""Variant 05""}}"
NMC-HE-GBX-0004,Cnc Hydraulic Power Pack 15Kw Variant 05 Industrial,GEARBOXES,Gearboxes & Speed Reducers,Heavy Engineering,NOS,148,BHEL_HE,"{""electrical"": {""power_kw"": 15.0}, ""models"": {""variant"": ""Variant 05""}}"
NMC-OG-GSK-0014,Spiral 600NB Class 300 Stainless Steel 316 ASME B16.20,GASKETS_SEALS,Gaskets & Seals,Oil & Gas,NOS,130,CPCL_OG,"{""standards"": [""ASME B16.20""], ""pressure_class"": 300, ""dimensions"": {""nominal_bore"": ""600NB""}, ""material"": ""Stainless Steel 316"", ""grade"": ""Class 300"", ""models"": {""variant"": ""Variant 06""}}"
NMC-PW-SWG-0010,Battery Charger 220V Dc 100A Variant 06 Industrial,SWITCHGEAR,Insulators & Switchgear,Power,NOS,117,NTPC_PW,"{""electrical"": {""voltage"": ""220V"", ""current_rating_a"": 100}, ""models"": {""variant"": ""Variant 06""}}"
NMC-ST-STL-0006,Hot Strip Mill Work Roll Variant 06 Industrial,STRUCTURAL_STEEL,Structural Steel & Billets,Steel,NOS,121,SAIL_ST,"{""dimensions"": {""diameter_mm"": 900.0}, ""models"": {""variant"": ""Variant 06""}}"
NMC-MN-FST-0008,Dragline Bucket Tooth Variant 06 Industrial,FASTENERS,Fasteners & Hardware,Mining,NOS,131,CIL_MN,"{""models"": {""variant"": ""Variant 06""}}"
NMC-HE-GBX-0005,Servo Motor 5Kw 3000Rpm Variant 06 General,GEARBOXES,Gearboxes & Speed Reducers,Heavy Engineering,NOS,110,BHEL_HE,"{""electrical"": {""power_kw"": 5.0}, ""models"": {""variant"": ""Variant 06""}}"
NMC-OG-VLV-0011,Refinery 25NB Carbon Steel API 612,VALVES_FLOW,Valves & Flow Control,Oil & Gas,NOS,120,CPCL_OG,"{""standards"": [""API 612""], ""dimensions"": {""nominal_bore"": ""25NB""}, ""material"": ""Carbon Steel"", ""models"": {""variant"": ""Variant 07""}}"
NMC-PW-PMP-0003,Boiler Feed Pump Impeller Variant 07 Industrial,PUMPS_ROTATING,Pumps & Rotating Machinery,Power,NOS,115,NTPC_PW,"{""dimensions"": {""nominal_bore"": ""450NB""}, ""models"": {""variant"": ""Variant 07""}}"
NMC-ST-BRG-0010,Continuous Annealing Furnace Roller Variant 07 Industrial,BEARINGS,Bearings & Spares,Steel,NOS,111,SAIL_ST,"{""dimensions"": {""nominal_bore"": ""450NB""}, ""models"": {""variant"": ""Variant 07""}}"
NMC-MN-MOT-0012,Mine Ventilation Fan 75Kw Variant 07 Industrial,MOTORS_DRIVES,Electric Motors & Drives,Mining,NOS,133,CIL_MN,"{""electrical"": {""voltage"": ""415V"", ""power_kw"": 75.0}, ""models"": {""variant"": ""Variant 07""}}"
NMC-HE-PIP-0005,Worm Gearbox 7.5Kw Ratio 40:1 Variant 07 Industrial,PIPE_FITTINGS,Flanges & Pipe Fittings,Heavy Engineering,NOS,130,BHEL_HE,"{""electrical"": {""power_kw"": 7.5}, ""models"": {""variant"": ""Variant 07""}}"
NMC-OG-VLV-0012,Psv 50NB Class 300 Carbon Steel API 526,VALVES_FLOW,Valves & Flow Control,Oil & Gas,NOS,127,CPCL_OG,"{""standards"": [""API 526""], ""pressure_class"": 300, ""dimensions"": {""nominal_bore"": ""50NB""}, ""material"": ""Carbon Steel"", ""grade"": ""Class 300"", ""models"": {""variant"": ""Variant 08""}}"
NMC-PW-STL-0007,Generator Rotor Retaining Ring Variant 08 Maint,STRUCTURAL_STEEL,Structural Steel & Billets,Power,NOS,113,NTPC_PW,"{""models"": {""variant"": ""Variant 08""}}"
NMC-ST-GSK-0015,Graphite 600NB Graphite,GASKETS_SEALS,Gaskets & Seals,Steel,NOS,125,SAIL_ST,"{""dimensions"": {""nominal_bore"": ""600NB""}, ""material"": ""Graphite"", ""models"": {""variant"": ""Variant 08""}}"
NMC-MN-DRL-0011,Hydraulic Rock Breaker 1.5T Variant 08 Industrial,DRILLING_MINING,Drilling & Mining Tools,Mining,NOS,120,CIL_MN,"{""models"": {""variant"": ""Variant 08""}}"
NMC-HE-BRG-0011,Machine Tool Spindle Bearing Set Variant 08 Industrial,BEARINGS,Bearings & Spares,Heavy Engineering,SET,130,BHEL_HE,"{""dimensions"": {""diameter_mm"": 70.0}, ""models"": {""variant"": ""Variant 08""}}"
NMC-OG-VLV-0013,Api 25NB Class 800 API 602,VALVES_FLOW,Valves & Flow Control,Oil & Gas,NOS,131,CPCL_OG,"{""standards"": [""API 602""], ""pressure_class"": 800, ""dimensions"": {""nominal_bore"": ""25NB""}, ""models"": {""variant"": ""Variant 09""}}"
NMC-PW-CBL-0008,11Kv Cross-Linked Polyethylene Cable Termination Kit 3C X 400 Variant 09 Industrial,CABLES_CONDUCTORS,Cables & Conductors,Power,SET,123,NTPC_PW,"{""standards"": [""IEC 60840""], ""electrical"": {""voltage"": ""11KV"", ""insulation"": ""XLPE""}, ""models"": {""variant"": ""Variant 09""}}"
NMC-ST-REF-0004,Refractory Castable High Alumina 70% Variant 09 Industrial,REFRACTORIES,Refractories & Furnace Linings,Steel,KG,141,SAIL_ST,"{""standards"": [""IS 1528""], ""models"": {""variant"": ""Variant 09""}}"
NMC-MN-LIN-0006,Crusher Mantle 1100Mm Variant 09 Industrial,WEAR_PARTS,Wear Parts & Liners,Mining,NOS,125,CIL_MN,"{""dimensions"": {""diameter_mm"": 1100.0}, ""models"": {""variant"": ""Variant 09""}}"
NMC-HE-MOT-0013,Ac Drive 75Kw 415V Variant 09 Industrial,MOTORS_DRIVES,Electric Motors & Drives,Heavy Engineering,NOS,111,BHEL_HE,"{""standards"": [""IEC 61800""], ""electrical"": {""voltage"": ""415V"", ""power_kw"": 75.0}, ""models"": {""variant"": ""Variant 09""}}"
NMC-OG-GSK-0016,Flame 150NB Stainless Steel 316,GASKETS_SEALS,Gaskets & Seals,Oil & Gas,NOS,116,CPCL_OG,"{""dimensions"": {""nominal_bore"": ""150NB""}, ""material"": ""Stainless Steel 316"", ""models"": {""variant"": ""Variant 10""}}"
NMC-PW-TRF-0007,Power Transformer Breather 1Kg Silica Gel Variant 10 Industrial,TRANSFORMERS,Transformers,Power,NOS,126,NTPC_PW,"{""models"": {""variant"": ""Variant 10""}}"
NMC-ST-VLV-0014,Hydraulic Cylinder 250Nb (250Mm) Bore Variant 10 Industrial,VALVES_FLOW,Valves & Flow Control,Steel,NOS,134,SAIL_ST,"{""dimensions"": {""nominal_bore"": ""250NB""}, ""models"": {""variant"": ""Variant 10""}}"
NMC-MN-RPC-0006,Mining 32NB IS 2266,ROPES_CHAINS,Wire Ropes & Chains,Mining,MTR,124,CIL_MN,"{""standards"": [""IS 2266""], ""dimensions"": {""nominal_bore"": ""32NB"", ""boundary_2d"": ""6x37 mm""}, ""models"": {""variant"": ""Variant 10""}}"
NMC-HE-MOT-0014,Brake Motor 22Kw 4P Variant 10 Industrial,MOTORS_DRIVES,Electric Motors & Drives,Heavy Engineering,NOS,117,BHEL_HE,"{""electrical"": {""voltage"": ""415V"", ""power_kw"": 22.0}, ""models"": {""variant"": ""Variant 10""}}"
NMC-OG-PMP-0004,Refinery Carbon Steel ASTM A216 WCB,PUMPS_ROTATING,Pumps & Rotating Machinery,Oil & Gas,NOS,131,CPCL_OG,"{""standards"": [""ASTM A216 WCB""], ""dimensions"": {""boundary_2d"": ""100x80 mm""}, ""material"": ""Carbon Steel"", ""models"": {""variant"": ""Variant 11""}}"
NMC-PW-CBL-0009,Ct 33Kv 200 1A Class 0.2S Variant 11 Industrial,CABLES_CONDUCTORS,Cables & Conductors,Power,NOS,114,NTPC_PW,"{""standards"": [""IS 2705""], ""electrical"": {""voltage"": ""33KV"", ""current_rating_a"": 1}, ""models"": {""variant"": ""Variant 11""}}"
NMC-ST-STL-0008,Pinch Roll Assembly 450Nb (450Mm) Variant 11 Industrial,STRUCTURAL_STEEL,Structural Steel & Billets,Steel,NOS,143,SAIL_ST,"{""dimensions"": {""nominal_bore"": ""450NB""}, ""models"": {""variant"": ""Variant 11""}}"
NMC-MN-DRL-0012,Hydraulic Cylinder 300Nb (300Mm) Bore Mining Variant 11 Industrial,DRILLING_MINING,Drilling & Mining Tools,Mining,NOS,124,CIL_MN,"{""dimensions"": {""nominal_bore"": ""300NB""}, ""models"": {""variant"": ""Variant 11""}}"
NMC-HE-STL-0009,Precision Linear Guide 35Mm Variant 11 Industrial,STRUCTURAL_STEEL,Structural Steel & Billets,Heavy Engineering,SET,115,BHEL_HE,"{""dimensions"": {""diameter_mm"": 35.0}, ""models"": {""variant"": ""Variant 11""}}"
NMC-OG-VLV-0015,Gas Compressor Valve Plate Variant 12 Industrial,VALVES_FLOW,Valves & Flow Control,Oil & Gas,NOS,106,CPCL_OG,"{""models"": {""variant"": ""Variant 12"", ""part_number"": ""ENGINEERED""}}"
NMC-PW-TRF-0008,Numerical Relay Feeder Protection Variant 12 Industrial,TRANSFORMERS,Transformers,Power,NOS,130,NTPC_PW,"{""standards"": [""IEC 60255"", ""IEC 61850""], ""electrical"": {""voltage"": ""11KV""}, ""models"": {""variant"": ""Variant 12""}}"
NMC-ST-GSK-0017,Sinter Plant Burner Nozzle Variant 12 Industrial,GASKETS_SEALS,Gaskets & Seals,Steel,NOS,131,SAIL_ST,"{""dimensions"": {""nominal_bore"": ""50NB""}, ""models"": {""variant"": ""Variant 12""}}"
NMC-MN-PIP-0006,Dust 25NB Stainless Steel 316,PIPE_FITTINGS,Flanges & Pipe Fittings,Mining,NOS,117,CIL_MN,"{""dimensions"": {""nominal_bore"": ""25NB""}, ""material"": ""Stainless Steel 316"", ""models"": {""variant"": ""Variant 12""}}"
NMC-HE-STL-0010,Hydraulic Cylinder 160Mm Bore Variant 12 Industrial,STRUCTURAL_STEEL,Structural Steel & Billets,Heavy Engineering,NOS,119,BHEL_HE,"{""dimensions"": {""diameter_mm"": 160.0}, ""models"": {""variant"": ""Variant 12""}}"
NMC-OG-BRG-0012,Refinery Catalyst Beads 3Mm Variant 13 Industrial,BEARINGS,Bearings & Spares,Oil & Gas,KG,124,CPCL_OG,"{""dimensions"": {""diameter_mm"": 3.0}, ""models"": {""variant"": ""Variant 13""}}"
NMC-PW-TRF-0009,Power Transformer 25Mva 33 11Kv Dyn11 Variant 13 Industrial,TRANSFORMERS,Transformers,Power,NOS,131,NTPC_PW,"{""standards"": [""IS 2026""], ""electrical"": {""voltage"": ""11KV"", ""power_rating"": ""25 MVA""}, ""models"": {""variant"": ""Variant 13""}}"
NMC-ST-REF-0005,Fireclay 230x114x75 mm IS 8,REFRACTORIES,Refractories & Furnace Linings,Steel,NOS,128,SAIL_ST,"{""standards"": [""IS 8""], ""dimensions"": {""boundary_3d"": ""230x114x75 mm"", ""length_mm"": 230, ""width_mm"": 114, ""thickness_mm"": 75}, ""models"": {""variant"": ""Variant 13""}}"
NMC-MN-DRL-0013,Tricone Rock Drill Bit 8.5In Iadc Code 517 Variant 13 Industrial,DRILLING_MINING,Drilling & Mining Tools,Mining,NOS,120,CIL_MN,"{""models"": {""variant"": ""Variant 13""}}"
NMC-HE-PIP-0007,Helical Gearbox 22Kw Ratio 20:1 Variant 13 Industrial,PIPE_FITTINGS,Flanges & Pipe Fittings,Heavy Engineering,NOS,125,BHEL_HE,"{""electrical"": {""power_kw"": 22.0}, ""models"": {""variant"": ""Variant 13""}}"
NMC-OG-DRL-0014,Api Drill Collar 6.5 Inch Variant 14 Industrial,DRILLING_MINING,Drilling & Mining Tools,Oil & Gas,MTR,118,CPCL_OG,"{""models"": {""variant"": ""Variant 14""}}"
NMC-PW-SWG-0011,Vacuum Circuit Breaker 11Kv 1250A Variant 14 General,SWITCHGEAR,Insulators & Switchgear,Power,NOS,134,NTPC_PW,"{""standards"": [""IEC 62271-100""], ""electrical"": {""voltage"": ""11KV"", ""current_rating_a"": 1250}, ""models"": {""variant"": ""Variant 14""}}"
NMC-ST-STL-0011,Continuous Carbon Steel IS 2830,STRUCTURAL_STEEL,Structural Steel & Billets,Steel,MT,127,SAIL_ST,"{""standards"": [""IS 2830""], ""dimensions"": {""boundary_2d"": ""130x130 mm""}, ""material"": ""Carbon Steel"", ""models"": {""variant"": ""Variant 14""}}"
NMC-MN-LIN-0007,Manganese Jaw Crusher Liner Variant 14 Industrial,WEAR_PARTS,Wear Parts & Liners,Mining,NOS,141,CIL_MN,"{""standards"": [""ASTM A128 14""], ""dimensions"": {""diameter_mm"": 1200.0}, ""models"": {""variant"": ""Variant 14""}}"
NMC-HE-MOT-0015,Induction Motor 100Hp 6P Variant 14 Industrial,MOTORS_DRIVES,Electric Motors & Drives,Heavy Engineering,NOS,147,BHEL_HE,"{""electrical"": {""voltage"": ""415V"", ""power_hp"": 100.0}, ""models"": {""variant"": ""Variant 14""}}"
NMC-OG-MOT-0016,Explosion Proof Motor 11Kw Variant 15 Industrial,MOTORS_DRIVES,Electric Motors & Drives,Oil & Gas,NOS,109,CPCL_OG,"{""standards"": [""IEC 60079""], ""electrical"": {""voltage"": ""415V"", ""power_kw"": 11.0}, ""models"": {""variant"": ""Variant 15""}}"
NMC-PW-SWG-0012,Polymeric Rubber IEC 61109,SWITCHGEAR,Insulators & Switchgear,Power,NOS,118,NTPC_PW,"{""standards"": [""IEC 61109""], ""material"": ""Rubber"", ""electrical"": {""voltage"": ""33KV""}, ""models"": {""variant"": ""Variant 15""}}"
NMC-ST-BRG-0013,Mill Spherical Roller Bearing 500Nb (500Mm) Bore Variant 15 Industrial,BEARINGS,Bearings & Spares,Steel,NOS,114,SAIL_ST,"{""dimensions"": {""nominal_bore"": ""500NB""}, ""models"": {""variant"": ""Variant 15""}}"
NMC-MN-RPC-0007,Steel Wire Rope 6X36 Independent Wire Rope Core 24Mm Variant 15 Industrial,ROPES_CHAINS,Wire Ropes & Chains,Mining,MTR,118,CIL_MN,"{""standards"": [""IS 2266""], ""dimensions"": {""boundary_2d"": ""6x36 mm"", ""diameter_mm"": 24.0}, ""models"": {""variant"": ""Variant 15""}}"
NMC-HE-GBX-0006,Planetary Gearbox 250Kw Variant 15 Industrial,GEARBOXES,Gearboxes & Speed Reducers,Heavy Engineering,NOS,124,BHEL_HE,"{""electrical"": {""power_kw"": 250.0}, ""models"": {""variant"": ""Variant 15""}}"
NMC-OG-GSK-0018,Crude Oil Desalter Demister Pad Variant 16 Industrial,GASKETS_SEALS,Gaskets & Seals,Oil & Gas,NOS,145,CPCL_OG,"{""dimensions"": {""diameter_mm"": 1500.0}, ""material"": ""Stainless Steel 316"", ""models"": {""variant"": ""Variant 16""}}"
NMC-PW-TRF-0010,Station Class Surge Arrester 33Kv Variant 16 Industrial,TRANSFORMERS,Transformers,Power,NOS,105,NTPC_PW,"{""standards"": [""IEC 60099-4""], ""electrical"": {""voltage"": ""33KV""}, ""models"": {""variant"": ""Variant 16""}}"
NMC-ST-LIN-0008,Hadfield Manganese Steel ASTM A128 MN,WEAR_PARTS,Wear Parts & Liners,Steel,NOS,123,SAIL_ST,"{""standards"": [""ASTM A128 MN""], ""material"": ""Manganese Steel"", ""models"": {""variant"": ""Variant 16""}}"
NMC-MN-BLT-0004,Polyester Nylon Ep Conveyor Belt 1200Mm 5 Ply Variant 16 Industrial,CONVEYOR_BELTING,Conveyor & Belting,Mining,MTR,121,CIL_MN,"{""standards"": [""DIN 22102""], ""dimensions"": {""diameter_mm"": 1200.0}, ""models"": {""variant"": ""Variant 16""}}"
NMC-HE-FST-0009,High Tensile Bolt M24 Grade 10.9 Variant 16 Industrial,FASTENERS,Fasteners & Hardware,Heavy Engineering,NOS,129,BHEL_HE,"{""standards"": [""ISO 898-1""], ""grade"": ""Grade 10.9"", ""models"": {""variant"": ""Variant 16""}}"
NMC-OG-VLV-0016,Api 300NB Class 600 Carbon Steel API 6D,VALVES_FLOW,Valves & Flow Control,Oil & Gas,NOS,136,CPCL_OG,"{""standards"": [""API 6D"", ""ASTM A216 WCB""], ""pressure_class"": 600, ""dimensions"": {""nominal_bore"": ""300NB""}, ""material"": ""Carbon Steel"", ""grade"": ""Class 600"", ""models"": {""variant"": ""Variant 17""}}"
NMC-PW-CBL-0010,Aaac Aluminium IS 398,CABLES_CONDUCTORS,Cables & Conductors,Power,MTR,125,NTPC_PW,"{""standards"": [""IS 398""], ""material"": ""Aluminium"", ""electrical"": {""conductor"": ""Aluminium""}, ""models"": {""variant"": ""Variant 17""}}"
NMC-ST-GSK-0019,Basic Oxygen Furnace Tuyere Variant 17 Industrial,GASKETS_SEALS,Gaskets & Seals,Steel,NOS,112,SAIL_ST,"{""material"": ""Copper"", ""electrical"": {""conductor"": ""Copper""}, ""models"": {""variant"": ""Variant 17""}}"
NMC-MN-DRL-0015,Dth Hammer 150Nb (6Inch) Variant 17 Industrial,DRILLING_MINING,Drilling & Mining Tools,Mining,NOS,121,CIL_MN,"{""dimensions"": {""nominal_bore"": ""150NB""}, ""models"": {""variant"": ""Variant 17""}}"
NMC-HE-GBX-0007,Cnc Hydraulic Power Pack 15Kw Variant 17 Industrial,GEARBOXES,Gearboxes & Speed Reducers,Heavy Engineering,NOS,123,BHEL_HE,"{""electrical"": {""power_kw"": 15.0}, ""models"": {""variant"": ""Variant 17""}}"
NMC-OG-GSK-0020,Spiral 600NB Class 300 Stainless Steel 316 ASME B16.20,GASKETS_SEALS,Gaskets & Seals,Oil & Gas,NOS,137,CPCL_OG,"{""standards"": [""ASME B16.20""], ""pressure_class"": 300, ""dimensions"": {""nominal_bore"": ""600NB""}, ""material"": ""Stainless Steel 316"", ""grade"": ""Class 300"", ""models"": {""variant"": ""Variant 18""}}"
NMC-PW-SWG-0013,Battery Charger 220V Dc 100A Variant 18 Industrial,SWITCHGEAR,Insulators & Switchgear,Power,NOS,78,NTPC_PW,"{""electrical"": {""voltage"": ""220V"", ""current_rating_a"": 100}, ""models"": {""variant"": ""Variant 18""}}"
NMC-ST-STL-0012,Hot Strip Mill Work Roll Variant 18 Industrial,STRUCTURAL_STEEL,Structural Steel & Billets,Steel,NOS,122,SAIL_ST,"{""dimensions"": {""diameter_mm"": 900.0}, ""models"": {""variant"": ""Variant 18""}}"
NMC-MN-FST-0010,Dragline Bucket Tooth Variant 18 Industrial,FASTENERS,Fasteners & Hardware,Mining,NOS,117,CIL_MN,"{""models"": {""variant"": ""Variant 18""}}"
NMC-HE-GBX-0008,Servo Motor 5Kw 3000Rpm Variant 18 General,GEARBOXES,Gearboxes & Speed Reducers,Heavy Engineering,NOS,119,BHEL_HE,"{""electrical"": {""power_kw"": 5.0}, ""models"": {""variant"": ""Variant 18""}}"
NMC-OG-VLV-0017,Refinery 25NB Carbon Steel API 612,VALVES_FLOW,Valves & Flow Control,Oil & Gas,NOS,116,CPCL_OG,"{""standards"": [""API 612""], ""dimensions"": {""nominal_bore"": ""25NB""}, ""material"": ""Carbon Steel"", ""models"": {""variant"": ""Variant 19""}}"
NMC-PW-PMP-0005,Boiler Feed Pump Impeller Variant 19 Industrial,PUMPS_ROTATING,Pumps & Rotating Machinery,Power,NOS,139,NTPC_PW,"{""dimensions"": {""nominal_bore"": ""450NB""}, ""models"": {""variant"": ""Variant 19""}}"
NMC-ST-BRG-0014,Continuous Annealing Furnace Roller Variant 19 Industrial,BEARINGS,Bearings & Spares,Steel,NOS,149,SAIL_ST,"{""dimensions"": {""nominal_bore"": ""450NB""}, ""models"": {""variant"": ""Variant 19""}}"
NMC-MN-MOT-0017,Mine Ventilation Fan 75Kw Variant 19 Industrial,MOTORS_DRIVES,Electric Motors & Drives,Mining,NOS,124,CIL_MN,"{""electrical"": {""voltage"": ""415V"", ""power_kw"": 75.0}, ""models"": {""variant"": ""Variant 19""}}"
NMC-HE-PIP-0008,Worm Gearbox 7.5Kw Ratio 40:1 Variant 19 Industrial,PIPE_FITTINGS,Flanges & Pipe Fittings,Heavy Engineering,NOS,139,BHEL_HE,"{""electrical"": {""power_kw"": 7.5}, ""models"": {""variant"": ""Variant 19""}}"
NMC-OG-VLV-0018,Psv 50NB Class 300 Carbon Steel API 526,VALVES_FLOW,Valves & Flow Control,Oil & Gas,NOS,108,CPCL_OG,"{""standards"": [""API 526""], ""pressure_class"": 300, ""dimensions"": {""nominal_bore"": ""50NB""}, ""material"": ""Carbon Steel"", ""grade"": ""Class 300"", ""models"": {""variant"": ""Variant 20""}}"
NMC-PW-STL-0013,Generator Rotor Retaining Ring Variant 20 Industrial,STRUCTURAL_STEEL,Structural Steel & Billets,Power,NOS,121,NTPC_PW,"{""models"": {""variant"": ""Variant 20""}}"
NMC-ST-GSK-0021,Graphite 600NB Graphite,GASKETS_SEALS,Gaskets & Seals,Steel,NOS,123,SAIL_ST,"{""dimensions"": {""nominal_bore"": ""600NB""}, ""material"": ""Graphite"", ""models"": {""variant"": ""Variant 20""}}"
NMC-MN-DRL-0016,Hydraulic Rock Breaker 1.5T Variant 20 Industrial,DRILLING_MINING,Drilling & Mining Tools,Mining,NOS,129,CIL_MN,"{""models"": {""variant"": ""Variant 20""}}"
NMC-HE-BRG-0015,Machine Tool Spindle Bearing Set Variant 20 Industrial,BEARINGS,Bearings & Spares,Heavy Engineering,SET,131,BHEL_HE,"{""dimensions"": {""diameter_mm"": 70.0}, ""models"": {""variant"": ""Variant 20""}}"
NMC-PW-VLV-0019,Gate 150NB Class 300 Carbon Steel API 600,VALVES_FLOW,Valves & Flow Control,Power,NOS,633,"NTPC_PW, CPCL_OG, BHEL_HE, SAIL_ST, CIL_MN","{""standards"": [""API 600"", ""ASTM A216 WCB""], ""pressure_class"": 300, ""dimensions"": {""nominal_bore"": ""150NB""}, ""material"": ""Carbon Steel"", ""grade"": ""Class 300"", ""flange_face"": ""Raised Face (RF)"", ""end_connection"": ""Flanged""}"
NMC-ST-FST-0011,Hexagonal Bolt M16 X 80 Grade 8.8 Industrial,FASTENERS,Fasteners & Hardware,Steel,KG,595,"NTPC_PW, CPCL_OG, BHEL_HE, SAIL_ST, CIL_MN","{""standards"": [""ISO 898-1""], ""dimensions"": {""bolt_thread"": ""M16"", ""bolt_length_mm"": 80}, ""grade"": ""Grade 8.8""}"
NMC-OG-MSC-0001,Pt No 4471B Misc Spare,MISC_UNCLASSIFIED,Miscellaneous / Unclassified Spares,Oil & Gas,NOS,1,CPCL_OG,"{""models"": {""part_number"": ""4471B""}, ""is_ambiguous"": true, ""ambiguity_reason"": ""Low Information: Lacks technical specifications or recognizable equipment type""}"
NMC-OG-MSC-0002,Motor Spare,MISC_UNCLASSIFIED,Miscellaneous / Unclassified Spares,Oil & Gas,NOS,1,CPCL_OG,"{""models"": {""part_number"": ""NUMBER""}, ""is_ambiguous"": true, ""ambiguity_reason"": ""Missing Critical Attributes: Motor spare without rating, frame or part number""}"
NMC-PW-CBL-0011,Cable Copper IS 7098,CABLES_CONDUCTORS,Cables & Conductors,Power,MTR,605,"NTPC_PW, CPCL_OG, BHEL_HE, SAIL_ST, CIL_MN","{""standards"": [""IS 7098""], ""material"": ""Copper"", ""electrical"": {""voltage"": ""11KV"", ""cable_cores"": 3, ""cable_sqmm"": 400.0, ""conductor"": ""Copper"", ""insulation"": ""XLPE"", ""armoured"": true}}"
NMC-OG-BRG-0016,Bearing 60x130x31 mm ISO 15,BEARINGS,Bearings & Spares,Oil & Gas,NOS,622,"NTPC_PW, CPCL_OG, BHEL_HE, SAIL_ST, CIL_MN","{""standards"": [""ISO 15""], ""dimensions"": {""boundary_3d"": ""60x130x31 mm"", ""length_mm"": 60, ""width_mm"": 130, ""thickness_mm"": 31}, ""models"": {""part_number"": ""6312""}}"
NMC-HE-BRG-0017,Bearing 60x130x31 mm ISO 15,BEARINGS,Bearings & Spares,Heavy Engineering,NOS,685,"NTPC_PW, CPCL_OG, BHEL_HE, SAIL_ST, CIL_MN","{""standards"": [""ISO 15""], ""dimensions"": {""boundary_3d"": ""60x130x31 mm"", ""length_mm"": 60, ""width_mm"": 130, ""thickness_mm"": 31}, ""models"": {""part_number"": ""6312"", ""clearance"": ""C3""}}"
NMC-PW-MSC-0003,Pt No 4471B Misc Spare,MISC_UNCLASSIFIED,Miscellaneous / Unclassified Spares,Power,NOS,1,NTPC_PW,"{""models"": {""part_number"": ""4471B""}, ""is_ambiguous"": true, ""ambiguity_reason"": ""Low Information: Lacks technical specifications or recognizable equipment type""}"
NMC-PW-MSC-0004,Motor Spare,MISC_UNCLASSIFIED,Miscellaneous / Unclassified Spares,Power,NOS,1,NTPC_PW,"{""models"": {""part_number"": ""NUMBER""}, ""is_ambiguous"": true, ""ambiguity_reason"": ""Missing Critical Attributes: Motor spare without rating, frame or part number""}"
NMC-ST-MSC-0005,Pt No 4471B Misc Spare,MISC_UNCLASSIFIED,Miscellaneous / Unclassified Spares,Steel,NOS,1,SAIL_ST,"{""models"": {""part_number"": ""4471B""}, ""is_ambiguous"": true, ""ambiguity_reason"": ""Low Information: Lacks technical specifications or recognizable equipment type""}"
NMC-ST-MSC-0006,Motor Spare,MISC_UNCLASSIFIED,Miscellaneous / Unclassified Spares,Steel,NOS,1,SAIL_ST,"{""models"": {""part_number"": ""NUMBER""}, ""is_ambiguous"": true, ""ambiguity_reason"": ""Missing Critical Attributes: Motor spare without rating, frame or part number""}"
NMC-MN-MSC-0007,Pt No 4471B Misc Spare,MISC_UNCLASSIFIED,Miscellaneous / Unclassified Spares,Mining,NOS,1,CIL_MN,"{""models"": {""part_number"": ""4471B""}, ""is_ambiguous"": true, ""ambiguity_reason"": ""Low Information: Lacks technical specifications or recognizable equipment type""}"
NMC-MN-MSC-0008,Motor Spare,MISC_UNCLASSIFIED,Miscellaneous / Unclassified Spares,Mining,NOS,1,CIL_MN,"{""models"": {""part_number"": ""NUMBER""}, ""is_ambiguous"": true, ""ambiguity_reason"": ""Missing Critical Attributes: Motor spare without rating, frame or part number""}"
NMC-HE-MSC-0009,Pt No 4471B Misc Spare,MISC_UNCLASSIFIED,Miscellaneous / Unclassified Spares,Heavy Engineering,NOS,1,BHEL_HE,"{""models"": {""part_number"": ""4471B""}, ""is_ambiguous"": true, ""ambiguity_reason"": ""Low Information: Lacks technical specifications or recognizable equipment type""}"
NMC-HE-MSC-0010,Motor Spare,MISC_UNCLASSIFIED,Miscellaneous / Unclassified Spares,Heavy Engineering,NOS,1,BHEL_HE,"{""models"": {""part_number"": ""NUMBER""}, ""is_ambiguous"": true, ""ambiguity_reason"": ""Missing Critical Attributes: Motor spare without rating, frame or part number""}"
NMC-OG-MSC-0011,Motor Spare Store,MISC_UNCLASSIFIED,Miscellaneous / Unclassified Spares,Oil & Gas,NOS,1,CPCL_OG,"{""models"": {""part_number"": ""NUMBER""}, ""is_ambiguous"": true, ""ambiguity_reason"": ""Missing Critical Attributes: Motor spare without rating, frame or part number""}"
NMC-MN-VLV-0020,Dust 25NB Stainless Steel 316,VALVES_FLOW,Valves & Flow Control,Mining,NOS,9,CIL_MN,"{""dimensions"": {""nominal_bore"": ""25NB""}, ""material"": ""Stainless Steel 316""}"
NMC-ST-MSC-0012,Pt No 4471B Misc Spare,MISC_UNCLASSIFIED,Miscellaneous / Unclassified Spares,Steel,NOS,1,SAIL_ST,"{""models"": {""part_number"": ""4471B""}, ""is_ambiguous"": true, ""ambiguity_reason"": ""Low Information: Lacks technical specifications or recognizable equipment type""}"
NMC-ST-MSC-0013,Motor Spare,MISC_UNCLASSIFIED,Miscellaneous / Unclassified Spares,Steel,NOS,1,SAIL_ST,"{""models"": {""part_number"": ""NUMBER""}, ""is_ambiguous"": true, ""ambiguity_reason"": ""Missing Critical Attributes: Motor spare without rating, frame or part number""}"
NMC-MN-DRL-0017,Hydraulic Rock Breaker 1.5T Oem,DRILLING_MINING,Drilling & Mining Tools,Mining,NOS,4,CIL_MN,{}
NMC-HE-MSC-0014,Motor Spare Rev-B,MISC_UNCLASSIFIED,Miscellaneous / Unclassified Spares,Heavy Engineering,NOS,1,BHEL_HE,"{""models"": {""part_number"": ""NUMBER""}, ""is_ambiguous"": true, ""ambiguity_reason"": ""Missing Critical Attributes: Motor spare without rating, frame or part number""}"
NMC-OG-MSC-0015,Pt No 4471B Misc Spare,MISC_UNCLASSIFIED,Miscellaneous / Unclassified Spares,Oil & Gas,NOS,1,CPCL_OG,"{""models"": {""part_number"": ""4471B""}, ""is_ambiguous"": true, ""ambiguity_reason"": ""Low Information: Lacks technical specifications or recognizable equipment type""}"
NMC-OG-MSC-0016,Motor Spare,MISC_UNCLASSIFIED,Miscellaneous / Unclassified Spares,Oil & Gas,NOS,1,CPCL_OG,"{""models"": {""part_number"": ""NUMBER""}, ""is_ambiguous"": true, ""ambiguity_reason"": ""Missing Critical Attributes: Motor spare without rating, frame or part number""}"
NMC-ST-MSC-0017,Pt No 4471B Misc Spare,MISC_UNCLASSIFIED,Miscellaneous / Unclassified Spares,Steel,NOS,1,SAIL_ST,"{""models"": {""part_number"": ""4471B""}, ""is_ambiguous"": true, ""ambiguity_reason"": ""Low Information: Lacks technical specifications or recognizable equipment type""}"
NMC-HE-TRF-0011,Ac Drive 75Kw 415V Variant 09 Maint,TRANSFORMERS,Transformers,Heavy Engineering,NOS,2,BHEL_HE,"{""standards"": [""IEC 61800""], ""electrical"": {""voltage"": ""415V"", ""power_kw"": 75.0}, ""models"": {""variant"": ""Variant 09""}}"
NMC-HE-GBX-0009,Hydraulic Hose 3 100Nb (4Inch) 2-Wire Rev-A,GEARBOXES,Gearboxes & Speed Reducers,Heavy Engineering,MTR,22,"NTPC_PW, CPCL_OG, CIL_MN, BHEL_HE","{""dimensions"": {""nominal_bore"": ""100NB""}}"
NMC-MN-MSC-0018,Motor Spare,MISC_UNCLASSIFIED,Miscellaneous / Unclassified Spares,Mining,NOS,1,CIL_MN,"{""models"": {""part_number"": ""NUMBER""}, ""is_ambiguous"": true, ""ambiguity_reason"": ""Missing Critical Attributes: Motor spare without rating, frame or part number""}"
NMC-OG-MSC-0019,Pt No 4471B Misc Spare,MISC_UNCLASSIFIED,Miscellaneous / Unclassified Spares,Oil & Gas,NOS,1,CPCL_OG,"{""models"": {""part_number"": ""4471B""}, ""is_ambiguous"": true, ""ambiguity_reason"": ""Low Information: Lacks technical specifications or recognizable equipment type""}"
NMC-OG-MSC-0020,Motor Spare,MISC_UNCLASSIFIED,Miscellaneous / Unclassified Spares,Oil & Gas,NOS,1,CPCL_OG,"{""models"": {""part_number"": ""NUMBER""}, ""is_ambiguous"": true, ""ambiguity_reason"": ""Missing Critical Attributes: Motor spare without rating, frame or part number""}"
NMC-PW-MSC-0021,Motor Spare Maint,MISC_UNCLASSIFIED,Miscellaneous / Unclassified Spares,Power,NOS,1,NTPC_PW,"{""models"": {""part_number"": ""NUMBER""}, ""is_ambiguous"": true, ""ambiguity_reason"": ""Missing Critical Attributes: Motor spare without rating, frame or part number""}"
NMC-PW-MSC-0022,Pt No 4471B Misc Spare Rev-A,MISC_UNCLASSIFIED,Miscellaneous / Unclassified Spares,Power,NOS,1,NTPC_PW,"{""models"": {""part_number"": ""4471B""}, ""is_ambiguous"": true, ""ambiguity_reason"": ""Low Information: Lacks technical specifications or recognizable equipment type""}"
NMC-PW-FST-0012,Hydraulic Hose 25Nb (1Inch) 2-Wire Industrial,FASTENERS,Fasteners & Hardware,Power,MTR,72,"NTPC_PW, CPCL_OG, BHEL_HE, SAIL_ST, CIL_MN","{""dimensions"": {""nominal_bore"": ""25NB""}}"
NMC-OG-MSC-0023,Motor Spare Oem,MISC_UNCLASSIFIED,Miscellaneous / Unclassified Spares,Oil & Gas,NOS,1,CPCL_OG,"{""models"": {""part_number"": ""NUMBER""}, ""is_ambiguous"": true, ""ambiguity_reason"": ""Missing Critical Attributes: Motor spare without rating, frame or part number""}"
NMC-MN-MSC-0024,Motor Spare,MISC_UNCLASSIFIED,Miscellaneous / Unclassified Spares,Mining,NOS,1,CIL_MN,"{""models"": {""part_number"": ""NUMBER""}, ""is_ambiguous"": true, ""ambiguity_reason"": ""Missing Critical Attributes: Motor spare without rating, frame or part number""}"
NMC-OG-MSC-0025,Pt No 4471B Misc Spare Plant,MISC_UNCLASSIFIED,Miscellaneous / Unclassified Spares,Oil & Gas,NOS,1,CPCL_OG,"{""models"": {""part_number"": ""4471B""}, ""is_ambiguous"": true, ""ambiguity_reason"": ""Low Information: Lacks technical specifications or recognizable equipment type""}"
NMC-MN-MSC-0026,Motor Spare Maint,MISC_UNCLASSIFIED,Miscellaneous / Unclassified Spares,Mining,NOS,1,CIL_MN,"{""models"": {""part_number"": ""NUMBER""}, ""is_ambiguous"": true, ""ambiguity_reason"": ""Missing Critical Attributes: Motor spare without rating, frame or part number""}"
NMC-MN-MSC-0027,Pt No 4471B Misc Spare,MISC_UNCLASSIFIED,Miscellaneous / Unclassified Spares,Mining,NOS,1,CIL_MN,"{""models"": {""part_number"": ""4471B""}, ""is_ambiguous"": true, ""ambiguity_reason"": ""Low Information: Lacks technical specifications or recognizable equipment type""}"
NMC-MN-MSC-0028,Motor Spare,MISC_UNCLASSIFIED,Miscellaneous / Unclassified Spares,Mining,NOS,1,CIL_MN,"{""models"": {""part_number"": ""NUMBER""}, ""is_ambiguous"": true, ""ambiguity_reason"": ""Missing Critical Attributes: Motor spare without rating, frame or part number""}"
NMC-HE-MSC-0029,Pt No 4471B Misc Spare,MISC_UNCLASSIFIED,Miscellaneous / Unclassified Spares,Heavy Engineering,NOS,1,BHEL_HE,"{""models"": {""part_number"": ""4471B""}, ""is_ambiguous"": true, ""ambiguity_reason"": ""Low Information: Lacks technical specifications or recognizable equipment type""}"
NMC-OG-MSC-0030,Pt No 4471B Misc Spare,MISC_UNCLASSIFIED,Miscellaneous / Unclassified Spares,Oil & Gas,NOS,1,CPCL_OG,"{""models"": {""part_number"": ""4471B""}, ""is_ambiguous"": true, ""ambiguity_reason"": ""Low Information: Lacks technical specifications or recognizable equipment type""}"
NMC-ST-MSC-0031,Motor Spare,MISC_UNCLASSIFIED,Miscellaneous / Unclassified Spares,Steel,NOS,1,SAIL_ST,"{""models"": {""part_number"": ""NUMBER""}, ""is_ambiguous"": true, ""ambiguity_reason"": ""Missing Critical Attributes: Motor spare without rating, frame or part number""}"
NMC-MN-LIN-0009,Dth Hammer 150Nb (6Inch) Plant,WEAR_PARTS,Wear Parts & Liners,Mining,NOS,8,CIL_MN,"{""dimensions"": {""nominal_bore"": ""150NB""}}"
NMC-MN-MSC-0032,Pt No 4471B Misc Spare Industrial,MISC_UNCLASSIFIED,Miscellaneous / Unclassified Spares,Mining,NOS,1,CIL_MN,"{""models"": {""part_number"": ""4471B""}, ""is_ambiguous"": true, ""ambiguity_reason"": ""Low Information: Lacks technical specifications or recognizable equipment type""}"
NMC-OG-VLV-0021,Gas Compressor Valve Plate Rev-A,VALVES_FLOW,Valves & Flow Control,Oil & Gas,NOS,6,CPCL_OG,{}
NMC-MN-MSC-0033,Motor Spare,MISC_UNCLASSIFIED,Miscellaneous / Unclassified Spares,Mining,NOS,1,CIL_MN,"{""models"": {""part_number"": ""NUMBER""}, ""is_ambiguous"": true, ""ambiguity_reason"": ""Missing Critical Attributes: Motor spare without rating, frame or part number""}"
NMC-MN-MSC-0034,Motor Spare Rev-A,MISC_UNCLASSIFIED,Miscellaneous / Unclassified Spares,Mining,NOS,1,CIL_MN,"{""models"": {""part_number"": ""NUMBER""}, ""is_ambiguous"": true, ""ambiguity_reason"": ""Missing Critical Attributes: Motor spare without rating, frame or part number""}"
NMC-PW-MSC-0035,Motor Spare,MISC_UNCLASSIFIED,Miscellaneous / Unclassified Spares,Power,NOS,1,NTPC_PW,"{""models"": {""part_number"": ""NUMBER""}, ""is_ambiguous"": true, ""ambiguity_reason"": ""Missing Critical Attributes: Motor spare without rating, frame or part number""}"
NMC-OG-MSC-0036,Pt No 4471B Misc Spare,MISC_UNCLASSIFIED,Miscellaneous / Unclassified Spares,Oil & Gas,NOS,1,CPCL_OG,"{""models"": {""part_number"": ""4471B""}, ""is_ambiguous"": true, ""ambiguity_reason"": ""Low Information: Lacks technical specifications or recognizable equipment type""}"
NMC-HE-MSC-0037,Motor Spare Oem,MISC_UNCLASSIFIED,Miscellaneous / Unclassified Spares,Heavy Engineering,NOS,1,BHEL_HE,"{""models"": {""part_number"": ""NUMBER""}, ""is_ambiguous"": true, ""ambiguity_reason"": ""Missing Critical Attributes: Motor spare without rating, frame or part number""}"
NMC-ST-MSC-0038,Pt No 4471B Misc Spare,MISC_UNCLASSIFIED,Miscellaneous / Unclassified Spares,Steel,NOS,1,SAIL_ST,"{""models"": {""part_number"": ""4471B""}, ""is_ambiguous"": true, ""ambiguity_reason"": ""Low Information: Lacks technical specifications or recognizable equipment type""}"
NMC-OG-TRF-0012,Ac Contactor 32A 415V General,TRANSFORMERS,Transformers,Oil & Gas,NOS,153,"NTPC_PW, CPCL_OG, BHEL_HE, SAIL_ST, CIL_MN","{""standards"": [""IEC 60947-4""], ""electrical"": {""voltage"": ""415V"", ""current_rating_a"": 32}}"
NMC-ST-MSC-0039,Motor Spare,MISC_UNCLASSIFIED,Miscellaneous / Unclassified Spares,Steel,NOS,1,SAIL_ST,"{""models"": {""part_number"": ""NUMBER""}, ""is_ambiguous"": true, ""ambiguity_reason"": ""Missing Critical Attributes: Motor spare without rating, frame or part number""}"
NMC-PW-MSC-0040,Pt No 4471B Misc Spare,MISC_UNCLASSIFIED,Miscellaneous / Unclassified Spares,Power,NOS,1,NTPC_PW,"{""models"": {""part_number"": ""4471B""}, ""is_ambiguous"": true, ""ambiguity_reason"": ""Low Information: Lacks technical specifications or recognizable equipment type""}"
NMC-HE-MSC-0041,Pt No 4471B Misc Spare,MISC_UNCLASSIFIED,Miscellaneous / Unclassified Spares,Heavy Engineering,NOS,1,BHEL_HE,"{""models"": {""part_number"": ""4471B""}, ""is_ambiguous"": true, ""ambiguity_reason"": ""Low Information: Lacks technical specifications or recognizable equipment type""}"
NMC-PW-MSC-0042,Pt No 4471B Misc Spare Oem,MISC_UNCLASSIFIED,Miscellaneous / Unclassified Spares,Power,NOS,1,NTPC_PW,"{""models"": {""part_number"": ""4471B""}, ""is_ambiguous"": true, ""ambiguity_reason"": ""Low Information: Lacks technical specifications or recognizable equipment type""}"
NMC-ST-MSC-0043,Motor Spare,MISC_UNCLASSIFIED,Miscellaneous / Unclassified Spares,Steel,NOS,1,SAIL_ST,"{""models"": {""part_number"": ""NUMBER""}, ""is_ambiguous"": true, ""ambiguity_reason"": ""Missing Critical Attributes: Motor spare without rating, frame or part number""}"
NMC-OG-DRL-0018,Hydraulic Hose 3 100Nb (4Inch) 2-Wire General,DRILLING_MINING,Drilling & Mining Tools,Oil & Gas,MTR,61,"NTPC_PW, CPCL_OG, BHEL_HE, SAIL_ST, CIL_MN","{""dimensions"": {""nominal_bore"": ""100NB""}}"
NMC-PW-MSC-0044,Pt No 4471B Misc Spare Store,MISC_UNCLASSIFIED,Miscellaneous / Unclassified Spares,Power,NOS,1,NTPC_PW,"{""models"": {""part_number"": ""4471B""}, ""is_ambiguous"": true, ""ambiguity_reason"": ""Low Information: Lacks technical specifications or recognizable equipment type""}"
NMC-ST-MSC-0045,Motor Spare,MISC_UNCLASSIFIED,Miscellaneous / Unclassified Spares,Steel,NOS,1,SAIL_ST,"{""models"": {""part_number"": ""NUMBER""}, ""is_ambiguous"": true, ""ambiguity_reason"": ""Missing Critical Attributes: Motor spare without rating, frame or part number""}"
NMC-PW-TRF-0013,Ct 33Kv 200 1A Class 0.2S Industrial,TRANSFORMERS,Transformers,Power,NOS,41,NTPC_PW,"{""standards"": [""IS 2705""], ""electrical"": {""voltage"": ""33KV"", ""current_rating_a"": 1}}"
NMC-MN-MSC-0046,Motor Spare Store,MISC_UNCLASSIFIED,Miscellaneous / Unclassified Spares,Mining,NOS,1,CIL_MN,"{""models"": {""part_number"": ""NUMBER""}, ""is_ambiguous"": true, ""ambiguity_reason"": ""Missing Critical Attributes: Motor spare without rating, frame or part number""}"
NMC-MN-REF-0006,Mine Ventilation Fan 75Kw General,REFRACTORIES,Refractories & Furnace Linings,Mining,NOS,9,CIL_MN,"{""electrical"": {""voltage"": ""415V"", ""power_kw"": 75.0}}"
NMC-ST-MSC-0047,Motor Spare,MISC_UNCLASSIFIED,Miscellaneous / Unclassified Spares,Steel,NOS,1,SAIL_ST,"{""models"": {""part_number"": ""NUMBER""}, ""is_ambiguous"": true, ""ambiguity_reason"": ""Missing Critical Attributes: Motor spare without rating, frame or part number""}"
NMC-OG-DRL-0019,Api Drill Collar 6.5 Inch General,DRILLING_MINING,Drilling & Mining Tools,Oil & Gas,MTR,8,CPCL_OG,{}
NMC-OG-MSC-0048,Pt No 4471B Misc Spare,MISC_UNCLASSIFIED,Miscellaneous / Unclassified Spares,Oil & Gas,NOS,1,CPCL_OG,"{""models"": {""part_number"": ""4471B""}, ""is_ambiguous"": true, ""ambiguity_reason"": ""Low Information: Lacks technical specifications or recognizable equipment type""}"
NMC-MN-GBX-0010,Hydraulic Hose 25Nb (1Inch) 2-Wire Rev-B,GEARBOXES,Gearboxes & Speed Reducers,Mining,MTR,34,"NTPC_PW, CPCL_OG, BHEL_HE, SAIL_ST, CIL_MN","{""dimensions"": {""nominal_bore"": ""25NB""}}"
NMC-MN-MSC-0049,Motor Spare,MISC_UNCLASSIFIED,Miscellaneous / Unclassified Spares,Mining,NOS,1,CIL_MN,"{""models"": {""part_number"": ""NUMBER""}, ""is_ambiguous"": true, ""ambiguity_reason"": ""Missing Critical Attributes: Motor spare without rating, frame or part number""}"
NMC-PW-MSC-0050,Pt No 4471B Misc Spare,MISC_UNCLASSIFIED,Miscellaneous / Unclassified Spares,Power,NOS,1,NTPC_PW,"{""models"": {""part_number"": ""4471B""}, ""is_ambiguous"": true, ""ambiguity_reason"": ""Low Information: Lacks technical specifications or recognizable equipment type""}"
NMC-HE-MSC-0051,Motor Spare Std,MISC_UNCLASSIFIED,Miscellaneous / Unclassified Spares,Heavy Engineering,NOS,1,BHEL_HE,"{""models"": {""part_number"": ""NUMBER""}, ""is_ambiguous"": true, ""ambiguity_reason"": ""Missing Critical Attributes: Motor spare without rating, frame or part number""}"
NMC-OG-MOT-0018,Explosion Proof Motor 11Kw Plant,MOTORS_DRIVES,Electric Motors & Drives,Oil & Gas,NOS,4,CPCL_OG,"{""standards"": [""IEC 60079""], ""electrical"": {""voltage"": ""415V"", ""power_kw"": 11.0}}"
NMC-HE-GBX-0011,Precision Linear Guide 35Mm Plant,GEARBOXES,Gearboxes & Speed Reducers,Heavy Engineering,SET,21,BHEL_HE,"{""dimensions"": {""diameter_mm"": 35.0}}"
NMC-OG-MSC-0052,Pt No 4471B Misc Spare,MISC_UNCLASSIFIED,Miscellaneous / Unclassified Spares,Oil & Gas,NOS,1,CPCL_OG,"{""models"": {""part_number"": ""4471B""}, ""is_ambiguous"": true, ""ambiguity_reason"": ""Low Information: Lacks technical specifications or recognizable equipment type""}"
NMC-MN-LIN-0010,Dth Hammer 150Nb (6Inch) Variant 05 Plant,WEAR_PARTS,Wear Parts & Liners,Mining,NOS,7,CIL_MN,"{""dimensions"": {""nominal_bore"": ""150NB""}, ""models"": {""variant"": ""Variant 05""}}"
NMC-HE-MSC-0053,Motor Spare Plant,MISC_UNCLASSIFIED,Miscellaneous / Unclassified Spares,Heavy Engineering,NOS,1,BHEL_HE,"{""models"": {""part_number"": ""NUMBER""}, ""is_ambiguous"": true, ""ambiguity_reason"": ""Missing Critical Attributes: Motor spare without rating, frame or part number""}"
NMC-OG-MSC-0054,Motor Spare Industrial,MISC_UNCLASSIFIED,Miscellaneous / Unclassified Spares,Oil & Gas,NOS,1,CPCL_OG,"{""models"": {""part_number"": ""NUMBER""}, ""is_ambiguous"": true, ""ambiguity_reason"": ""Missing Critical Attributes: Motor spare without rating, frame or part number""}"
NMC-OG-MSC-0055,Pt No 4471B Misc Spare,MISC_UNCLASSIFIED,Miscellaneous / Unclassified Spares,Oil & Gas,NOS,1,CPCL_OG,"{""models"": {""part_number"": ""4471B""}, ""is_ambiguous"": true, ""ambiguity_reason"": ""Low Information: Lacks technical specifications or recognizable equipment type""}"
NMC-MN-DRL-0020,Hydraulic Rock Breaker 1.5T General,DRILLING_MINING,Drilling & Mining Tools,Mining,NOS,4,CIL_MN,{}
NMC-HE-MSC-0056,Pt No 4471B Misc Spare,MISC_UNCLASSIFIED,Miscellaneous / Unclassified Spares,Heavy Engineering,NOS,1,BHEL_HE,"{""models"": {""part_number"": ""4471B""}, ""is_ambiguous"": true, ""ambiguity_reason"": ""Low Information: Lacks technical specifications or recognizable equipment type""}"
NMC-HE-MSC-0057,Motor Spare Store,MISC_UNCLASSIFIED,Miscellaneous / Unclassified Spares,Heavy Engineering,NOS,1,BHEL_HE,"{""models"": {""part_number"": ""NUMBER""}, ""is_ambiguous"": true, ""ambiguity_reason"": ""Missing Critical Attributes: Motor spare without rating, frame or part number""}"
NMC-MN-MSC-0058,Motor Spare,MISC_UNCLASSIFIED,Miscellaneous / Unclassified Spares,Mining,NOS,1,CIL_MN,"{""models"": {""part_number"": ""NUMBER""}, ""is_ambiguous"": true, ""ambiguity_reason"": ""Missing Critical Attributes: Motor spare without rating, frame or part number""}"
NMC-ST-MSC-0059,Pt No 4471B Misc Spare,MISC_UNCLASSIFIED,Miscellaneous / Unclassified Spares,Steel,NOS,1,SAIL_ST,"{""models"": {""part_number"": ""4471B""}, ""is_ambiguous"": true, ""ambiguity_reason"": ""Low Information: Lacks technical specifications or recognizable equipment type""}"
NMC-OG-MSC-0060,Pt No 4471B Misc Spare,MISC_UNCLASSIFIED,Miscellaneous / Unclassified Spares,Oil & Gas,NOS,1,CPCL_OG,"{""models"": {""part_number"": ""4471B""}, ""is_ambiguous"": true, ""ambiguity_reason"": ""Low Information: Lacks technical specifications or recognizable equipment type""}"
NMC-PW-TRF-0014,Battery Charger 220V Dc 100A Variant 18 General,TRANSFORMERS,Transformers,Power,NOS,26,NTPC_PW,"{""electrical"": {""voltage"": ""220V"", ""current_rating_a"": 100}, ""models"": {""variant"": ""Variant 18""}}"
NMC-OG-VLV-0022,Gas Compressor Valve Plate Industrial,VALVES_FLOW,Valves & Flow Control,Oil & Gas,NOS,3,CPCL_OG,{}
NMC-HE-MOT-0019,Servo Motor 5Kw 3000Rpm Variant 18 Industrial,MOTORS_DRIVES,Electric Motors & Drives,Heavy Engineering,NOS,22,BHEL_HE,"{""electrical"": {""power_kw"": 5.0}, ""models"": {""variant"": ""Variant 18""}}"
NMC-MN-MSC-0061,Pt No 4471B Misc Spare Rev-A,MISC_UNCLASSIFIED,Miscellaneous / Unclassified Spares,Mining,NOS,1,CIL_MN,"{""models"": {""part_number"": ""4471B""}, ""is_ambiguous"": true, ""ambiguity_reason"": ""Low Information: Lacks technical specifications or recognizable equipment type""}"
NMC-ST-MSC-0062,Pt No 4471B Misc Spare Oem,MISC_UNCLASSIFIED,Miscellaneous / Unclassified Spares,Steel,NOS,1,SAIL_ST,"{""models"": {""part_number"": ""4471B""}, ""is_ambiguous"": true, ""ambiguity_reason"": ""Low Information: Lacks technical specifications or recognizable equipment type""}"
NMC-OG-VLV-0023,Gas Compressor Valve Plate Store,VALVES_FLOW,Valves & Flow Control,Oil & Gas,NOS,9,CPCL_OG,{}
NMC-MN-LIN-0011,Dth Hammer 150Nb (6Inch) Variant 17 Plant,WEAR_PARTS,Wear Parts & Liners,Mining,NOS,8,CIL_MN,"{""dimensions"": {""nominal_bore"": ""150NB""}, ""models"": {""variant"": ""Variant 17""}}"
NMC-HE-MSC-0063,Motor Spare Plant,MISC_UNCLASSIFIED,Miscellaneous / Unclassified Spares,Heavy Engineering,NOS,1,BHEL_HE,"{""models"": {""part_number"": ""NUMBER""}, ""is_ambiguous"": true, ""ambiguity_reason"": ""Missing Critical Attributes: Motor spare without rating, frame or part number""}"
NMC-MN-MSC-0064,Pt No 4471B Misc Spare Oem,MISC_UNCLASSIFIED,Miscellaneous / Unclassified Spares,Mining,NOS,1,CIL_MN,"{""models"": {""part_number"": ""4471B""}, ""is_ambiguous"": true, ""ambiguity_reason"": ""Low Information: Lacks technical specifications or recognizable equipment type""}"
NMC-OG-MSC-0065,Motor Spare,MISC_UNCLASSIFIED,Miscellaneous / Unclassified Spares,Oil & Gas,NOS,1,CPCL_OG,"{""models"": {""part_number"": ""NUMBER""}, ""is_ambiguous"": true, ""ambiguity_reason"": ""Missing Critical Attributes: Motor spare without rating, frame or part number""}"
NMC-OG-MSC-0066,Pt No 4471B Misc Spare Rev-A,MISC_UNCLASSIFIED,Miscellaneous / Unclassified Spares,Oil & Gas,NOS,1,CPCL_OG,"{""models"": {""part_number"": ""4471B""}, ""is_ambiguous"": true, ""ambiguity_reason"": ""Low Information: Lacks technical specifications or recognizable equipment type""}"
NMC-PW-TRF-0015,Ct 33Kv 200 1A Class 0.2S Variant 11 Plant,TRANSFORMERS,Transformers,Power,NOS,10,NTPC_PW,"{""standards"": [""IS 2705""], ""electrical"": {""voltage"": ""33KV"", ""current_rating_a"": 1}, ""models"": {""variant"": ""Variant 11""}}"
NMC-OG-DRL-0021,Api Drill Collar 6.5 Inch Plant,DRILLING_MINING,Drilling & Mining Tools,Oil & Gas,MTR,4,CPCL_OG,{}
NMC-MN-MSC-0067,Motor Spare,MISC_UNCLASSIFIED,Miscellaneous / Unclassified Spares,Mining,NOS,1,CIL_MN,"{""models"": {""part_number"": ""NUMBER""}, ""is_ambiguous"": true, ""ambiguity_reason"": ""Missing Critical Attributes: Motor spare without rating, frame or part number""}"
NMC-PW-MSC-0068,Pt No 4471B Misc Spare,MISC_UNCLASSIFIED,Miscellaneous / Unclassified Spares,Power,NOS,1,NTPC_PW,"{""models"": {""part_number"": ""4471B""}, ""is_ambiguous"": true, ""ambiguity_reason"": ""Low Information: Lacks technical specifications or recognizable equipment type""}"
NMC-OG-MSC-0069,Pt No 4471B Misc Spare,MISC_UNCLASSIFIED,Miscellaneous / Unclassified Spares,Oil & Gas,NOS,1,CPCL_OG,"{""models"": {""part_number"": ""4471B""}, ""is_ambiguous"": true, ""ambiguity_reason"": ""Low Information: Lacks technical specifications or recognizable equipment type""}"
NMC-MN-MSC-0070,Pt No 4471B Misc Spare Industrial,MISC_UNCLASSIFIED,Miscellaneous / Unclassified Spares,Mining,NOS,1,CIL_MN,"{""models"": {""part_number"": ""4471B""}, ""is_ambiguous"": true, ""ambiguity_reason"": ""Low Information: Lacks technical specifications or recognizable equipment type""}"
NMC-HE-MSC-0071,Motor Spare,MISC_UNCLASSIFIED,Miscellaneous / Unclassified Spares,Heavy Engineering,NOS,1,BHEL_HE,"{""models"": {""part_number"": ""NUMBER""}, ""is_ambiguous"": true, ""ambiguity_reason"": ""Missing Critical Attributes: Motor spare without rating, frame or part number""}"
NMC-PW-STL-0014,Generator Rotor Retaining Ring Maint,STRUCTURAL_STEEL,Structural Steel & Billets,Power,NOS,7,NTPC_PW,{}
NMC-MN-MSC-0072,Pt No 4471B Misc Spare Std,MISC_UNCLASSIFIED,Miscellaneous / Unclassified Spares,Mining,NOS,1,CIL_MN,"{""models"": {""part_number"": ""4471B""}, ""is_ambiguous"": true, ""ambiguity_reason"": ""Low Information: Lacks technical specifications or recognizable equipment type""}"
NMC-HE-SWG-0014,Ac Drive 75Kw 415V Variant 09 Std,SWITCHGEAR,Insulators & Switchgear,Heavy Engineering,NOS,5,BHEL_HE,"{""standards"": [""IEC 61800""], ""electrical"": {""voltage"": ""415V"", ""power_kw"": 75.0}, ""models"": {""variant"": ""Variant 09""}}"
NMC-MN-GBX-0012,Dust 25NB Stainless Steel 316,GEARBOXES,Gearboxes & Speed Reducers,Mining,NOS,17,CIL_MN,"{""dimensions"": {""nominal_bore"": ""25NB""}, ""material"": ""Stainless Steel 316""}"
NMC-HE-MSC-0073,Motor Spare,MISC_UNCLASSIFIED,Miscellaneous / Unclassified Spares,Heavy Engineering,NOS,1,BHEL_HE,"{""models"": {""part_number"": ""NUMBER""}, ""is_ambiguous"": true, ""ambiguity_reason"": ""Missing Critical Attributes: Motor spare without rating, frame or part number""}"
NMC-PW-MSC-0074,Pt No 4471B Misc Spare,MISC_UNCLASSIFIED,Miscellaneous / Unclassified Spares,Power,NOS,1,NTPC_PW,"{""models"": {""part_number"": ""4471B""}, ""is_ambiguous"": true, ""ambiguity_reason"": ""Low Information: Lacks technical specifications or recognizable equipment type""}"
NMC-MN-GSK-0022,Dust 25NB Stainless Steel 316,GASKETS_SEALS,Gaskets & Seals,Mining,NOS,4,CIL_MN,"{""dimensions"": {""nominal_bore"": ""25NB""}, ""material"": ""Stainless Steel 316""}"
NMC-MN-MSC-0075,Motor Spare,MISC_UNCLASSIFIED,Miscellaneous / Unclassified Spares,Mining,NOS,1,CIL_MN,"{""models"": {""part_number"": ""NUMBER""}, ""is_ambiguous"": true, ""ambiguity_reason"": ""Missing Critical Attributes: Motor spare without rating, frame or part number""}"
NMC-MN-MSC-0076,Pt No 4471B Misc Spare,MISC_UNCLASSIFIED,Miscellaneous / Unclassified Spares,Mining,NOS,1,CIL_MN,"{""models"": {""part_number"": ""4471B""}, ""is_ambiguous"": true, ""ambiguity_reason"": ""Low Information: Lacks technical specifications or recognizable equipment type""}"
NMC-OG-MSC-0077,Motor Spare,MISC_UNCLASSIFIED,Miscellaneous / Unclassified Spares,Oil & Gas,NOS,1,CPCL_OG,"{""models"": {""part_number"": ""NUMBER""}, ""is_ambiguous"": true, ""ambiguity_reason"": ""Missing Critical Attributes: Motor spare without rating, frame or part number""}"
NMC-ST-MSC-0078,Motor Spare,MISC_UNCLASSIFIED,Miscellaneous / Unclassified Spares,Steel,NOS,1,SAIL_ST,"{""models"": {""part_number"": ""NUMBER""}, ""is_ambiguous"": true, ""ambiguity_reason"": ""Missing Critical Attributes: Motor spare without rating, frame or part number""}"
NMC-PW-MSC-0079,Pt No 4471B Misc Spare,MISC_UNCLASSIFIED,Miscellaneous / Unclassified Spares,Power,NOS,1,NTPC_PW,"{""models"": {""part_number"": ""4471B""}, ""is_ambiguous"": true, ""ambiguity_reason"": ""Low Information: Lacks technical specifications or recognizable equipment type""}"
NMC-ST-MSC-0080,Motor Spare,MISC_UNCLASSIFIED,Miscellaneous / Unclassified Spares,Steel,NOS,1,SAIL_ST,"{""models"": {""part_number"": ""NUMBER""}, ""is_ambiguous"": true, ""ambiguity_reason"": ""Missing Critical Attributes: Motor spare without rating, frame or part number""}"
NMC-HE-MSC-0081,Motor Spare Oem,MISC_UNCLASSIFIED,Miscellaneous / Unclassified Spares,Heavy Engineering,NOS,1,BHEL_HE,"{""models"": {""part_number"": ""NUMBER""}, ""is_ambiguous"": true, ""ambiguity_reason"": ""Missing Critical Attributes: Motor spare without rating, frame or part number""}"
NMC-MN-MSC-0082,Motor Spare,MISC_UNCLASSIFIED,Miscellaneous / Unclassified Spares,Mining,NOS,1,CIL_MN,"{""models"": {""part_number"": ""NUMBER""}, ""is_ambiguous"": true, ""ambiguity_reason"": ""Missing Critical Attributes: Motor spare without rating, frame or part number""}"
NMC-HE-MSC-0083,Pt No 4471B Misc Spare,MISC_UNCLASSIFIED,Miscellaneous / Unclassified Spares,Heavy Engineering,NOS,1,BHEL_HE,"{""models"": {""part_number"": ""4471B""}, ""is_ambiguous"": true, ""ambiguity_reason"": ""Low Information: Lacks technical specifications or recognizable equipment type""}"
NMC-PW-FST-0013,Generator Rotor Retaining Ring Variant 08 Industrial,FASTENERS,Fasteners & Hardware,Power,NOS,22,NTPC_PW,"{""models"": {""variant"": ""Variant 08""}}"
NMC-ST-MSC-0084,Motor Spare Maint,MISC_UNCLASSIFIED,Miscellaneous / Unclassified Spares,Steel,NOS,1,SAIL_ST,"{""models"": {""part_number"": ""NUMBER""}, ""is_ambiguous"": true, ""ambiguity_reason"": ""Missing Critical Attributes: Motor spare without rating, frame or part number""}"
NMC-PW-MSC-0085,Pt No 4471B Misc Spare,MISC_UNCLASSIFIED,Miscellaneous / Unclassified Spares,Power,NOS,1,NTPC_PW,"{""models"": {""part_number"": ""4471B""}, ""is_ambiguous"": true, ""ambiguity_reason"": ""Low Information: Lacks technical specifications or recognizable equipment type""}"
NMC-HE-MSC-0086,Pt No 4471B Misc Spare,MISC_UNCLASSIFIED,Miscellaneous / Unclassified Spares,Heavy Engineering,NOS,1,BHEL_HE,"{""models"": {""part_number"": ""4471B""}, ""is_ambiguous"": true, ""ambiguity_reason"": ""Low Information: Lacks technical specifications or recognizable equipment type""}"
NMC-HE-MSC-0087,Pt No 4471B Misc Spare General,MISC_UNCLASSIFIED,Miscellaneous / Unclassified Spares,Heavy Engineering,NOS,1,BHEL_HE,"{""models"": {""part_number"": ""4471B""}, ""is_ambiguous"": true, ""ambiguity_reason"": ""Low Information: Lacks technical specifications or recognizable equipment type""}"
NMC-OG-MSC-0088,Motor Spare General,MISC_UNCLASSIFIED,Miscellaneous / Unclassified Spares,Oil & Gas,NOS,1,CPCL_OG,"{""models"": {""part_number"": ""NUMBER""}, ""is_ambiguous"": true, ""ambiguity_reason"": ""Missing Critical Attributes: Motor spare without rating, frame or part number""}"
NMC-MN-MSC-0089,Motor Spare Hd,MISC_UNCLASSIFIED,Miscellaneous / Unclassified Spares,Mining,NOS,1,CIL_MN,"{""models"": {""part_number"": ""NUMBER""}, ""is_ambiguous"": true, ""ambiguity_reason"": ""Missing Critical Attributes: Motor spare without rating, frame or part number""}"
NMC-PW-MSC-0090,Pt No 4471B Misc Spare,MISC_UNCLASSIFIED,Miscellaneous / Unclassified Spares,Power,NOS,1,NTPC_PW,"{""models"": {""part_number"": ""4471B""}, ""is_ambiguous"": true, ""ambiguity_reason"": ""Low Information: Lacks technical specifications or recognizable equipment type""}"
NMC-MN-MSC-0091,Pt No 4471B Misc Spare,MISC_UNCLASSIFIED,Miscellaneous / Unclassified Spares,Mining,NOS,1,CIL_MN,"{""models"": {""part_number"": ""4471B""}, ""is_ambiguous"": true, ""ambiguity_reason"": ""Low Information: Lacks technical specifications or recognizable equipment type""}"
NMC-PW-MSC-0092,Pt No 4471B Misc Spare,MISC_UNCLASSIFIED,Miscellaneous / Unclassified Spares,Power,NOS,1,NTPC_PW,"{""models"": {""part_number"": ""4471B""}, ""is_ambiguous"": true, ""ambiguity_reason"": ""Low Information: Lacks technical specifications or recognizable equipment type""}"
NMC-PW-MSC-0093,Pt No 4471B Misc Spare,MISC_UNCLASSIFIED,Miscellaneous / Unclassified Spares,Power,NOS,1,NTPC_PW,"{""models"": {""part_number"": ""4471B""}, ""is_ambiguous"": true, ""ambiguity_reason"": ""Low Information: Lacks technical specifications or recognizable equipment type""}"
NMC-OG-MSC-0094,Pt No 4471B Misc Spare Industrial,MISC_UNCLASSIFIED,Miscellaneous / Unclassified Spares,Oil & Gas,NOS,1,CPCL_OG,"{""models"": {""part_number"": ""4471B""}, ""is_ambiguous"": true, ""ambiguity_reason"": ""Low Information: Lacks technical specifications or recognizable equipment type""}"
NMC-OG-MSC-0095,Motor Spare,MISC_UNCLASSIFIED,Miscellaneous / Unclassified Spares,Oil & Gas,NOS,1,CPCL_OG,"{""models"": {""part_number"": ""NUMBER""}, ""is_ambiguous"": true, ""ambiguity_reason"": ""Missing Critical Attributes: Motor spare without rating, frame or part number""}"
NMC-HE-MSC-0096,Motor Spare,MISC_UNCLASSIFIED,Miscellaneous / Unclassified Spares,Heavy Engineering,NOS,1,BHEL_HE,"{""models"": {""part_number"": ""NUMBER""}, ""is_ambiguous"": true, ""ambiguity_reason"": ""Missing Critical Attributes: Motor spare without rating, frame or part number""}"
NMC-OG-MSC-0097,Pt No 4471B Misc Spare,MISC_UNCLASSIFIED,Miscellaneous / Unclassified Spares,Oil & Gas,NOS,1,CPCL_OG,"{""models"": {""part_number"": ""4471B""}, ""is_ambiguous"": true, ""ambiguity_reason"": ""Low Information: Lacks technical specifications or recognizable equipment type""}"
NMC-ST-MSC-0098,Motor Spare Store,MISC_UNCLASSIFIED,Miscellaneous / Unclassified Spares,Steel,NOS,1,SAIL_ST,"{""models"": {""part_number"": ""NUMBER""}, ""is_ambiguous"": true, ""ambiguity_reason"": ""Missing Critical Attributes: Motor spare without rating, frame or part number""}"
NMC-OG-MSC-0099,Motor Spare Plant,MISC_UNCLASSIFIED,Miscellaneous / Unclassified Spares,Oil & Gas,NOS,1,CPCL_OG,"{""models"": {""part_number"": ""NUMBER""}, ""is_ambiguous"": true, ""ambiguity_reason"": ""Missing Critical Attributes: Motor spare without rating, frame or part number""}"
NMC-ST-MSC-0100,Pt No 4471B Misc Spare,MISC_UNCLASSIFIED,Miscellaneous / Unclassified Spares,Steel,NOS,1,SAIL_ST,"{""models"": {""part_number"": ""4471B""}, ""is_ambiguous"": true, ""ambiguity_reason"": ""Low Information: Lacks technical specifications or recognizable equipment type""}"
NMC-ST-REF-0007,Basic Oxygen Furnace Tuyere Variant 17 Rev-A,REFRACTORIES,Refractories & Furnace Linings,Steel,NOS,5,SAIL_ST,"{""material"": ""Copper"", ""electrical"": {""conductor"": ""Copper""}, ""models"": {""variant"": ""Variant 17""}}"
NMC-HE-MSC-0101,Pt No 4471B Misc Spare General,MISC_UNCLASSIFIED,Miscellaneous / Unclassified Spares,Heavy Engineering,NOS,1,BHEL_HE,"{""models"": {""part_number"": ""4471B""}, ""is_ambiguous"": true, ""ambiguity_reason"": ""Low Information: Lacks technical specifications or recognizable equipment type""}"
NMC-HE-MSC-0102,Pt No 4471B Misc Spare,MISC_UNCLASSIFIED,Miscellaneous / Unclassified Spares,Heavy Engineering,NOS,1,BHEL_HE,"{""models"": {""part_number"": ""4471B""}, ""is_ambiguous"": true, ""ambiguity_reason"": ""Low Information: Lacks technical specifications or recognizable equipment type""}"
NMC-ST-MSC-0103,Pt No 4471B Misc Spare Industrial,MISC_UNCLASSIFIED,Miscellaneous / Unclassified Spares,Steel,NOS,1,SAIL_ST,"{""models"": {""part_number"": ""4471B""}, ""is_ambiguous"": true, ""ambiguity_reason"": ""Low Information: Lacks technical specifications or recognizable equipment type""}"
NMC-HE-MSC-0104,Pt No 4471B Misc Spare Oem,MISC_UNCLASSIFIED,Miscellaneous / Unclassified Spares,Heavy Engineering,NOS,1,BHEL_HE,"{""models"": {""part_number"": ""4471B""}, ""is_ambiguous"": true, ""ambiguity_reason"": ""Low Information: Lacks technical specifications or recognizable equipment type""}"
NMC-HE-GBX-0013,Precision Linear Guide 35Mm Variant 11 Plant,GEARBOXES,Gearboxes & Speed Reducers,Heavy Engineering,SET,6,BHEL_HE,"{""dimensions"": {""diameter_mm"": 35.0}, ""models"": {""variant"": ""Variant 11""}}"
NMC-ST-MSC-0105,Pt No 4471B Misc Spare,MISC_UNCLASSIFIED,Miscellaneous / Unclassified Spares,Steel,NOS,1,SAIL_ST,"{""models"": {""part_number"": ""4471B""}, ""is_ambiguous"": true, ""ambiguity_reason"": ""Low Information: Lacks technical specifications or recognizable equipment type""}"
NMC-MN-MSC-0106,Pt No 4471B Misc Spare,MISC_UNCLASSIFIED,Miscellaneous / Unclassified Spares,Mining,NOS,1,CIL_MN,"{""models"": {""part_number"": ""4471B""}, ""is_ambiguous"": true, ""ambiguity_reason"": ""Low Information: Lacks technical specifications or recognizable equipment type""}"
NMC-HE-MSC-0107,Pt No 4471B Misc Spare Maint,MISC_UNCLASSIFIED,Miscellaneous / Unclassified Spares,Heavy Engineering,NOS,1,BHEL_HE,"{""models"": {""part_number"": ""4471B""}, ""is_ambiguous"": true, ""ambiguity_reason"": ""Low Information: Lacks technical specifications or recognizable equipment type""}"
NMC-HE-MSC-0108,Motor Spare Oem,MISC_UNCLASSIFIED,Miscellaneous / Unclassified Spares,Heavy Engineering,NOS,1,BHEL_HE,"{""models"": {""part_number"": ""NUMBER""}, ""is_ambiguous"": true, ""ambiguity_reason"": ""Missing Critical Attributes: Motor spare without rating, frame or part number""}"
NMC-OG-SWG-0015,Explosion Proof Motor 11Kw Variant 15 Maint,SWITCHGEAR,Insulators & Switchgear,Oil & Gas,NOS,13,CPCL_OG,"{""standards"": [""IEC 60079""], ""electrical"": {""voltage"": ""415V"", ""power_kw"": 11.0}, ""models"": {""variant"": ""Variant 15""}}"
NMC-MN-MSC-0109,Pt No 4471B Misc Spare,MISC_UNCLASSIFIED,Miscellaneous / Unclassified Spares,Mining,NOS,1,CIL_MN,"{""models"": {""part_number"": ""4471B""}, ""is_ambiguous"": true, ""ambiguity_reason"": ""Low Information: Lacks technical specifications or recognizable equipment type""}"
NMC-HE-MSC-0110,Pt No 4471B Misc Spare,MISC_UNCLASSIFIED,Miscellaneous / Unclassified Spares,Heavy Engineering,NOS,1,BHEL_HE,"{""models"": {""part_number"": ""4471B""}, ""is_ambiguous"": true, ""ambiguity_reason"": ""Low Information: Lacks technical specifications or recognizable equipment type""}"
NMC-HE-MSC-0111,Pt No 4471B Misc Spare,MISC_UNCLASSIFIED,Miscellaneous / Unclassified Spares,Heavy Engineering,NOS,1,BHEL_HE,"{""models"": {""part_number"": ""4471B""}, ""is_ambiguous"": true, ""ambiguity_reason"": ""Low Information: Lacks technical specifications or recognizable equipment type""}"
NMC-ST-MSC-0112,Pt No 4471B Misc Spare General,MISC_UNCLASSIFIED,Miscellaneous / Unclassified Spares,Steel,NOS,1,SAIL_ST,"{""models"": {""part_number"": ""4471B""}, ""is_ambiguous"": true, ""ambiguity_reason"": ""Low Information: Lacks technical specifications or recognizable equipment type""}"
NMC-OG-MSC-0113,Pt No 4471B Misc Spare Rev-B,MISC_UNCLASSIFIED,Miscellaneous / Unclassified Spares,Oil & Gas,NOS,1,CPCL_OG,"{""models"": {""part_number"": ""4471B""}, ""is_ambiguous"": true, ""ambiguity_reason"": ""Low Information: Lacks technical specifications or recognizable equipment type""}"
NMC-OG-DRL-0022,Api Drill Collar 6.5 Inch Std,DRILLING_MINING,Drilling & Mining Tools,Oil & Gas,MTR,7,CPCL_OG,{}
NMC-MN-DRL-0023,Hydraulic Rock Breaker 1.5T Maint,DRILLING_MINING,Drilling & Mining Tools,Mining,NOS,5,CIL_MN,{}
NMC-MN-FST-0014,Dragline Bucket Tooth Oem,FASTENERS,Fasteners & Hardware,Mining,NOS,4,CIL_MN,{}
NMC-MN-MSC-0114,Pt No 4471B Misc Spare,MISC_UNCLASSIFIED,Miscellaneous / Unclassified Spares,Mining,NOS,1,CIL_MN,"{""models"": {""part_number"": ""4471B""}, ""is_ambiguous"": true, ""ambiguity_reason"": ""Low Information: Lacks technical specifications or recognizable equipment type""}"
NMC-MN-MSC-0115,Motor Spare,MISC_UNCLASSIFIED,Miscellaneous / Unclassified Spares,Mining,NOS,1,CIL_MN,"{""models"": {""part_number"": ""NUMBER""}, ""is_ambiguous"": true, ""ambiguity_reason"": ""Missing Critical Attributes: Motor spare without rating, frame or part number""}"
NMC-OG-GSK-0023,Psv 50NB Class 300 Carbon Steel API 526,GASKETS_SEALS,Gaskets & Seals,Oil & Gas,NOS,9,CPCL_OG,"{""standards"": [""API 526""], ""pressure_class"": 300, ""dimensions"": {""nominal_bore"": ""50NB""}, ""material"": ""Carbon Steel"", ""grade"": ""Class 300""}"
NMC-PW-MSC-0116,Motor Spare Std,MISC_UNCLASSIFIED,Miscellaneous / Unclassified Spares,Power,NOS,1,NTPC_PW,"{""models"": {""part_number"": ""NUMBER""}, ""is_ambiguous"": true, ""ambiguity_reason"": ""Missing Critical Attributes: Motor spare without rating, frame or part number""}"
NMC-ST-MSC-0117,Motor Spare,MISC_UNCLASSIFIED,Miscellaneous / Unclassified Spares,Steel,NOS,1,SAIL_ST,"{""models"": {""part_number"": ""NUMBER""}, ""is_ambiguous"": true, ""ambiguity_reason"": ""Missing Critical Attributes: Motor spare without rating, frame or part number""}"
NMC-HE-MSC-0118,Pt No 4471B Misc Spare,MISC_UNCLASSIFIED,Miscellaneous / Unclassified Spares,Heavy Engineering,NOS,1,BHEL_HE,"{""models"": {""part_number"": ""4471B""}, ""is_ambiguous"": true, ""ambiguity_reason"": ""Low Information: Lacks technical specifications or recognizable equipment type""}"
NMC-PW-MSC-0119,Motor Spare,MISC_UNCLASSIFIED,Miscellaneous / Unclassified Spares,Power,NOS,1,NTPC_PW,"{""models"": {""part_number"": ""NUMBER""}, ""is_ambiguous"": true, ""ambiguity_reason"": ""Missing Critical Attributes: Motor spare without rating, frame or part number""}"
NMC-PW-MSC-0120,Motor Spare,MISC_UNCLASSIFIED,Miscellaneous / Unclassified Spares,Power,NOS,1,NTPC_PW,"{""models"": {""part_number"": ""NUMBER""}, ""is_ambiguous"": true, ""ambiguity_reason"": ""Missing Critical Attributes: Motor spare without rating, frame or part number""}"
NMC-HE-MSC-0121,Motor Spare,MISC_UNCLASSIFIED,Miscellaneous / Unclassified Spares,Heavy Engineering,NOS,1,BHEL_HE,"{""models"": {""part_number"": ""NUMBER""}, ""is_ambiguous"": true, ""ambiguity_reason"": ""Missing Critical Attributes: Motor spare without rating, frame or part number""}"
NMC-MN-MSC-0122,Motor Spare,MISC_UNCLASSIFIED,Miscellaneous / Unclassified Spares,Mining,NOS,1,CIL_MN,"{""models"": {""part_number"": ""NUMBER""}, ""is_ambiguous"": true, ""ambiguity_reason"": ""Missing Critical Attributes: Motor spare without rating, frame or part number""}"
NMC-MN-FST-0015,Dragline Bucket Tooth Industrial,FASTENERS,Fasteners & Hardware,Mining,NOS,6,CIL_MN,{}
NMC-OG-MSC-0123,Pt No 4471B Misc Spare,MISC_UNCLASSIFIED,Miscellaneous / Unclassified Spares,Oil & Gas,NOS,1,CPCL_OG,"{""models"": {""part_number"": ""4471B""}, ""is_ambiguous"": true, ""ambiguity_reason"": ""Low Information: Lacks technical specifications or recognizable equipment type""}"
NMC-HE-MSC-0124,Pt No 4471B Misc Spare Plant,MISC_UNCLASSIFIED,Miscellaneous / Unclassified Spares,Heavy Engineering,NOS,1,BHEL_HE,"{""models"": {""part_number"": ""4471B""}, ""is_ambiguous"": true, ""ambiguity_reason"": ""Low Information: Lacks technical specifications or recognizable equipment type""}"
NMC-OG-MSC-0125,Pt No 4471B Misc Spare,MISC_UNCLASSIFIED,Miscellaneous / Unclassified Spares,Oil & Gas,NOS,1,CPCL_OG,"{""models"": {""part_number"": ""4471B""}, ""is_ambiguous"": true, ""ambiguity_reason"": ""Low Information: Lacks technical specifications or recognizable equipment type""}"
NMC-PW-MSC-0126,Motor Spare Maint,MISC_UNCLASSIFIED,Miscellaneous / Unclassified Spares,Power,NOS,1,NTPC_PW,"{""models"": {""part_number"": ""NUMBER""}, ""is_ambiguous"": true, ""ambiguity_reason"": ""Missing Critical Attributes: Motor spare without rating, frame or part number""}"
NMC-MN-MSC-0127,Motor Spare,MISC_UNCLASSIFIED,Miscellaneous / Unclassified Spares,Mining,NOS,1,CIL_MN,"{""models"": {""part_number"": ""NUMBER""}, ""is_ambiguous"": true, ""ambiguity_reason"": ""Missing Critical Attributes: Motor spare without rating, frame or part number""}"
NMC-HE-MSC-0128,Motor Spare,MISC_UNCLASSIFIED,Miscellaneous / Unclassified Spares,Heavy Engineering,NOS,1,BHEL_HE,"{""models"": {""part_number"": ""NUMBER""}, ""is_ambiguous"": true, ""ambiguity_reason"": ""Missing Critical Attributes: Motor spare without rating, frame or part number""}"
NMC-MN-MSC-0129,Pt No 4471B Misc Spare,MISC_UNCLASSIFIED,Miscellaneous / Unclassified Spares,Mining,NOS,1,CIL_MN,"{""models"": {""part_number"": ""4471B""}, ""is_ambiguous"": true, ""ambiguity_reason"": ""Low Information: Lacks technical specifications or recognizable equipment type""}"
NMC-OG-MSC-0130,Pt No 4471B Misc Spare Rev-A,MISC_UNCLASSIFIED,Miscellaneous / Unclassified Spares,Oil & Gas,NOS,1,CPCL_OG,"{""models"": {""part_number"": ""4471B""}, ""is_ambiguous"": true, ""ambiguity_reason"": ""Low Information: Lacks technical specifications or recognizable equipment type""}"
NMC-HE-MOT-0020,Cnc Hydraulic Power Pack 15Kw Store,MOTORS_DRIVES,Electric Motors & Drives,Heavy Engineering,NOS,5,BHEL_HE,"{""electrical"": {""power_kw"": 15.0}}"
NMC-HE-MSC-0131,Pt No 4471B Misc Spare Oem,MISC_UNCLASSIFIED,Miscellaneous / Unclassified Spares,Heavy Engineering,NOS,1,BHEL_HE,"{""models"": {""part_number"": ""4471B""}, ""is_ambiguous"": true, ""ambiguity_reason"": ""Low Information: Lacks technical specifications or recognizable equipment type""}"
NMC-OG-VLV-0024,Gas Compressor Valve Plate Std,VALVES_FLOW,Valves & Flow Control,Oil & Gas,NOS,4,CPCL_OG,{}
NMC-ST-MSC-0132,Motor Spare,MISC_UNCLASSIFIED,Miscellaneous / Unclassified Spares,Steel,NOS,1,SAIL_ST,"{""models"": {""part_number"": ""NUMBER""}, ""is_ambiguous"": true, ""ambiguity_reason"": ""Missing Critical Attributes: Motor spare without rating, frame or part number""}"
NMC-OG-MSC-0133,Motor Spare,MISC_UNCLASSIFIED,Miscellaneous / Unclassified Spares,Oil & Gas,NOS,1,CPCL_OG,"{""models"": {""part_number"": ""NUMBER""}, ""is_ambiguous"": true, ""ambiguity_reason"": ""Missing Critical Attributes: Motor spare without rating, frame or part number""}"
NMC-ST-MOT-0021,Basic Oxygen Furnace Tuyere Variant 17 Plant,MOTORS_DRIVES,Electric Motors & Drives,Steel,NOS,5,SAIL_ST,"{""material"": ""Copper"", ""electrical"": {""conductor"": ""Copper""}, ""models"": {""variant"": ""Variant 17""}}"
NMC-MN-MSC-0134,Pt No 4471B Misc Spare,MISC_UNCLASSIFIED,Miscellaneous / Unclassified Spares,Mining,NOS,1,CIL_MN,"{""models"": {""part_number"": ""4471B""}, ""is_ambiguous"": true, ""ambiguity_reason"": ""Low Information: Lacks technical specifications or recognizable equipment type""}"
NMC-OG-MSC-0135,Pt No 4471B Misc Spare,MISC_UNCLASSIFIED,Miscellaneous / Unclassified Spares,Oil & Gas,NOS,1,CPCL_OG,"{""models"": {""part_number"": ""4471B""}, ""is_ambiguous"": true, ""ambiguity_reason"": ""Low Information: Lacks technical specifications or recognizable equipment type""}"
NMC-HE-MSC-0136,Pt No 4471B Misc Spare,MISC_UNCLASSIFIED,Miscellaneous / Unclassified Spares,Heavy Engineering,NOS,1,BHEL_HE,"{""models"": {""part_number"": ""4471B""}, ""is_ambiguous"": true, ""ambiguity_reason"": ""Low Information: Lacks technical specifications or recognizable equipment type""}"
NMC-OG-GSK-0024,Refinery Catalyst Beads 3Mm Variant 01 Rev-A,GASKETS_SEALS,Gaskets & Seals,Oil & Gas,KG,7,CPCL_OG,"{""dimensions"": {""diameter_mm"": 3.0}, ""models"": {""variant"": ""Variant 01""}}"
NMC-OG-MSC-0137,Motor Spare,MISC_UNCLASSIFIED,Miscellaneous / Unclassified Spares,Oil & Gas,NOS,1,CPCL_OG,"{""models"": {""part_number"": ""NUMBER""}, ""is_ambiguous"": true, ""ambiguity_reason"": ""Missing Critical Attributes: Motor spare without rating, frame or part number""}"
NMC-MN-MSC-0138,Pt No 4471B Misc Spare General,MISC_UNCLASSIFIED,Miscellaneous / Unclassified Spares,Mining,NOS,1,CIL_MN,"{""models"": {""part_number"": ""4471B""}, ""is_ambiguous"": true, ""ambiguity_reason"": ""Low Information: Lacks technical specifications or recognizable equipment type""}"
NMC-OG-MSC-0139,Motor Spare,MISC_UNCLASSIFIED,Miscellaneous / Unclassified Spares,Oil & Gas,NOS,1,CPCL_OG,"{""models"": {""part_number"": ""NUMBER""}, ""is_ambiguous"": true, ""ambiguity_reason"": ""Missing Critical Attributes: Motor spare without rating, frame or part number""}"
NMC-OG-VLV-0025,Gas Compressor Valve Plate General,VALVES_FLOW,Valves & Flow Control,Oil & Gas,NOS,6,CPCL_OG,{}
NMC-ST-MSC-0140,Motor Spare,MISC_UNCLASSIFIED,Miscellaneous / Unclassified Spares,Steel,NOS,1,SAIL_ST,"{""models"": {""part_number"": ""NUMBER""}, ""is_ambiguous"": true, ""ambiguity_reason"": ""Missing Critical Attributes: Motor spare without rating, frame or part number""}"
NMC-OG-MSC-0141,Pt No 4471B Misc Spare Plant,MISC_UNCLASSIFIED,Miscellaneous / Unclassified Spares,Oil & Gas,NOS,1,CPCL_OG,"{""models"": {""part_number"": ""4471B""}, ""is_ambiguous"": true, ""ambiguity_reason"": ""Low Information: Lacks technical specifications or recognizable equipment type""}"
NMC-PW-MSC-0142,Pt No 4471B Misc Spare,MISC_UNCLASSIFIED,Miscellaneous / Unclassified Spares,Power,NOS,1,NTPC_PW,"{""models"": {""part_number"": ""4471B""}, ""is_ambiguous"": true, ""ambiguity_reason"": ""Low Information: Lacks technical specifications or recognizable equipment type""}"
NMC-MN-DRL-0024,Hydraulic Rock Breaker 1.5T Store,DRILLING_MINING,Drilling & Mining Tools,Mining,NOS,3,CIL_MN,{}
NMC-ST-MSC-0143,Motor Spare Oem,MISC_UNCLASSIFIED,Miscellaneous / Unclassified Spares,Steel,NOS,1,SAIL_ST,"{""models"": {""part_number"": ""NUMBER""}, ""is_ambiguous"": true, ""ambiguity_reason"": ""Missing Critical Attributes: Motor spare without rating, frame or part number""}"
NMC-OG-MSC-0144,Pt No 4471B Misc Spare,MISC_UNCLASSIFIED,Miscellaneous / Unclassified Spares,Oil & Gas,NOS,1,CPCL_OG,"{""models"": {""part_number"": ""4471B""}, ""is_ambiguous"": true, ""ambiguity_reason"": ""Low Information: Lacks technical specifications or recognizable equipment type""}"
NMC-OG-MSC-0145,Motor Spare,MISC_UNCLASSIFIED,Miscellaneous / Unclassified Spares,Oil & Gas,NOS,1,CPCL_OG,"{""models"": {""part_number"": ""NUMBER""}, ""is_ambiguous"": true, ""ambiguity_reason"": ""Missing Critical Attributes: Motor spare without rating, frame or part number""}"
NMC-PW-PIP-0009,Generator Rotor Retaining Ring Oem,PIPE_FITTINGS,Flanges & Pipe Fittings,Power,NOS,4,NTPC_PW,{}
NMC-ST-GSK-0025,Basic Oxygen Furnace Tuyere Variant 05 Rev-B,GASKETS_SEALS,Gaskets & Seals,Steel,NOS,2,SAIL_ST,"{""material"": ""Copper"", ""electrical"": {""conductor"": ""Copper""}, ""models"": {""variant"": ""Variant 05""}}"
NMC-MN-MSC-0146,Motor Spare Hd,MISC_UNCLASSIFIED,Miscellaneous / Unclassified Spares,Mining,NOS,1,CIL_MN,"{""models"": {""part_number"": ""NUMBER""}, ""is_ambiguous"": true, ""ambiguity_reason"": ""Missing Critical Attributes: Motor spare without rating, frame or part number""}"
NMC-HE-MSC-0147,Pt No 4471B Misc Spare,MISC_UNCLASSIFIED,Miscellaneous / Unclassified Spares,Heavy Engineering,NOS,1,BHEL_HE,"{""models"": {""part_number"": ""4471B""}, ""is_ambiguous"": true, ""ambiguity_reason"": ""Low Information: Lacks technical specifications or recognizable equipment type""}"
NMC-OG-MSC-0148,Pt No 4471B Misc Spare,MISC_UNCLASSIFIED,Miscellaneous / Unclassified Spares,Oil & Gas,NOS,1,CPCL_OG,"{""models"": {""part_number"": ""4471B""}, ""is_ambiguous"": true, ""ambiguity_reason"": ""Low Information: Lacks technical specifications or recognizable equipment type""}"
NMC-HE-TRF-0016,Ac Drive 75Kw 415V Maint,TRANSFORMERS,Transformers,Heavy Engineering,NOS,3,BHEL_HE,"{""standards"": [""IEC 61800""], ""electrical"": {""voltage"": ""415V"", ""power_kw"": 75.0}}"
NMC-OG-MOT-0022,Explosion Proof Motor 11Kw Variant 03 Plant,MOTORS_DRIVES,Electric Motors & Drives,Oil & Gas,NOS,18,CPCL_OG,"{""standards"": [""IEC 60079""], ""electrical"": {""voltage"": ""415V"", ""power_kw"": 11.0}, ""models"": {""variant"": ""Variant 03""}}"
NMC-HE-MSC-0149,Motor Spare Hd,MISC_UNCLASSIFIED,Miscellaneous / Unclassified Spares,Heavy Engineering,NOS,1,BHEL_HE,"{""models"": {""part_number"": ""NUMBER""}, ""is_ambiguous"": true, ""ambiguity_reason"": ""Missing Critical Attributes: Motor spare without rating, frame or part number""}"
NMC-MN-MSC-0150,Pt No 4471B Misc Spare Store,MISC_UNCLASSIFIED,Miscellaneous / Unclassified Spares,Mining,NOS,1,CIL_MN,"{""models"": {""part_number"": ""4471B""}, ""is_ambiguous"": true, ""ambiguity_reason"": ""Low Information: Lacks technical specifications or recognizable equipment type""}"
NMC-ST-MSC-0151,Pt No 4471B Misc Spare,MISC_UNCLASSIFIED,Miscellaneous / Unclassified Spares,Steel,NOS,1,SAIL_ST,"{""models"": {""part_number"": ""4471B""}, ""is_ambiguous"": true, ""ambiguity_reason"": ""Low Information: Lacks technical specifications or recognizable equipment type""}"
NMC-PW-MSC-0152,Motor Spare,MISC_UNCLASSIFIED,Miscellaneous / Unclassified Spares,Power,NOS,1,NTPC_PW,"{""models"": {""part_number"": ""NUMBER""}, ""is_ambiguous"": true, ""ambiguity_reason"": ""Missing Critical Attributes: Motor spare without rating, frame or part number""}"
NMC-HE-MSC-0153,Motor Spare,MISC_UNCLASSIFIED,Miscellaneous / Unclassified Spares,Heavy Engineering,NOS,1,BHEL_HE,"{""models"": {""part_number"": ""NUMBER""}, ""is_ambiguous"": true, ""ambiguity_reason"": ""Missing Critical Attributes: Motor spare without rating, frame or part number""}"
NMC-OG-MSC-0154,Pt No 4471B Misc Spare,MISC_UNCLASSIFIED,Miscellaneous / Unclassified Spares,Oil & Gas,NOS,1,CPCL_OG,"{""models"": {""part_number"": ""4471B""}, ""is_ambiguous"": true, ""ambiguity_reason"": ""Low Information: Lacks technical specifications or recognizable equipment type""}"
NMC-HE-MOT-0023,Servo Motor 5Kw 3000Rpm Variant 06 Industrial,MOTORS_DRIVES,Electric Motors & Drives,Heavy Engineering,NOS,21,BHEL_HE,"{""electrical"": {""power_kw"": 5.0}, ""models"": {""variant"": ""Variant 06""}}"
NMC-HE-STL-0015,Hydraulic Cylinder 160Mm Bore Store,STRUCTURAL_STEEL,Structural Steel & Billets,Heavy Engineering,NOS,4,BHEL_HE,"{""dimensions"": {""diameter_mm"": 160.0}}"
NMC-HE-MSC-0155,Pt No 4471B Misc Spare Store,MISC_UNCLASSIFIED,Miscellaneous / Unclassified Spares,Heavy Engineering,NOS,1,BHEL_HE,"{""models"": {""part_number"": ""4471B""}, ""is_ambiguous"": true, ""ambiguity_reason"": ""Low Information: Lacks technical specifications or recognizable equipment type""}"
NMC-PW-MSC-0156,Motor Spare,MISC_UNCLASSIFIED,Miscellaneous / Unclassified Spares,Power,NOS,1,NTPC_PW,"{""models"": {""part_number"": ""NUMBER""}, ""is_ambiguous"": true, ""ambiguity_reason"": ""Missing Critical Attributes: Motor spare without rating, frame or part number""}"
NMC-HE-MSC-0157,Pt No 4471B Misc Spare General,MISC_UNCLASSIFIED,Miscellaneous / Unclassified Spares,Heavy Engineering,NOS,1,BHEL_HE,"{""models"": {""part_number"": ""4471B""}, ""is_ambiguous"": true, ""ambiguity_reason"": ""Low Information: Lacks technical specifications or recognizable equipment type""}"
NMC-OG-MSC-0158,Motor Spare Oem,MISC_UNCLASSIFIED,Miscellaneous / Unclassified Spares,Oil & Gas,NOS,1,CPCL_OG,"{""models"": {""part_number"": ""NUMBER""}, ""is_ambiguous"": true, ""ambiguity_reason"": ""Missing Critical Attributes: Motor spare without rating, frame or part number""}"
NMC-PW-MSC-0159,Pt No 4471B Misc Spare,MISC_UNCLASSIFIED,Miscellaneous / Unclassified Spares,Power,NOS,1,NTPC_PW,"{""models"": {""part_number"": ""4471B""}, ""is_ambiguous"": true, ""ambiguity_reason"": ""Low Information: Lacks technical specifications or recognizable equipment type""}"
NMC-OG-MSC-0160,Motor Spare,MISC_UNCLASSIFIED,Miscellaneous / Unclassified Spares,Oil & Gas,NOS,1,CPCL_OG,"{""models"": {""part_number"": ""NUMBER""}, ""is_ambiguous"": true, ""ambiguity_reason"": ""Missing Critical Attributes: Motor spare without rating, frame or part number""}"
NMC-MN-MSC-0161,Motor Spare,MISC_UNCLASSIFIED,Miscellaneous / Unclassified Spares,Mining,NOS,1,CIL_MN,"{""models"": {""part_number"": ""NUMBER""}, ""is_ambiguous"": true, ""ambiguity_reason"": ""Missing Critical Attributes: Motor spare without rating, frame or part number""}"
NMC-HE-GBX-0014,Servo Motor 5Kw 3000Rpm Rev-A,GEARBOXES,Gearboxes & Speed Reducers,Heavy Engineering,NOS,13,BHEL_HE,"{""electrical"": {""power_kw"": 5.0}}"
NMC-HE-MSC-0162,Pt No 4471B Misc Spare,MISC_UNCLASSIFIED,Miscellaneous / Unclassified Spares,Heavy Engineering,NOS,1,BHEL_HE,"{""models"": {""part_number"": ""4471B""}, ""is_ambiguous"": true, ""ambiguity_reason"": ""Low Information: Lacks technical specifications or recognizable equipment type""}"
NMC-PW-MSC-0163,Motor Spare,MISC_UNCLASSIFIED,Miscellaneous / Unclassified Spares,Power,NOS,1,NTPC_PW,"{""models"": {""part_number"": ""NUMBER""}, ""is_ambiguous"": true, ""ambiguity_reason"": ""Missing Critical Attributes: Motor spare without rating, frame or part number""}"
NMC-ST-MSC-0164,Pt No 4471B Misc Spare,MISC_UNCLASSIFIED,Miscellaneous / Unclassified Spares,Steel,NOS,1,SAIL_ST,"{""models"": {""part_number"": ""4471B""}, ""is_ambiguous"": true, ""ambiguity_reason"": ""Low Information: Lacks technical specifications or recognizable equipment type""}"
NMC-OG-MSC-0165,Pt No 4471B Misc Spare Industrial,MISC_UNCLASSIFIED,Miscellaneous / Unclassified Spares,Oil & Gas,NOS,1,CPCL_OG,"{""models"": {""part_number"": ""4471B""}, ""is_ambiguous"": true, ""ambiguity_reason"": ""Low Information: Lacks technical specifications or recognizable equipment type""}"
NMC-HE-MSC-0166,Pt No 4471B Misc Spare Rev-B,MISC_UNCLASSIFIED,Miscellaneous / Unclassified Spares,Heavy Engineering,NOS,1,BHEL_HE,"{""models"": {""part_number"": ""4471B""}, ""is_ambiguous"": true, ""ambiguity_reason"": ""Low Information: Lacks technical specifications or recognizable equipment type""}"
NMC-PW-MSC-0167,Pt No 4471B Misc Spare,MISC_UNCLASSIFIED,Miscellaneous / Unclassified Spares,Power,NOS,1,NTPC_PW,"{""models"": {""part_number"": ""4471B""}, ""is_ambiguous"": true, ""ambiguity_reason"": ""Low Information: Lacks technical specifications or recognizable equipment type""}"
NMC-OG-MSC-0168,Pt No 4471B Misc Spare,MISC_UNCLASSIFIED,Miscellaneous / Unclassified Spares,Oil & Gas,NOS,1,CPCL_OG,"{""models"": {""part_number"": ""4471B""}, ""is_ambiguous"": true, ""ambiguity_reason"": ""Low Information: Lacks technical specifications or recognizable equipment type""}"
NMC-PW-GBX-0015,Generator Rotor Retaining Ring Variant 20 Rev-A,GEARBOXES,Gearboxes & Speed Reducers,Power,NOS,3,NTPC_PW,"{""models"": {""variant"": ""Variant 20""}}"
NMC-MN-MSC-0169,Pt No 4471B Misc Spare,MISC_UNCLASSIFIED,Miscellaneous / Unclassified Spares,Mining,NOS,1,CIL_MN,"{""models"": {""part_number"": ""4471B""}, ""is_ambiguous"": true, ""ambiguity_reason"": ""Low Information: Lacks technical specifications or recognizable equipment type""}"
NMC-MN-MSC-0170,Motor Spare,MISC_UNCLASSIFIED,Miscellaneous / Unclassified Spares,Mining,NOS,1,CIL_MN,"{""models"": {""part_number"": ""NUMBER""}, ""is_ambiguous"": true, ""ambiguity_reason"": ""Missing Critical Attributes: Motor spare without rating, frame or part number""}"
NMC-MN-FST-0016,Dragline Bucket Tooth General,FASTENERS,Fasteners & Hardware,Mining,NOS,6,CIL_MN,{}
NMC-PW-MSC-0171,Motor Spare Rev-A,MISC_UNCLASSIFIED,Miscellaneous / Unclassified Spares,Power,NOS,1,NTPC_PW,"{""models"": {""part_number"": ""NUMBER""}, ""is_ambiguous"": true, ""ambiguity_reason"": ""Missing Critical Attributes: Motor spare without rating, frame or part number""}"
NMC-OG-MSC-0172,Motor Spare,MISC_UNCLASSIFIED,Miscellaneous / Unclassified Spares,Oil & Gas,NOS,1,CPCL_OG,"{""models"": {""part_number"": ""NUMBER""}, ""is_ambiguous"": true, ""ambiguity_reason"": ""Missing Critical Attributes: Motor spare without rating, frame or part number""}"
NMC-PW-MSC-0173,Motor Spare,MISC_UNCLASSIFIED,Miscellaneous / Unclassified Spares,Power,NOS,1,NTPC_PW,"{""models"": {""part_number"": ""NUMBER""}, ""is_ambiguous"": true, ""ambiguity_reason"": ""Missing Critical Attributes: Motor spare without rating, frame or part number""}"
NMC-PW-MSC-0174,Pt No 4471B Misc Spare Hd,MISC_UNCLASSIFIED,Miscellaneous / Unclassified Spares,Power,NOS,1,NTPC_PW,"{""models"": {""part_number"": ""4471B""}, ""is_ambiguous"": true, ""ambiguity_reason"": ""Low Information: Lacks technical specifications or recognizable equipment type""}"
NMC-HE-GBX-0016,Hydraulic Cylinder 160Mm Bore Rev-A,GEARBOXES,Gearboxes & Speed Reducers,Heavy Engineering,NOS,8,BHEL_HE,"{""dimensions"": {""diameter_mm"": 160.0}}"
NMC-ST-MSC-0175,Pt No 4471B Misc Spare,MISC_UNCLASSIFIED,Miscellaneous / Unclassified Spares,Steel,NOS,1,SAIL_ST,"{""models"": {""part_number"": ""4471B""}, ""is_ambiguous"": true, ""ambiguity_reason"": ""Low Information: Lacks technical specifications or recognizable equipment type""}"
NMC-OG-MSC-0176,Pt No 4471B Misc Spare Rev-A,MISC_UNCLASSIFIED,Miscellaneous / Unclassified Spares,Oil & Gas,NOS,1,CPCL_OG,"{""models"": {""part_number"": ""4471B""}, ""is_ambiguous"": true, ""ambiguity_reason"": ""Low Information: Lacks technical specifications or recognizable equipment type""}"
NMC-ST-MSC-0177,Motor Spare,MISC_UNCLASSIFIED,Miscellaneous / Unclassified Spares,Steel,NOS,1,SAIL_ST,"{""models"": {""part_number"": ""NUMBER""}, ""is_ambiguous"": true, ""ambiguity_reason"": ""Missing Critical Attributes: Motor spare without rating, frame or part number""}"
NMC-OG-DRL-0025,Api Drill Collar 6.5 Inch Maint,DRILLING_MINING,Drilling & Mining Tools,Oil & Gas,MTR,4,CPCL_OG,{}
NMC-MN-DRL-0026,Hydraulic Rock Breaker 1.5T Rev-A,DRILLING_MINING,Drilling & Mining Tools,Mining,NOS,8,CIL_MN,{}
NMC-HE-MSC-0178,Motor Spare,MISC_UNCLASSIFIED,Miscellaneous / Unclassified Spares,Heavy Engineering,NOS,1,BHEL_HE,"{""models"": {""part_number"": ""NUMBER""}, ""is_ambiguous"": true, ""ambiguity_reason"": ""Missing Critical Attributes: Motor spare without rating, frame or part number""}"
NMC-PW-MSC-0179,Motor Spare,MISC_UNCLASSIFIED,Miscellaneous / Unclassified Spares,Power,NOS,1,NTPC_PW,"{""models"": {""part_number"": ""NUMBER""}, ""is_ambiguous"": true, ""ambiguity_reason"": ""Missing Critical Attributes: Motor spare without rating, frame or part number""}"
NMC-PW-MSC-0180,Motor Spare,MISC_UNCLASSIFIED,Miscellaneous / Unclassified Spares,Power,NOS,1,NTPC_PW,"{""models"": {""part_number"": ""NUMBER""}, ""is_ambiguous"": true, ""ambiguity_reason"": ""Missing Critical Attributes: Motor spare without rating, frame or part number""}"
NMC-HE-MSC-0181,Pt No 4471B Misc Spare,MISC_UNCLASSIFIED,Miscellaneous / Unclassified Spares,Heavy Engineering,NOS,1,BHEL_HE,"{""models"": {""part_number"": ""4471B""}, ""is_ambiguous"": true, ""ambiguity_reason"": ""Low Information: Lacks technical specifications or recognizable equipment type""}"
NMC-ST-MSC-0182,Motor Spare,MISC_UNCLASSIFIED,Miscellaneous / Unclassified Spares,Steel,NOS,1,SAIL_ST,"{""models"": {""part_number"": ""NUMBER""}, ""is_ambiguous"": true, ""ambiguity_reason"": ""Missing Critical Attributes: Motor spare without rating, frame or part number""}"
NMC-HE-MSC-0183,Pt No 4471B Misc Spare,MISC_UNCLASSIFIED,Miscellaneous / Unclassified Spares,Heavy Engineering,NOS,1,BHEL_HE,"{""models"": {""part_number"": ""4471B""}, ""is_ambiguous"": true, ""ambiguity_reason"": ""Low Information: Lacks technical specifications or recognizable equipment type""}"
NMC-PW-MSC-0184,Motor Spare,MISC_UNCLASSIFIED,Miscellaneous / Unclassified Spares,Power,NOS,1,NTPC_PW,"{""models"": {""part_number"": ""NUMBER""}, ""is_ambiguous"": true, ""ambiguity_reason"": ""Missing Critical Attributes: Motor spare without rating, frame or part number""}"
NMC-OG-VLV-0026,Api Drill Collar 6.5 Inch Variant 02 Industrial,VALVES_FLOW,Valves & Flow Control,Oil & Gas,MTR,10,CPCL_OG,"{""models"": {""variant"": ""Variant 02""}}"
NMC-ST-MSC-0185,Pt No 4471B Misc Spare,MISC_UNCLASSIFIED,Miscellaneous / Unclassified Spares,Steel,NOS,1,SAIL_ST,"{""models"": {""part_number"": ""4471B""}, ""is_ambiguous"": true, ""ambiguity_reason"": ""Low Information: Lacks technical specifications or recognizable equipment type""}"
NMC-HE-MSC-0186,Motor Spare,MISC_UNCLASSIFIED,Miscellaneous / Unclassified Spares,Heavy Engineering,NOS,1,BHEL_HE,"{""models"": {""part_number"": ""NUMBER""}, ""is_ambiguous"": true, ""ambiguity_reason"": ""Missing Critical Attributes: Motor spare without rating, frame or part number""}"
NMC-OG-MSC-0187,Pt No 4471B Misc Spare,MISC_UNCLASSIFIED,Miscellaneous / Unclassified Spares,Oil & Gas,NOS,1,CPCL_OG,"{""models"": {""part_number"": ""4471B""}, ""is_ambiguous"": true, ""ambiguity_reason"": ""Low Information: Lacks technical specifications or recognizable equipment type""}"
NMC-PW-STL-0016,Generator Rotor Retaining Ring General,STRUCTURAL_STEEL,Structural Steel & Billets,Power,NOS,6,NTPC_PW,{}
NMC-MN-FST-0017,Dragline Bucket Tooth Plant,FASTENERS,Fasteners & Hardware,Mining,NOS,5,CIL_MN,{}
NMC-HE-MSC-0188,Pt No 4471B Misc Spare,MISC_UNCLASSIFIED,Miscellaneous / Unclassified Spares,Heavy Engineering,NOS,1,BHEL_HE,"{""models"": {""part_number"": ""4471B""}, ""is_ambiguous"": true, ""ambiguity_reason"": ""Low Information: Lacks technical specifications or recognizable equipment type""}"
NMC-MN-MSC-0189,Motor Spare,MISC_UNCLASSIFIED,Miscellaneous / Unclassified Spares,Mining,NOS,1,CIL_MN,"{""models"": {""part_number"": ""NUMBER""}, ""is_ambiguous"": true, ""ambiguity_reason"": ""Missing Critical Attributes: Motor spare without rating, frame or part number""}"
NMC-HE-MSC-0190,Pt No 4471B Misc Spare Std,MISC_UNCLASSIFIED,Miscellaneous / Unclassified Spares,Heavy Engineering,NOS,1,BHEL_HE,"{""models"": {""part_number"": ""4471B""}, ""is_ambiguous"": true, ""ambiguity_reason"": ""Low Information: Lacks technical specifications or recognizable equipment type""}"
NMC-MN-MSC-0191,Motor Spare Hd,MISC_UNCLASSIFIED,Miscellaneous / Unclassified Spares,Mining,NOS,1,CIL_MN,"{""models"": {""part_number"": ""NUMBER""}, ""is_ambiguous"": true, ""ambiguity_reason"": ""Missing Critical Attributes: Motor spare without rating, frame or part number""}"
NMC-PW-MSC-0192,Pt No 4471B Misc Spare Hd,MISC_UNCLASSIFIED,Miscellaneous / Unclassified Spares,Power,NOS,1,NTPC_PW,"{""models"": {""part_number"": ""4471B""}, ""is_ambiguous"": true, ""ambiguity_reason"": ""Low Information: Lacks technical specifications or recognizable equipment type""}"
NMC-PW-MSC-0193,Pt No 4471B Misc Spare,MISC_UNCLASSIFIED,Miscellaneous / Unclassified Spares,Power,NOS,1,NTPC_PW,"{""models"": {""part_number"": ""4471B""}, ""is_ambiguous"": true, ""ambiguity_reason"": ""Low Information: Lacks technical specifications or recognizable equipment type""}"
NMC-OG-MSC-0194,Motor Spare,MISC_UNCLASSIFIED,Miscellaneous / Unclassified Spares,Oil & Gas,NOS,1,CPCL_OG,"{""models"": {""part_number"": ""NUMBER""}, ""is_ambiguous"": true, ""ambiguity_reason"": ""Missing Critical Attributes: Motor spare without rating, frame or part number""}"
NMC-ST-MSC-0195,Motor Spare,MISC_UNCLASSIFIED,Miscellaneous / Unclassified Spares,Steel,NOS,1,SAIL_ST,"{""models"": {""part_number"": ""NUMBER""}, ""is_ambiguous"": true, ""ambiguity_reason"": ""Missing Critical Attributes: Motor spare without rating, frame or part number""}"
NMC-PW-MSC-0196,Pt No 4471B Misc Spare,MISC_UNCLASSIFIED,Miscellaneous / Unclassified Spares,Power,NOS,1,NTPC_PW,"{""models"": {""part_number"": ""4471B""}, ""is_ambiguous"": true, ""ambiguity_reason"": ""Low Information: Lacks technical specifications or recognizable equipment type""}"
NMC-HE-MSC-0197,Motor Spare Std,MISC_UNCLASSIFIED,Miscellaneous / Unclassified Spares,Heavy Engineering,NOS,1,BHEL_HE,"{""models"": {""part_number"": ""NUMBER""}, ""is_ambiguous"": true, ""ambiguity_reason"": ""Missing Critical Attributes: Motor spare without rating, frame or part number""}"
NMC-MN-MSC-0198,Pt No 4471B Misc Spare Maint,MISC_UNCLASSIFIED,Miscellaneous / Unclassified Spares,Mining,NOS,1,CIL_MN,"{""models"": {""part_number"": ""4471B""}, ""is_ambiguous"": true, ""ambiguity_reason"": ""Low Information: Lacks technical specifications or recognizable equipment type""}"
NMC-ST-MSC-0199,Motor Spare,MISC_UNCLASSIFIED,Miscellaneous / Unclassified Spares,Steel,NOS,1,SAIL_ST,"{""models"": {""part_number"": ""NUMBER""}, ""is_ambiguous"": true, ""ambiguity_reason"": ""Missing Critical Attributes: Motor spare without rating, frame or part number""}"
NMC-MN-MSC-0200,Pt No 4471B Misc Spare,MISC_UNCLASSIFIED,Miscellaneous / Unclassified Spares,Mining,NOS,1,CIL_MN,"{""models"": {""part_number"": ""4471B""}, ""is_ambiguous"": true, ""ambiguity_reason"": ""Low Information: Lacks technical specifications or recognizable equipment type""}"
NMC-MN-MSC-0201,Pt No 4471B Misc Spare,MISC_UNCLASSIFIED,Miscellaneous / Unclassified Spares,Mining,NOS,1,CIL_MN,"{""models"": {""part_number"": ""4471B""}, ""is_ambiguous"": true, ""ambiguity_reason"": ""Low Information: Lacks technical specifications or recognizable equipment type""}"
NMC-ST-MSC-0202,Pt No 4471B Misc Spare Oem,MISC_UNCLASSIFIED,Miscellaneous / Unclassified Spares,Steel,NOS,1,SAIL_ST,"{""models"": {""part_number"": ""4471B""}, ""is_ambiguous"": true, ""ambiguity_reason"": ""Low Information: Lacks technical specifications or recognizable equipment type""}"
NMC-MN-MSC-0203,Motor Spare,MISC_UNCLASSIFIED,Miscellaneous / Unclassified Spares,Mining,NOS,1,CIL_MN,"{""models"": {""part_number"": ""NUMBER""}, ""is_ambiguous"": true, ""ambiguity_reason"": ""Missing Critical Attributes: Motor spare without rating, frame or part number""}"
NMC-OG-MSC-0204,Motor Spare Rev-A,MISC_UNCLASSIFIED,Miscellaneous / Unclassified Spares,Oil & Gas,NOS,1,CPCL_OG,"{""models"": {""part_number"": ""NUMBER""}, ""is_ambiguous"": true, ""ambiguity_reason"": ""Missing Critical Attributes: Motor spare without rating, frame or part number""}"
NMC-ST-MSC-0205,Pt No 4471B Misc Spare Oem,MISC_UNCLASSIFIED,Miscellaneous / Unclassified Spares,Steel,NOS,1,SAIL_ST,"{""models"": {""part_number"": ""4471B""}, ""is_ambiguous"": true, ""ambiguity_reason"": ""Low Information: Lacks technical specifications or recognizable equipment type""}"
NMC-ST-MSC-0206,Pt No 4471B Misc Spare Oem,MISC_UNCLASSIFIED,Miscellaneous / Unclassified Spares,Steel,NOS,1,SAIL_ST,"{""models"": {""part_number"": ""4471B""}, ""is_ambiguous"": true, ""ambiguity_reason"": ""Low Information: Lacks technical specifications or recognizable equipment type""}"
NMC-OG-MSC-0207,Motor Spare,MISC_UNCLASSIFIED,Miscellaneous / Unclassified Spares,Oil & Gas,NOS,1,CPCL_OG,"{""models"": {""part_number"": ""NUMBER""}, ""is_ambiguous"": true, ""ambiguity_reason"": ""Missing Critical Attributes: Motor spare without rating, frame or part number""}"
NMC-PW-MSC-0208,Motor Spare,MISC_UNCLASSIFIED,Miscellaneous / Unclassified Spares,Power,NOS,1,NTPC_PW,"{""models"": {""part_number"": ""NUMBER""}, ""is_ambiguous"": true, ""ambiguity_reason"": ""Missing Critical Attributes: Motor spare without rating, frame or part number""}"
NMC-PW-MSC-0209,Pt No 4471B Misc Spare Hd,MISC_UNCLASSIFIED,Miscellaneous / Unclassified Spares,Power,NOS,1,NTPC_PW,"{""models"": {""part_number"": ""4471B""}, ""is_ambiguous"": true, ""ambiguity_reason"": ""Low Information: Lacks technical specifications or recognizable equipment type""}"
NMC-ST-MSC-0210,Motor Spare,MISC_UNCLASSIFIED,Miscellaneous / Unclassified Spares,Steel,NOS,1,SAIL_ST,"{""models"": {""part_number"": ""NUMBER""}, ""is_ambiguous"": true, ""ambiguity_reason"": ""Missing Critical Attributes: Motor spare without rating, frame or part number""}"
NMC-HE-MSC-0211,Pt No 4471B Misc Spare,MISC_UNCLASSIFIED,Miscellaneous / Unclassified Spares,Heavy Engineering,NOS,1,BHEL_HE,"{""models"": {""part_number"": ""4471B""}, ""is_ambiguous"": true, ""ambiguity_reason"": ""Low Information: Lacks technical specifications or recognizable equipment type""}"
NMC-PW-STL-0017,Generator Rotor Retaining Ring Store,STRUCTURAL_STEEL,Structural Steel & Billets,Power,NOS,3,NTPC_PW,{}
NMC-MN-FST-0018,Dragline Bucket Tooth Maint,FASTENERS,Fasteners & Hardware,Mining,NOS,4,CIL_MN,{}
NMC-ST-MSC-0212,Motor Spare Maint,MISC_UNCLASSIFIED,Miscellaneous / Unclassified Spares,Steel,NOS,1,SAIL_ST,"{""models"": {""part_number"": ""NUMBER""}, ""is_ambiguous"": true, ""ambiguity_reason"": ""Missing Critical Attributes: Motor spare without rating, frame or part number""}"
NMC-HE-MSC-0213,Motor Spare Store,MISC_UNCLASSIFIED,Miscellaneous / Unclassified Spares,Heavy Engineering,NOS,1,BHEL_HE,"{""models"": {""part_number"": ""NUMBER""}, ""is_ambiguous"": true, ""ambiguity_reason"": ""Missing Critical Attributes: Motor spare without rating, frame or part number""}"
NMC-HE-MSC-0214,Pt No 4471B Misc Spare,MISC_UNCLASSIFIED,Miscellaneous / Unclassified Spares,Heavy Engineering,NOS,1,BHEL_HE,"{""models"": {""part_number"": ""4471B""}, ""is_ambiguous"": true, ""ambiguity_reason"": ""Low Information: Lacks technical specifications or recognizable equipment type""}"
NMC-MN-MSC-0215,Motor Spare Maint,MISC_UNCLASSIFIED,Miscellaneous / Unclassified Spares,Mining,NOS,1,CIL_MN,"{""models"": {""part_number"": ""NUMBER""}, ""is_ambiguous"": true, ""ambiguity_reason"": ""Missing Critical Attributes: Motor spare without rating, frame or part number""}"
NMC-PW-MSC-0216,Motor Spare,MISC_UNCLASSIFIED,Miscellaneous / Unclassified Spares,Power,NOS,1,NTPC_PW,"{""models"": {""part_number"": ""NUMBER""}, ""is_ambiguous"": true, ""ambiguity_reason"": ""Missing Critical Attributes: Motor spare without rating, frame or part number""}"
NMC-OG-MSC-0217,Motor Spare,MISC_UNCLASSIFIED,Miscellaneous / Unclassified Spares,Oil & Gas,NOS,1,CPCL_OG,"{""models"": {""part_number"": ""NUMBER""}, ""is_ambiguous"": true, ""ambiguity_reason"": ""Missing Critical Attributes: Motor spare without rating, frame or part number""}"
NMC-ST-MSC-0218,Motor Spare,MISC_UNCLASSIFIED,Miscellaneous / Unclassified Spares,Steel,NOS,1,SAIL_ST,"{""models"": {""part_number"": ""NUMBER""}, ""is_ambiguous"": true, ""ambiguity_reason"": ""Missing Critical Attributes: Motor spare without rating, frame or part number""}"
NMC-ST-MSC-0219,Pt No 4471B Misc Spare,MISC_UNCLASSIFIED,Miscellaneous / Unclassified Spares,Steel,NOS,1,SAIL_ST,"{""models"": {""part_number"": ""4471B""}, ""is_ambiguous"": true, ""ambiguity_reason"": ""Low Information: Lacks technical specifications or recognizable equipment type""}"
NMC-MN-MSC-0220,Motor Spare,MISC_UNCLASSIFIED,Miscellaneous / Unclassified Spares,Mining,NOS,1,CIL_MN,"{""models"": {""part_number"": ""NUMBER""}, ""is_ambiguous"": true, ""ambiguity_reason"": ""Missing Critical Attributes: Motor spare without rating, frame or part number""}"
NMC-OG-VLV-0027,Gas Compressor Valve Plate Maint,VALVES_FLOW,Valves & Flow Control,Oil & Gas,NOS,5,CPCL_OG,{}
NMC-ST-MSC-0221,Pt No 4471B Misc Spare,MISC_UNCLASSIFIED,Miscellaneous / Unclassified Spares,Steel,NOS,1,SAIL_ST,"{""models"": {""part_number"": ""4471B""}, ""is_ambiguous"": true, ""ambiguity_reason"": ""Low Information: Lacks technical specifications or recognizable equipment type""}"
NMC-PW-PIP-0010,Generator Rotor Retaining Ring Rev-B,PIPE_FITTINGS,Flanges & Pipe Fittings,Power,NOS,6,NTPC_PW,{}
NMC-OG-MSC-0222,Motor Spare Rev-B,MISC_UNCLASSIFIED,Miscellaneous / Unclassified Spares,Oil & Gas,NOS,1,CPCL_OG,"{""models"": {""part_number"": ""NUMBER""}, ""is_ambiguous"": true, ""ambiguity_reason"": ""Missing Critical Attributes: Motor spare without rating, frame or part number""}"
NMC-PW-MSC-0223,Pt No 4471B Misc Spare,MISC_UNCLASSIFIED,Miscellaneous / Unclassified Spares,Power,NOS,1,NTPC_PW,"{""models"": {""part_number"": ""4471B""}, ""is_ambiguous"": true, ""ambiguity_reason"": ""Low Information: Lacks technical specifications or recognizable equipment type""}"
NMC-ST-MSC-0224,Pt No 4471B Misc Spare,MISC_UNCLASSIFIED,Miscellaneous / Unclassified Spares,Steel,NOS,1,SAIL_ST,"{""models"": {""part_number"": ""4471B""}, ""is_ambiguous"": true, ""ambiguity_reason"": ""Low Information: Lacks technical specifications or recognizable equipment type""}"
NMC-OG-MSC-0225,Motor Spare,MISC_UNCLASSIFIED,Miscellaneous / Unclassified Spares,Oil & Gas,NOS,1,CPCL_OG,"{""models"": {""part_number"": ""NUMBER""}, ""is_ambiguous"": true, ""ambiguity_reason"": ""Missing Critical Attributes: Motor spare without rating, frame or part number""}"
NMC-PW-MSC-0226,Motor Spare Oem,MISC_UNCLASSIFIED,Miscellaneous / Unclassified Spares,Power,NOS,1,NTPC_PW,"{""models"": {""part_number"": ""NUMBER""}, ""is_ambiguous"": true, ""ambiguity_reason"": ""Missing Critical Attributes: Motor spare without rating, frame or part number""}"
NMC-PW-MSC-0227,Pt No 4471B Misc Spare,MISC_UNCLASSIFIED,Miscellaneous / Unclassified Spares,Power,NOS,1,NTPC_PW,"{""models"": {""part_number"": ""4471B""}, ""is_ambiguous"": true, ""ambiguity_reason"": ""Low Information: Lacks technical specifications or recognizable equipment type""}"
NMC-PW-MSC-0228,Pt No 4471B Misc Spare Oem,MISC_UNCLASSIFIED,Miscellaneous / Unclassified Spares,Power,NOS,1,NTPC_PW,"{""models"": {""part_number"": ""4471B""}, ""is_ambiguous"": true, ""ambiguity_reason"": ""Low Information: Lacks technical specifications or recognizable equipment type""}"
NMC-HE-MSC-0229,Motor Spare,MISC_UNCLASSIFIED,Miscellaneous / Unclassified Spares,Heavy Engineering,NOS,1,BHEL_HE,"{""models"": {""part_number"": ""NUMBER""}, ""is_ambiguous"": true, ""ambiguity_reason"": ""Missing Critical Attributes: Motor spare without rating, frame or part number""}"
NMC-OG-MSC-0230,Pt No 4471B Misc Spare,MISC_UNCLASSIFIED,Miscellaneous / Unclassified Spares,Oil & Gas,NOS,1,CPCL_OG,"{""models"": {""part_number"": ""4471B""}, ""is_ambiguous"": true, ""ambiguity_reason"": ""Low Information: Lacks technical specifications or recognizable equipment type""}"
NMC-MN-MSC-0231,Pt No 4471B Misc Spare,MISC_UNCLASSIFIED,Miscellaneous / Unclassified Spares,Mining,NOS,1,CIL_MN,"{""models"": {""part_number"": ""4471B""}, ""is_ambiguous"": true, ""ambiguity_reason"": ""Low Information: Lacks technical specifications or recognizable equipment type""}"
NMC-PW-SWG-0016,Numerical Relay Feeder Protection Std,SWITCHGEAR,Insulators & Switchgear,Power,NOS,2,NTPC_PW,"{""standards"": [""IEC 60255"", ""IEC 61850""], ""electrical"": {""voltage"": ""11KV""}}"
NMC-PW-MSC-0232,Motor Spare,MISC_UNCLASSIFIED,Miscellaneous / Unclassified Spares,Power,NOS,1,NTPC_PW,"{""models"": {""part_number"": ""NUMBER""}, ""is_ambiguous"": true, ""ambiguity_reason"": ""Missing Critical Attributes: Motor spare without rating, frame or part number""}"
NMC-HE-MSC-0233,Pt No 4471B Misc Spare,MISC_UNCLASSIFIED,Miscellaneous / Unclassified Spares,Heavy Engineering,NOS,1,BHEL_HE,"{""models"": {""part_number"": ""4471B""}, ""is_ambiguous"": true, ""ambiguity_reason"": ""Low Information: Lacks technical specifications or recognizable equipment type""}"
NMC-PW-MSC-0234,Motor Spare Rev-A,MISC_UNCLASSIFIED,Miscellaneous / Unclassified Spares,Power,NOS,1,NTPC_PW,"{""models"": {""part_number"": ""NUMBER""}, ""is_ambiguous"": true, ""ambiguity_reason"": ""Missing Critical Attributes: Motor spare without rating, frame or part number""}"
NMC-PW-PIP-0011,Generator Rotor Retaining Ring Variant 08 Rev-B,PIPE_FITTINGS,Flanges & Pipe Fittings,Power,NOS,4,NTPC_PW,"{""models"": {""variant"": ""Variant 08""}}"
NMC-ST-MSC-0235,Motor Spare Maint,MISC_UNCLASSIFIED,Miscellaneous / Unclassified Spares,Steel,NOS,1,SAIL_ST,"{""models"": {""part_number"": ""NUMBER""}, ""is_ambiguous"": true, ""ambiguity_reason"": ""Missing Critical Attributes: Motor spare without rating, frame or part number""}"
NMC-PW-MSC-0236,Motor Spare,MISC_UNCLASSIFIED,Miscellaneous / Unclassified Spares,Power,NOS,1,NTPC_PW,"{""models"": {""part_number"": ""NUMBER""}, ""is_ambiguous"": true, ""ambiguity_reason"": ""Missing Critical Attributes: Motor spare without rating, frame or part number""}"
NMC-HE-MSC-0237,Motor Spare Std,MISC_UNCLASSIFIED,Miscellaneous / Unclassified Spares,Heavy Engineering,NOS,1,BHEL_HE,"{""models"": {""part_number"": ""NUMBER""}, ""is_ambiguous"": true, ""ambiguity_reason"": ""Missing Critical Attributes: Motor spare without rating, frame or part number""}"
NMC-OG-MSC-0238,Motor Spare,MISC_UNCLASSIFIED,Miscellaneous / Unclassified Spares,Oil & Gas,NOS,1,CPCL_OG,"{""models"": {""part_number"": ""NUMBER""}, ""is_ambiguous"": true, ""ambiguity_reason"": ""Missing Critical Attributes: Motor spare without rating, frame or part number""}"
NMC-MN-MSC-0239,Motor Spare,MISC_UNCLASSIFIED,Miscellaneous / Unclassified Spares,Mining,NOS,1,CIL_MN,"{""models"": {""part_number"": ""NUMBER""}, ""is_ambiguous"": true, ""ambiguity_reason"": ""Missing Critical Attributes: Motor spare without rating, frame or part number""}"
NMC-PW-MSC-0240,Motor Spare General,MISC_UNCLASSIFIED,Miscellaneous / Unclassified Spares,Power,NOS,1,NTPC_PW,"{""models"": {""part_number"": ""NUMBER""}, ""is_ambiguous"": true, ""ambiguity_reason"": ""Missing Critical Attributes: Motor spare without rating, frame or part number""}"
NMC-ST-MSC-0241,Motor Spare,MISC_UNCLASSIFIED,Miscellaneous / Unclassified Spares,Steel,NOS,1,SAIL_ST,"{""models"": {""part_number"": ""NUMBER""}, ""is_ambiguous"": true, ""ambiguity_reason"": ""Missing Critical Attributes: Motor spare without rating, frame or part number""}"
NMC-OG-MSC-0242,Pt No 4471B Misc Spare,MISC_UNCLASSIFIED,Miscellaneous / Unclassified Spares,Oil & Gas,NOS,1,CPCL_OG,"{""models"": {""part_number"": ""4471B""}, ""is_ambiguous"": true, ""ambiguity_reason"": ""Low Information: Lacks technical specifications or recognizable equipment type""}"
NMC-MN-MSC-0243,Motor Spare Rev-B,MISC_UNCLASSIFIED,Miscellaneous / Unclassified Spares,Mining,NOS,1,CIL_MN,"{""models"": {""part_number"": ""NUMBER""}, ""is_ambiguous"": true, ""ambiguity_reason"": ""Missing Critical Attributes: Motor spare without rating, frame or part number""}"
NMC-HE-MSC-0244,Pt No 4471B Misc Spare,MISC_UNCLASSIFIED,Miscellaneous / Unclassified Spares,Heavy Engineering,NOS,1,BHEL_HE,"{""models"": {""part_number"": ""4471B""}, ""is_ambiguous"": true, ""ambiguity_reason"": ""Low Information: Lacks technical specifications or recognizable equipment type""}"
NMC-HE-MSC-0245,Motor Spare,MISC_UNCLASSIFIED,Miscellaneous / Unclassified Spares,Heavy Engineering,NOS,1,BHEL_HE,"{""models"": {""part_number"": ""NUMBER""}, ""is_ambiguous"": true, ""ambiguity_reason"": ""Missing Critical Attributes: Motor spare without rating, frame or part number""}"
NMC-ST-MSC-0246,Motor Spare,MISC_UNCLASSIFIED,Miscellaneous / Unclassified Spares,Steel,NOS,1,SAIL_ST,"{""models"": {""part_number"": ""NUMBER""}, ""is_ambiguous"": true, ""ambiguity_reason"": ""Missing Critical Attributes: Motor spare without rating, frame or part number""}"
NMC-HE-MSC-0247,Motor Spare General,MISC_UNCLASSIFIED,Miscellaneous / Unclassified Spares,Heavy Engineering,NOS,1,BHEL_HE,"{""models"": {""part_number"": ""NUMBER""}, ""is_ambiguous"": true, ""ambiguity_reason"": ""Missing Critical Attributes: Motor spare without rating, frame or part number""}"
NMC-ST-MSC-0248,Pt No 4471B Misc Spare,MISC_UNCLASSIFIED,Miscellaneous / Unclassified Spares,Steel,NOS,1,SAIL_ST,"{""models"": {""part_number"": ""4471B""}, ""is_ambiguous"": true, ""ambiguity_reason"": ""Low Information: Lacks technical specifications or recognizable equipment type""}"
NMC-HE-MSC-0249,Pt No 4471B Misc Spare,MISC_UNCLASSIFIED,Miscellaneous / Unclassified Spares,Heavy Engineering,NOS,1,BHEL_HE,"{""models"": {""part_number"": ""4471B""}, ""is_ambiguous"": true, ""ambiguity_reason"": ""Low Information: Lacks technical specifications or recognizable equipment type""}"
NMC-OG-MSC-0250,Motor Spare Std,MISC_UNCLASSIFIED,Miscellaneous / Unclassified Spares,Oil & Gas,NOS,1,CPCL_OG,"{""models"": {""part_number"": ""NUMBER""}, ""is_ambiguous"": true, ""ambiguity_reason"": ""Missing Critical Attributes: Motor spare without rating, frame or part number""}"
NMC-OG-MSC-0251,Pt No 4471B Misc Spare Rev-B,MISC_UNCLASSIFIED,Miscellaneous / Unclassified Spares,Oil & Gas,NOS,1,CPCL_OG,"{""models"": {""part_number"": ""4471B""}, ""is_ambiguous"": true, ""ambiguity_reason"": ""Low Information: Lacks technical specifications or recognizable equipment type""}"
NMC-MN-MSC-0252,Motor Spare Maint,MISC_UNCLASSIFIED,Miscellaneous / Unclassified Spares,Mining,NOS,1,CIL_MN,"{""models"": {""part_number"": ""NUMBER""}, ""is_ambiguous"": true, ""ambiguity_reason"": ""Missing Critical Attributes: Motor spare without rating, frame or part number""}"
NMC-PW-MSC-0253,Motor Spare,MISC_UNCLASSIFIED,Miscellaneous / Unclassified Spares,Power,NOS,1,NTPC_PW,"{""models"": {""part_number"": ""NUMBER""}, ""is_ambiguous"": true, ""ambiguity_reason"": ""Missing Critical Attributes: Motor spare without rating, frame or part number""}"
NMC-PW-MSC-0254,Pt No 4471B Misc Spare,MISC_UNCLASSIFIED,Miscellaneous / Unclassified Spares,Power,NOS,1,NTPC_PW,"{""models"": {""part_number"": ""4471B""}, ""is_ambiguous"": true, ""ambiguity_reason"": ""Low Information: Lacks technical specifications or recognizable equipment type""}"
NMC-PW-MSC-0255,Motor Spare,MISC_UNCLASSIFIED,Miscellaneous / Unclassified Spares,Power,NOS,1,NTPC_PW,"{""models"": {""part_number"": ""NUMBER""}, ""is_ambiguous"": true, ""ambiguity_reason"": ""Missing Critical Attributes: Motor spare without rating, frame or part number""}"
NMC-HE-MSC-0256,Pt No 4471B Misc Spare,MISC_UNCLASSIFIED,Miscellaneous / Unclassified Spares,Heavy Engineering,NOS,1,BHEL_HE,"{""models"": {""part_number"": ""4471B""}, ""is_ambiguous"": true, ""ambiguity_reason"": ""Low Information: Lacks technical specifications or recognizable equipment type""}"
NMC-OG-MSC-0257,Pt No 4471B Misc Spare Std,MISC_UNCLASSIFIED,Miscellaneous / Unclassified Spares,Oil & Gas,NOS,1,CPCL_OG,"{""models"": {""part_number"": ""4471B""}, ""is_ambiguous"": true, ""ambiguity_reason"": ""Low Information: Lacks technical specifications or recognizable equipment type""}"
NMC-PW-MSC-0258,Motor Spare,MISC_UNCLASSIFIED,Miscellaneous / Unclassified Spares,Power,NOS,1,NTPC_PW,"{""models"": {""part_number"": ""NUMBER""}, ""is_ambiguous"": true, ""ambiguity_reason"": ""Missing Critical Attributes: Motor spare without rating, frame or part number""}"
NMC-OG-MSC-0259,Pt No 4471B Misc Spare,MISC_UNCLASSIFIED,Miscellaneous / Unclassified Spares,Oil & Gas,NOS,1,CPCL_OG,"{""models"": {""part_number"": ""4471B""}, ""is_ambiguous"": true, ""ambiguity_reason"": ""Low Information: Lacks technical specifications or recognizable equipment type""}"
NMC-HE-MSC-0260,Pt No 4471B Misc Spare,MISC_UNCLASSIFIED,Miscellaneous / Unclassified Spares,Heavy Engineering,NOS,1,BHEL_HE,"{""models"": {""part_number"": ""4471B""}, ""is_ambiguous"": true, ""ambiguity_reason"": ""Low Information: Lacks technical specifications or recognizable equipment type""}"
NMC-MN-MSC-0261,Motor Spare,MISC_UNCLASSIFIED,Miscellaneous / Unclassified Spares,Mining,NOS,1,CIL_MN,"{""models"": {""part_number"": ""NUMBER""}, ""is_ambiguous"": true, ""ambiguity_reason"": ""Missing Critical Attributes: Motor spare without rating, frame or part number""}"
NMC-HE-MSC-0262,Motor Spare General,MISC_UNCLASSIFIED,Miscellaneous / Unclassified Spares,Heavy Engineering,NOS,1,BHEL_HE,"{""models"": {""part_number"": ""NUMBER""}, ""is_ambiguous"": true, ""ambiguity_reason"": ""Missing Critical Attributes: Motor spare without rating, frame or part number""}"
NMC-OG-MSC-0263,Motor Spare,MISC_UNCLASSIFIED,Miscellaneous / Unclassified Spares,Oil & Gas,NOS,1,CPCL_OG,"{""models"": {""part_number"": ""NUMBER""}, ""is_ambiguous"": true, ""ambiguity_reason"": ""Missing Critical Attributes: Motor spare without rating, frame or part number""}"
NMC-PW-MSC-0264,Motor Spare Plant,MISC_UNCLASSIFIED,Miscellaneous / Unclassified Spares,Power,NOS,1,NTPC_PW,"{""models"": {""part_number"": ""NUMBER""}, ""is_ambiguous"": true, ""ambiguity_reason"": ""Missing Critical Attributes: Motor spare without rating, frame or part number""}"
NMC-OG-DRL-0027,Api Drill Collar 6.5 Inch Rev-A,DRILLING_MINING,Drilling & Mining Tools,Oil & Gas,MTR,9,CPCL_OG,{}
NMC-OG-MSC-0265,Motor Spare,MISC_UNCLASSIFIED,Miscellaneous / Unclassified Spares,Oil & Gas,NOS,1,CPCL_OG,"{""models"": {""part_number"": ""NUMBER""}, ""is_ambiguous"": true, ""ambiguity_reason"": ""Missing Critical Attributes: Motor spare without rating, frame or part number""}"
NMC-OG-MSC-0266,Motor Spare,MISC_UNCLASSIFIED,Miscellaneous / Unclassified Spares,Oil & Gas,NOS,1,CPCL_OG,"{""models"": {""part_number"": ""NUMBER""}, ""is_ambiguous"": true, ""ambiguity_reason"": ""Missing Critical Attributes: Motor spare without rating, frame or part number""}"
NMC-ST-REF-0008,Basic Oxygen Furnace Tuyere Rev-A,REFRACTORIES,Refractories & Furnace Linings,Steel,NOS,13,SAIL_ST,"{""material"": ""Copper"", ""electrical"": {""conductor"": ""Copper""}}"
NMC-OG-MSC-0267,Pt No 4471B Misc Spare,MISC_UNCLASSIFIED,Miscellaneous / Unclassified Spares,Oil & Gas,NOS,1,CPCL_OG,"{""models"": {""part_number"": ""4471B""}, ""is_ambiguous"": true, ""ambiguity_reason"": ""Low Information: Lacks technical specifications or recognizable equipment type""}"
NMC-OG-MSC-0268,Motor Spare Industrial,MISC_UNCLASSIFIED,Miscellaneous / Unclassified Spares,Oil & Gas,NOS,1,CPCL_OG,"{""models"": {""part_number"": ""NUMBER""}, ""is_ambiguous"": true, ""ambiguity_reason"": ""Missing Critical Attributes: Motor spare without rating, frame or part number""}"
NMC-OG-MSC-0269,Pt No 4471B Misc Spare General,MISC_UNCLASSIFIED,Miscellaneous / Unclassified Spares,Oil & Gas,NOS,1,CPCL_OG,"{""models"": {""part_number"": ""4471B""}, ""is_ambiguous"": true, ""ambiguity_reason"": ""Low Information: Lacks technical specifications or recognizable equipment type""}"
NMC-PW-MSC-0270,Motor Spare,MISC_UNCLASSIFIED,Miscellaneous / Unclassified Spares,Power,NOS,1,NTPC_PW,"{""models"": {""part_number"": ""NUMBER""}, ""is_ambiguous"": true, ""ambiguity_reason"": ""Missing Critical Attributes: Motor spare without rating, frame or part number""}"
NMC-PW-STL-0018,Generator Rotor Retaining Ring Std,STRUCTURAL_STEEL,Structural Steel & Billets,Power,NOS,6,NTPC_PW,{}
NMC-MN-MSC-0271,Motor Spare,MISC_UNCLASSIFIED,Miscellaneous / Unclassified Spares,Mining,NOS,1,CIL_MN,"{""models"": {""part_number"": ""NUMBER""}, ""is_ambiguous"": true, ""ambiguity_reason"": ""Missing Critical Attributes: Motor spare without rating, frame or part number""}"
NMC-PW-MSC-0272,Motor Spare,MISC_UNCLASSIFIED,Miscellaneous / Unclassified Spares,Power,NOS,1,NTPC_PW,"{""models"": {""part_number"": ""NUMBER""}, ""is_ambiguous"": true, ""ambiguity_reason"": ""Missing Critical Attributes: Motor spare without rating, frame or part number""}"
NMC-HE-MSC-0273,Motor Spare Maint,MISC_UNCLASSIFIED,Miscellaneous / Unclassified Spares,Heavy Engineering,NOS,1,BHEL_HE,"{""models"": {""part_number"": ""NUMBER""}, ""is_ambiguous"": true, ""ambiguity_reason"": ""Missing Critical Attributes: Motor spare without rating, frame or part number""}"
NMC-PW-MSC-0274,Motor Spare Oem,MISC_UNCLASSIFIED,Miscellaneous / Unclassified Spares,Power,NOS,1,NTPC_PW,"{""models"": {""part_number"": ""NUMBER""}, ""is_ambiguous"": true, ""ambiguity_reason"": ""Missing Critical Attributes: Motor spare without rating, frame or part number""}"
NMC-OG-MSC-0275,Pt No 4471B Misc Spare,MISC_UNCLASSIFIED,Miscellaneous / Unclassified Spares,Oil & Gas,NOS,1,CPCL_OG,"{""models"": {""part_number"": ""4471B""}, ""is_ambiguous"": true, ""ambiguity_reason"": ""Low Information: Lacks technical specifications or recognizable equipment type""}"
NMC-ST-MSC-0276,Pt No 4471B Misc Spare Rev-B,MISC_UNCLASSIFIED,Miscellaneous / Unclassified Spares,Steel,NOS,1,SAIL_ST,"{""models"": {""part_number"": ""4471B""}, ""is_ambiguous"": true, ""ambiguity_reason"": ""Low Information: Lacks technical specifications or recognizable equipment type""}"
NMC-ST-MSC-0277,Motor Spare,MISC_UNCLASSIFIED,Miscellaneous / Unclassified Spares,Steel,NOS,1,SAIL_ST,"{""models"": {""part_number"": ""NUMBER""}, ""is_ambiguous"": true, ""ambiguity_reason"": ""Missing Critical Attributes: Motor spare without rating, frame or part number""}"
NMC-PW-MSC-0278,Pt No 4471B Misc Spare Store,MISC_UNCLASSIFIED,Miscellaneous / Unclassified Spares,Power,NOS,1,NTPC_PW,"{""models"": {""part_number"": ""4471B""}, ""is_ambiguous"": true, ""ambiguity_reason"": ""Low Information: Lacks technical specifications or recognizable equipment type""}"
NMC-ST-MSC-0279,Pt No 4471B Misc Spare,MISC_UNCLASSIFIED,Miscellaneous / Unclassified Spares,Steel,NOS,1,SAIL_ST,"{""models"": {""part_number"": ""4471B""}, ""is_ambiguous"": true, ""ambiguity_reason"": ""Low Information: Lacks technical specifications or recognizable equipment type""}"
NMC-ST-MSC-0280,Motor Spare,MISC_UNCLASSIFIED,Miscellaneous / Unclassified Spares,Steel,NOS,1,SAIL_ST,"{""models"": {""part_number"": ""NUMBER""}, ""is_ambiguous"": true, ""ambiguity_reason"": ""Missing Critical Attributes: Motor spare without rating, frame or part number""}"
NMC-OG-MSC-0281,Pt No 4471B Misc Spare,MISC_UNCLASSIFIED,Miscellaneous / Unclassified Spares,Oil & Gas,NOS,1,CPCL_OG,"{""models"": {""part_number"": ""4471B""}, ""is_ambiguous"": true, ""ambiguity_reason"": ""Low Information: Lacks technical specifications or recognizable equipment type""}"
NMC-PW-MSC-0282,Motor Spare,MISC_UNCLASSIFIED,Miscellaneous / Unclassified Spares,Power,NOS,1,NTPC_PW,"{""models"": {""part_number"": ""NUMBER""}, ""is_ambiguous"": true, ""ambiguity_reason"": ""Missing Critical Attributes: Motor spare without rating, frame or part number""}"
NMC-ST-MSC-0283,Motor Spare,MISC_UNCLASSIFIED,Miscellaneous / Unclassified Spares,Steel,NOS,1,SAIL_ST,"{""models"": {""part_number"": ""NUMBER""}, ""is_ambiguous"": true, ""ambiguity_reason"": ""Missing Critical Attributes: Motor spare without rating, frame or part number""}"
NMC-ST-MSC-0284,Pt No 4471B Misc Spare Oem,MISC_UNCLASSIFIED,Miscellaneous / Unclassified Spares,Steel,NOS,1,SAIL_ST,"{""models"": {""part_number"": ""4471B""}, ""is_ambiguous"": true, ""ambiguity_reason"": ""Low Information: Lacks technical specifications or recognizable equipment type""}"
NMC-OG-MSC-0285,Pt No 4471B Misc Spare Store,MISC_UNCLASSIFIED,Miscellaneous / Unclassified Spares,Oil & Gas,NOS,1,CPCL_OG,"{""models"": {""part_number"": ""4471B""}, ""is_ambiguous"": true, ""ambiguity_reason"": ""Low Information: Lacks technical specifications or recognizable equipment type""}"
NMC-ST-MSC-0286,Motor Spare,MISC_UNCLASSIFIED,Miscellaneous / Unclassified Spares,Steel,NOS,1,SAIL_ST,"{""models"": {""part_number"": ""NUMBER""}, ""is_ambiguous"": true, ""ambiguity_reason"": ""Missing Critical Attributes: Motor spare without rating, frame or part number""}"
NMC-MN-MSC-0287,Motor Spare,MISC_UNCLASSIFIED,Miscellaneous / Unclassified Spares,Mining,NOS,1,CIL_MN,"{""models"": {""part_number"": ""NUMBER""}, ""is_ambiguous"": true, ""ambiguity_reason"": ""Missing Critical Attributes: Motor spare without rating, frame or part number""}"
NMC-OG-MSC-0288,Pt No 4471B Misc Spare,MISC_UNCLASSIFIED,Miscellaneous / Unclassified Spares,Oil & Gas,NOS,1,CPCL_OG,"{""models"": {""part_number"": ""4471B""}, ""is_ambiguous"": true, ""ambiguity_reason"": ""Low Information: Lacks technical specifications or recognizable equipment type""}"
NMC-OG-MSC-0289,Motor Spare,MISC_UNCLASSIFIED,Miscellaneous / Unclassified Spares,Oil & Gas,NOS,1,CPCL_OG,"{""models"": {""part_number"": ""NUMBER""}, ""is_ambiguous"": true, ""ambiguity_reason"": ""Missing Critical Attributes: Motor spare without rating, frame or part number""}"
NMC-HE-CBL-0012,Precision Linear Guide 35Mm Maint,CABLES_CONDUCTORS,Cables & Conductors,Heavy Engineering,SET,2,BHEL_HE,"{""dimensions"": {""diameter_mm"": 35.0}}"
NMC-HE-MSC-0290,Motor Spare,MISC_UNCLASSIFIED,Miscellaneous / Unclassified Spares,Heavy Engineering,NOS,1,BHEL_HE,"{""models"": {""part_number"": ""NUMBER""}, ""is_ambiguous"": true, ""ambiguity_reason"": ""Missing Critical Attributes: Motor spare without rating, frame or part number""}"
NMC-MN-MSC-0291,Motor Spare,MISC_UNCLASSIFIED,Miscellaneous / Unclassified Spares,Mining,NOS,1,CIL_MN,"{""models"": {""part_number"": ""NUMBER""}, ""is_ambiguous"": true, ""ambiguity_reason"": ""Missing Critical Attributes: Motor spare without rating, frame or part number""}"
NMC-PW-MSC-0292,Motor Spare,MISC_UNCLASSIFIED,Miscellaneous / Unclassified Spares,Power,NOS,1,NTPC_PW,"{""models"": {""part_number"": ""NUMBER""}, ""is_ambiguous"": true, ""ambiguity_reason"": ""Missing Critical Attributes: Motor spare without rating, frame or part number""}"
NMC-HE-MSC-0293,Motor Spare,MISC_UNCLASSIFIED,Miscellaneous / Unclassified Spares,Heavy Engineering,NOS,1,BHEL_HE,"{""models"": {""part_number"": ""NUMBER""}, ""is_ambiguous"": true, ""ambiguity_reason"": ""Missing Critical Attributes: Motor spare without rating, frame or part number""}"
NMC-ST-MSC-0294,Motor Spare,MISC_UNCLASSIFIED,Miscellaneous / Unclassified Spares,Steel,NOS,1,SAIL_ST,"{""models"": {""part_number"": ""NUMBER""}, ""is_ambiguous"": true, ""ambiguity_reason"": ""Missing Critical Attributes: Motor spare without rating, frame or part number""}"
NMC-OG-MSC-0295,Pt No 4471B Misc Spare,MISC_UNCLASSIFIED,Miscellaneous / Unclassified Spares,Oil & Gas,NOS,1,CPCL_OG,"{""models"": {""part_number"": ""4471B""}, ""is_ambiguous"": true, ""ambiguity_reason"": ""Low Information: Lacks technical specifications or recognizable equipment type""}"
NMC-HE-MSC-0296,Pt No 4471B Misc Spare,MISC_UNCLASSIFIED,Miscellaneous / Unclassified Spares,Heavy Engineering,NOS,1,BHEL_HE,"{""models"": {""part_number"": ""4471B""}, ""is_ambiguous"": true, ""ambiguity_reason"": ""Low Information: Lacks technical specifications or recognizable equipment type""}"
NMC-OG-MSC-0297,Pt No 4471B Misc Spare,MISC_UNCLASSIFIED,Miscellaneous / Unclassified Spares,Oil & Gas,NOS,1,CPCL_OG,"{""models"": {""part_number"": ""4471B""}, ""is_ambiguous"": true, ""ambiguity_reason"": ""Low Information: Lacks technical specifications or recognizable equipment type""}"
NMC-MN-MSC-0298,Motor Spare,MISC_UNCLASSIFIED,Miscellaneous / Unclassified Spares,Mining,NOS,1,CIL_MN,"{""models"": {""part_number"": ""NUMBER""}, ""is_ambiguous"": true, ""ambiguity_reason"": ""Missing Critical Attributes: Motor spare without rating, frame or part number""}"
NMC-ST-MSC-0299,Motor Spare Rev-B,MISC_UNCLASSIFIED,Miscellaneous / Unclassified Spares,Steel,NOS,1,SAIL_ST,"{""models"": {""part_number"": ""NUMBER""}, ""is_ambiguous"": true, ""ambiguity_reason"": ""Missing Critical Attributes: Motor spare without rating, frame or part number""}"
NMC-MN-MSC-0300,Motor Spare Store,MISC_UNCLASSIFIED,Miscellaneous / Unclassified Spares,Mining,NOS,1,CIL_MN,"{""models"": {""part_number"": ""NUMBER""}, ""is_ambiguous"": true, ""ambiguity_reason"": ""Missing Critical Attributes: Motor spare without rating, frame or part number""}"
NMC-PW-MSC-0301,Pt No 4471B Misc Spare,MISC_UNCLASSIFIED,Miscellaneous / Unclassified Spares,Power,NOS,1,NTPC_PW,"{""models"": {""part_number"": ""4471B""}, ""is_ambiguous"": true, ""ambiguity_reason"": ""Low Information: Lacks technical specifications or recognizable equipment type""}"
NMC-PW-MSC-0302,Motor Spare Rev-A,MISC_UNCLASSIFIED,Miscellaneous / Unclassified Spares,Power,NOS,1,NTPC_PW,"{""models"": {""part_number"": ""NUMBER""}, ""is_ambiguous"": true, ""ambiguity_reason"": ""Missing Critical Attributes: Motor spare without rating, frame or part number""}"
NMC-ST-MSC-0303,Pt No 4471B Misc Spare,MISC_UNCLASSIFIED,Miscellaneous / Unclassified Spares,Steel,NOS,1,SAIL_ST,"{""models"": {""part_number"": ""4471B""}, ""is_ambiguous"": true, ""ambiguity_reason"": ""Low Information: Lacks technical specifications or recognizable equipment type""}"
NMC-PW-MSC-0304,Motor Spare Rev-B,MISC_UNCLASSIFIED,Miscellaneous / Unclassified Spares,Power,NOS,1,NTPC_PW,"{""models"": {""part_number"": ""NUMBER""}, ""is_ambiguous"": true, ""ambiguity_reason"": ""Missing Critical Attributes: Motor spare without rating, frame or part number""}"
NMC-HE-MSC-0305,Pt No 4471B Misc Spare,MISC_UNCLASSIFIED,Miscellaneous / Unclassified Spares,Heavy Engineering,NOS,1,BHEL_HE,"{""models"": {""part_number"": ""4471B""}, ""is_ambiguous"": true, ""ambiguity_reason"": ""Low Information: Lacks technical specifications or recognizable equipment type""}"
NMC-OG-VLV-0028,Gas Compressor Valve Plate Plant,VALVES_FLOW,Valves & Flow Control,Oil & Gas,NOS,4,CPCL_OG,{}
NMC-MN-MSC-0306,Pt No 4471B Misc Spare,MISC_UNCLASSIFIED,Miscellaneous / Unclassified Spares,Mining,NOS,1,CIL_MN,"{""models"": {""part_number"": ""4471B""}, ""is_ambiguous"": true, ""ambiguity_reason"": ""Low Information: Lacks technical specifications or recognizable equipment type""}"
NMC-PW-MSC-0307,Motor Spare Rev-B,MISC_UNCLASSIFIED,Miscellaneous / Unclassified Spares,Power,NOS,1,NTPC_PW,"{""models"": {""part_number"": ""NUMBER""}, ""is_ambiguous"": true, ""ambiguity_reason"": ""Missing Critical Attributes: Motor spare without rating, frame or part number""}"
NMC-HE-MSC-0308,Pt No 4471B Misc Spare,MISC_UNCLASSIFIED,Miscellaneous / Unclassified Spares,Heavy Engineering,NOS,1,BHEL_HE,"{""models"": {""part_number"": ""4471B""}, ""is_ambiguous"": true, ""ambiguity_reason"": ""Low Information: Lacks technical specifications or recognizable equipment type""}"
NMC-PW-MSC-0309,Pt No 4471B Misc Spare Rev-B,MISC_UNCLASSIFIED,Miscellaneous / Unclassified Spares,Power,NOS,1,NTPC_PW,"{""models"": {""part_number"": ""4471B""}, ""is_ambiguous"": true, ""ambiguity_reason"": ""Low Information: Lacks technical specifications or recognizable equipment type""}"
NMC-PW-MSC-0310,Motor Spare,MISC_UNCLASSIFIED,Miscellaneous / Unclassified Spares,Power,NOS,1,NTPC_PW,"{""models"": {""part_number"": ""NUMBER""}, ""is_ambiguous"": true, ""ambiguity_reason"": ""Missing Critical Attributes: Motor spare without rating, frame or part number""}"
NMC-ST-MSC-0311,Motor Spare,MISC_UNCLASSIFIED,Miscellaneous / Unclassified Spares,Steel,NOS,1,SAIL_ST,"{""models"": {""part_number"": ""NUMBER""}, ""is_ambiguous"": true, ""ambiguity_reason"": ""Missing Critical Attributes: Motor spare without rating, frame or part number""}"
NMC-ST-MSC-0312,Pt No 4471B Misc Spare,MISC_UNCLASSIFIED,Miscellaneous / Unclassified Spares,Steel,NOS,1,SAIL_ST,"{""models"": {""part_number"": ""4471B""}, ""is_ambiguous"": true, ""ambiguity_reason"": ""Low Information: Lacks technical specifications or recognizable equipment type""}"
NMC-MN-MSC-0313,Pt No 4471B Misc Spare,MISC_UNCLASSIFIED,Miscellaneous / Unclassified Spares,Mining,NOS,1,CIL_MN,"{""models"": {""part_number"": ""4471B""}, ""is_ambiguous"": true, ""ambiguity_reason"": ""Low Information: Lacks technical specifications or recognizable equipment type""}"
NMC-MN-MSC-0314,Pt No 4471B Misc Spare,MISC_UNCLASSIFIED,Miscellaneous / Unclassified Spares,Mining,NOS,1,CIL_MN,"{""models"": {""part_number"": ""4471B""}, ""is_ambiguous"": true, ""ambiguity_reason"": ""Low Information: Lacks technical specifications or recognizable equipment type""}"
NMC-MN-MSC-0315,Motor Spare,MISC_UNCLASSIFIED,Miscellaneous / Unclassified Spares,Mining,NOS,1,CIL_MN,"{""models"": {""part_number"": ""NUMBER""}, ""is_ambiguous"": true, ""ambiguity_reason"": ""Missing Critical Attributes: Motor spare without rating, frame or part number""}"
NMC-HE-MSC-0316,Pt No 4471B Misc Spare Store,MISC_UNCLASSIFIED,Miscellaneous / Unclassified Spares,Heavy Engineering,NOS,1,BHEL_HE,"{""models"": {""part_number"": ""4471B""}, ""is_ambiguous"": true, ""ambiguity_reason"": ""Low Information: Lacks technical specifications or recognizable equipment type""}"
NMC-PW-MSC-0317,Pt No 4471B Misc Spare,MISC_UNCLASSIFIED,Miscellaneous / Unclassified Spares,Power,NOS,1,NTPC_PW,"{""models"": {""part_number"": ""4471B""}, ""is_ambiguous"": true, ""ambiguity_reason"": ""Low Information: Lacks technical specifications or recognizable equipment type""}"
NMC-HE-MSC-0318,Pt No 4471B Misc Spare,MISC_UNCLASSIFIED,Miscellaneous / Unclassified Spares,Heavy Engineering,NOS,1,BHEL_HE,"{""models"": {""part_number"": ""4471B""}, ""is_ambiguous"": true, ""ambiguity_reason"": ""Low Information: Lacks technical specifications or recognizable equipment type""}"
NMC-ST-MSC-0319,Motor Spare,MISC_UNCLASSIFIED,Miscellaneous / Unclassified Spares,Steel,NOS,1,SAIL_ST,"{""models"": {""part_number"": ""NUMBER""}, ""is_ambiguous"": true, ""ambiguity_reason"": ""Missing Critical Attributes: Motor spare without rating, frame or part number""}"
NMC-HE-MSC-0320,Motor Spare,MISC_UNCLASSIFIED,Miscellaneous / Unclassified Spares,Heavy Engineering,NOS,1,BHEL_HE,"{""models"": {""part_number"": ""NUMBER""}, ""is_ambiguous"": true, ""ambiguity_reason"": ""Missing Critical Attributes: Motor spare without rating, frame or part number""}"
NMC-OG-MSC-0321,Pt No 4471B Misc Spare,MISC_UNCLASSIFIED,Miscellaneous / Unclassified Spares,Oil & Gas,NOS,1,CPCL_OG,"{""models"": {""part_number"": ""4471B""}, ""is_ambiguous"": true, ""ambiguity_reason"": ""Low Information: Lacks technical specifications or recognizable equipment type""}"
NMC-ST-MSC-0322,Motor Spare,MISC_UNCLASSIFIED,Miscellaneous / Unclassified Spares,Steel,NOS,1,SAIL_ST,"{""models"": {""part_number"": ""NUMBER""}, ""is_ambiguous"": true, ""ambiguity_reason"": ""Missing Critical Attributes: Motor spare without rating, frame or part number""}"
NMC-ST-MSC-0323,Motor Spare,MISC_UNCLASSIFIED,Miscellaneous / Unclassified Spares,Steel,NOS,1,SAIL_ST,"{""models"": {""part_number"": ""NUMBER""}, ""is_ambiguous"": true, ""ambiguity_reason"": ""Missing Critical Attributes: Motor spare without rating, frame or part number""}"
NMC-ST-MSC-0324,Pt No 4471B Misc Spare Plant,MISC_UNCLASSIFIED,Miscellaneous / Unclassified Spares,Steel,NOS,1,SAIL_ST,"{""models"": {""part_number"": ""4471B""}, ""is_ambiguous"": true, ""ambiguity_reason"": ""Low Information: Lacks technical specifications or recognizable equipment type""}"
NMC-MN-MSC-0325,Pt No 4471B Misc Spare Plant,MISC_UNCLASSIFIED,Miscellaneous / Unclassified Spares,Mining,NOS,1,CIL_MN,"{""models"": {""part_number"": ""4471B""}, ""is_ambiguous"": true, ""ambiguity_reason"": ""Low Information: Lacks technical specifications or recognizable equipment type""}"
NMC-HE-MSC-0326,Pt No 4471B Misc Spare,MISC_UNCLASSIFIED,Miscellaneous / Unclassified Spares,Heavy Engineering,NOS,1,BHEL_HE,"{""models"": {""part_number"": ""4471B""}, ""is_ambiguous"": true, ""ambiguity_reason"": ""Low Information: Lacks technical specifications or recognizable equipment type""}"
NMC-ST-MSC-0327,Pt No 4471B Misc Spare Maint,MISC_UNCLASSIFIED,Miscellaneous / Unclassified Spares,Steel,NOS,1,SAIL_ST,"{""models"": {""part_number"": ""4471B""}, ""is_ambiguous"": true, ""ambiguity_reason"": ""Low Information: Lacks technical specifications or recognizable equipment type""}"
NMC-ST-MSC-0328,Motor Spare Rev-A,MISC_UNCLASSIFIED,Miscellaneous / Unclassified Spares,Steel,NOS,1,SAIL_ST,"{""models"": {""part_number"": ""NUMBER""}, ""is_ambiguous"": true, ""ambiguity_reason"": ""Missing Critical Attributes: Motor spare without rating, frame or part number""}"
NMC-ST-MSC-0329,Pt No 4471B Misc Spare Rev-A,MISC_UNCLASSIFIED,Miscellaneous / Unclassified Spares,Steel,NOS,1,SAIL_ST,"{""models"": {""part_number"": ""4471B""}, ""is_ambiguous"": true, ""ambiguity_reason"": ""Low Information: Lacks technical specifications or recognizable equipment type""}"
NMC-PW-MSC-0330,Pt No 4471B Misc Spare,MISC_UNCLASSIFIED,Miscellaneous / Unclassified Spares,Power,NOS,1,NTPC_PW,"{""models"": {""part_number"": ""4471B""}, ""is_ambiguous"": true, ""ambiguity_reason"": ""Low Information: Lacks technical specifications or recognizable equipment type""}"
NMC-HE-MSC-0331,Pt No 4471B Misc Spare,MISC_UNCLASSIFIED,Miscellaneous / Unclassified Spares,Heavy Engineering,NOS,1,BHEL_HE,"{""models"": {""part_number"": ""4471B""}, ""is_ambiguous"": true, ""ambiguity_reason"": ""Low Information: Lacks technical specifications or recognizable equipment type""}"
NMC-HE-MSC-0332,Pt No 4471B Misc Spare,MISC_UNCLASSIFIED,Miscellaneous / Unclassified Spares,Heavy Engineering,NOS,1,BHEL_HE,"{""models"": {""part_number"": ""4471B""}, ""is_ambiguous"": true, ""ambiguity_reason"": ""Low Information: Lacks technical specifications or recognizable equipment type""}"
NMC-PW-MSC-0333,Pt No 4471B Misc Spare,MISC_UNCLASSIFIED,Miscellaneous / Unclassified Spares,Power,NOS,1,NTPC_PW,"{""models"": {""part_number"": ""4471B""}, ""is_ambiguous"": true, ""ambiguity_reason"": ""Low Information: Lacks technical specifications or recognizable equipment type""}"
NMC-MN-MSC-0334,Pt No 4471B Misc Spare Hd,MISC_UNCLASSIFIED,Miscellaneous / Unclassified Spares,Mining,NOS,1,CIL_MN,"{""models"": {""part_number"": ""4471B""}, ""is_ambiguous"": true, ""ambiguity_reason"": ""Low Information: Lacks technical specifications or recognizable equipment type""}"
NMC-OG-MSC-0335,Motor Spare General,MISC_UNCLASSIFIED,Miscellaneous / Unclassified Spares,Oil & Gas,NOS,1,CPCL_OG,"{""models"": {""part_number"": ""NUMBER""}, ""is_ambiguous"": true, ""ambiguity_reason"": ""Missing Critical Attributes: Motor spare without rating, frame or part number""}"
NMC-PW-MSC-0336,Motor Spare General,MISC_UNCLASSIFIED,Miscellaneous / Unclassified Spares,Power,NOS,1,NTPC_PW,"{""models"": {""part_number"": ""NUMBER""}, ""is_ambiguous"": true, ""ambiguity_reason"": ""Missing Critical Attributes: Motor spare without rating, frame or part number""}"
NMC-ST-MSC-0337,Motor Spare,MISC_UNCLASSIFIED,Miscellaneous / Unclassified Spares,Steel,NOS,1,SAIL_ST,"{""models"": {""part_number"": ""NUMBER""}, ""is_ambiguous"": true, ""ambiguity_reason"": ""Missing Critical Attributes: Motor spare without rating, frame or part number""}"
NMC-PW-MSC-0338,Motor Spare General,MISC_UNCLASSIFIED,Miscellaneous / Unclassified Spares,Power,NOS,1,NTPC_PW,"{""models"": {""part_number"": ""NUMBER""}, ""is_ambiguous"": true, ""ambiguity_reason"": ""Missing Critical Attributes: Motor spare without rating, frame or part number""}"
NMC-HE-MSC-0339,Motor Spare Maint,MISC_UNCLASSIFIED,Miscellaneous / Unclassified Spares,Heavy Engineering,NOS,1,BHEL_HE,"{""models"": {""part_number"": ""NUMBER""}, ""is_ambiguous"": true, ""ambiguity_reason"": ""Missing Critical Attributes: Motor spare without rating, frame or part number""}"
NMC-HE-MSC-0340,Pt No 4471B Misc Spare,MISC_UNCLASSIFIED,Miscellaneous / Unclassified Spares,Heavy Engineering,NOS,1,BHEL_HE,"{""models"": {""part_number"": ""4471B""}, ""is_ambiguous"": true, ""ambiguity_reason"": ""Low Information: Lacks technical specifications or recognizable equipment type""}"
NMC-ST-MSC-0341,Motor Spare,MISC_UNCLASSIFIED,Miscellaneous / Unclassified Spares,Steel,NOS,1,SAIL_ST,"{""models"": {""part_number"": ""NUMBER""}, ""is_ambiguous"": true, ""ambiguity_reason"": ""Missing Critical Attributes: Motor spare without rating, frame or part number""}"
NMC-OG-MSC-0342,Pt No 4471B Misc Spare,MISC_UNCLASSIFIED,Miscellaneous / Unclassified Spares,Oil & Gas,NOS,1,CPCL_OG,"{""models"": {""part_number"": ""4471B""}, ""is_ambiguous"": true, ""ambiguity_reason"": ""Low Information: Lacks technical specifications or recognizable equipment type""}"
NMC-PW-MSC-0343,Pt No 4471B Misc Spare,MISC_UNCLASSIFIED,Miscellaneous / Unclassified Spares,Power,NOS,1,NTPC_PW,"{""models"": {""part_number"": ""4471B""}, ""is_ambiguous"": true, ""ambiguity_reason"": ""Low Information: Lacks technical specifications or recognizable equipment type""}"
NMC-OG-MSC-0344,Motor Spare Store,MISC_UNCLASSIFIED,Miscellaneous / Unclassified Spares,Oil & Gas,NOS,1,CPCL_OG,"{""models"": {""part_number"": ""NUMBER""}, ""is_ambiguous"": true, ""ambiguity_reason"": ""Missing Critical Attributes: Motor spare without rating, frame or part number""}"
NMC-ST-MSC-0345,Motor Spare,MISC_UNCLASSIFIED,Miscellaneous / Unclassified Spares,Steel,NOS,1,SAIL_ST,"{""models"": {""part_number"": ""NUMBER""}, ""is_ambiguous"": true, ""ambiguity_reason"": ""Missing Critical Attributes: Motor spare without rating, frame or part number""}"
NMC-PW-MSC-0346,Motor Spare,MISC_UNCLASSIFIED,Miscellaneous / Unclassified Spares,Power,NOS,1,NTPC_PW,"{""models"": {""part_number"": ""NUMBER""}, ""is_ambiguous"": true, ""ambiguity_reason"": ""Missing Critical Attributes: Motor spare without rating, frame or part number""}"
NMC-OG-MSC-0347,Pt No 4471B Misc Spare,MISC_UNCLASSIFIED,Miscellaneous / Unclassified Spares,Oil & Gas,NOS,1,CPCL_OG,"{""models"": {""part_number"": ""4471B""}, ""is_ambiguous"": true, ""ambiguity_reason"": ""Low Information: Lacks technical specifications or recognizable equipment type""}"
NMC-ST-MSC-0348,Motor Spare Maint,MISC_UNCLASSIFIED,Miscellaneous / Unclassified Spares,Steel,NOS,1,SAIL_ST,"{""models"": {""part_number"": ""NUMBER""}, ""is_ambiguous"": true, ""ambiguity_reason"": ""Missing Critical Attributes: Motor spare without rating, frame or part number""}"
NMC-ST-MSC-0349,Pt No 4471B Misc Spare Oem,MISC_UNCLASSIFIED,Miscellaneous / Unclassified Spares,Steel,NOS,1,SAIL_ST,"{""models"": {""part_number"": ""4471B""}, ""is_ambiguous"": true, ""ambiguity_reason"": ""Low Information: Lacks technical specifications or recognizable equipment type""}"
NMC-ST-MSC-0350,Pt No 4471B Misc Spare Hd,MISC_UNCLASSIFIED,Miscellaneous / Unclassified Spares,Steel,NOS,1,SAIL_ST,"{""models"": {""part_number"": ""4471B""}, ""is_ambiguous"": true, ""ambiguity_reason"": ""Low Information: Lacks technical specifications or recognizable equipment type""}"
NMC-HE-MSC-0351,Motor Spare,MISC_UNCLASSIFIED,Miscellaneous / Unclassified Spares,Heavy Engineering,NOS,1,BHEL_HE,"{""models"": {""part_number"": ""NUMBER""}, ""is_ambiguous"": true, ""ambiguity_reason"": ""Missing Critical Attributes: Motor spare without rating, frame or part number""}"
NMC-ST-MSC-0352,Motor Spare,MISC_UNCLASSIFIED,Miscellaneous / Unclassified Spares,Steel,NOS,1,SAIL_ST,"{""models"": {""part_number"": ""NUMBER""}, ""is_ambiguous"": true, ""ambiguity_reason"": ""Missing Critical Attributes: Motor spare without rating, frame or part number""}"
NMC-MN-MSC-0353,Pt No 4471B Misc Spare,MISC_UNCLASSIFIED,Miscellaneous / Unclassified Spares,Mining,NOS,1,CIL_MN,"{""models"": {""part_number"": ""4471B""}, ""is_ambiguous"": true, ""ambiguity_reason"": ""Low Information: Lacks technical specifications or recognizable equipment type""}"
NMC-PW-TRF-0017,Battery Charger 220V Dc 100A Rev-A,TRANSFORMERS,Transformers,Power,NOS,3,NTPC_PW,"{""electrical"": {""voltage"": ""220V"", ""current_rating_a"": 100}}"
NMC-MN-MSC-0354,Pt No 4471B Misc Spare Industrial,MISC_UNCLASSIFIED,Miscellaneous / Unclassified Spares,Mining,NOS,1,CIL_MN,"{""models"": {""part_number"": ""4471B""}, ""is_ambiguous"": true, ""ambiguity_reason"": ""Low Information: Lacks technical specifications or recognizable equipment type""}"
NMC-ST-MSC-0355,Pt No 4471B Misc Spare,MISC_UNCLASSIFIED,Miscellaneous / Unclassified Spares,Steel,NOS,1,SAIL_ST,"{""models"": {""part_number"": ""4471B""}, ""is_ambiguous"": true, ""ambiguity_reason"": ""Low Information: Lacks technical specifications or recognizable equipment type""}"
NMC-MN-MSC-0356,Motor Spare Std,MISC_UNCLASSIFIED,Miscellaneous / Unclassified Spares,Mining,NOS,1,CIL_MN,"{""models"": {""part_number"": ""NUMBER""}, ""is_ambiguous"": true, ""ambiguity_reason"": ""Missing Critical Attributes: Motor spare without rating, frame or part number""}"
NMC-ST-MSC-0357,Pt No 4471B Misc Spare Plant,MISC_UNCLASSIFIED,Miscellaneous / Unclassified Spares,Steel,NOS,1,SAIL_ST,"{""models"": {""part_number"": ""4471B""}, ""is_ambiguous"": true, ""ambiguity_reason"": ""Low Information: Lacks technical specifications or recognizable equipment type""}"
NMC-MN-MSC-0358,Pt No 4471B Misc Spare,MISC_UNCLASSIFIED,Miscellaneous / Unclassified Spares,Mining,NOS,1,CIL_MN,"{""models"": {""part_number"": ""4471B""}, ""is_ambiguous"": true, ""ambiguity_reason"": ""Low Information: Lacks technical specifications or recognizable equipment type""}"
NMC-HE-MSC-0359,Pt No 4471B Misc Spare,MISC_UNCLASSIFIED,Miscellaneous / Unclassified Spares,Heavy Engineering,NOS,1,BHEL_HE,"{""models"": {""part_number"": ""4471B""}, ""is_ambiguous"": true, ""ambiguity_reason"": ""Low Information: Lacks technical specifications or recognizable equipment type""}"
NMC-MN-MSC-0360,Motor Spare,MISC_UNCLASSIFIED,Miscellaneous / Unclassified Spares,Mining,NOS,1,CIL_MN,"{""models"": {""part_number"": ""NUMBER""}, ""is_ambiguous"": true, ""ambiguity_reason"": ""Missing Critical Attributes: Motor spare without rating, frame or part number""}"
NMC-HE-MSC-0361,Pt No 4471B Misc Spare,MISC_UNCLASSIFIED,Miscellaneous / Unclassified Spares,Heavy Engineering,NOS,1,BHEL_HE,"{""models"": {""part_number"": ""4471B""}, ""is_ambiguous"": true, ""ambiguity_reason"": ""Low Information: Lacks technical specifications or recognizable equipment type""}"
NMC-MN-MSC-0362,Motor Spare,MISC_UNCLASSIFIED,Miscellaneous / Unclassified Spares,Mining,NOS,1,CIL_MN,"{""models"": {""part_number"": ""NUMBER""}, ""is_ambiguous"": true, ""ambiguity_reason"": ""Missing Critical Attributes: Motor spare without rating, frame or part number""}"
NMC-MN-MSC-0363,Motor Spare,MISC_UNCLASSIFIED,Miscellaneous / Unclassified Spares,Mining,NOS,1,CIL_MN,"{""models"": {""part_number"": ""NUMBER""}, ""is_ambiguous"": true, ""ambiguity_reason"": ""Missing Critical Attributes: Motor spare without rating, frame or part number""}"
NMC-ST-MSC-0364,Motor Spare Maint,MISC_UNCLASSIFIED,Miscellaneous / Unclassified Spares,Steel,NOS,1,SAIL_ST,"{""models"": {""part_number"": ""NUMBER""}, ""is_ambiguous"": true, ""ambiguity_reason"": ""Missing Critical Attributes: Motor spare without rating, frame or part number""}"
NMC-MN-MSC-0365,Pt No 4471B Misc Spare,MISC_UNCLASSIFIED,Miscellaneous / Unclassified Spares,Mining,NOS,1,CIL_MN,"{""models"": {""part_number"": ""4471B""}, ""is_ambiguous"": true, ""ambiguity_reason"": ""Low Information: Lacks technical specifications or recognizable equipment type""}"
NMC-PW-FST-0019,Generator Rotor Retaining Ring Variant 20 Oem,FASTENERS,Fasteners & Hardware,Power,NOS,4,NTPC_PW,"{""models"": {""variant"": ""Variant 20""}}"
NMC-HE-MSC-0366,Motor Spare Rev-A,MISC_UNCLASSIFIED,Miscellaneous / Unclassified Spares,Heavy Engineering,NOS,1,BHEL_HE,"{""models"": {""part_number"": ""NUMBER""}, ""is_ambiguous"": true, ""ambiguity_reason"": ""Missing Critical Attributes: Motor spare without rating, frame or part number""}"
NMC-ST-MSC-0367,Motor Spare,MISC_UNCLASSIFIED,Miscellaneous / Unclassified Spares,Steel,NOS,1,SAIL_ST,"{""models"": {""part_number"": ""NUMBER""}, ""is_ambiguous"": true, ""ambiguity_reason"": ""Missing Critical Attributes: Motor spare without rating, frame or part number""}"
NMC-MN-MSC-0368,Motor Spare,MISC_UNCLASSIFIED,Miscellaneous / Unclassified Spares,Mining,NOS,1,CIL_MN,"{""models"": {""part_number"": ""NUMBER""}, ""is_ambiguous"": true, ""ambiguity_reason"": ""Missing Critical Attributes: Motor spare without rating, frame or part number""}"
NMC-ST-MSC-0369,Motor Spare Industrial,MISC_UNCLASSIFIED,Miscellaneous / Unclassified Spares,Steel,NOS,1,SAIL_ST,"{""models"": {""part_number"": ""NUMBER""}, ""is_ambiguous"": true, ""ambiguity_reason"": ""Missing Critical Attributes: Motor spare without rating, frame or part number""}"
NMC-MN-MSC-0370,Pt No 4471B Misc Spare,MISC_UNCLASSIFIED,Miscellaneous / Unclassified Spares,Mining,NOS,1,CIL_MN,"{""models"": {""part_number"": ""4471B""}, ""is_ambiguous"": true, ""ambiguity_reason"": ""Low Information: Lacks technical specifications or recognizable equipment type""}"
NMC-OG-MSC-0371,Motor Spare,MISC_UNCLASSIFIED,Miscellaneous / Unclassified Spares,Oil & Gas,NOS,1,CPCL_OG,"{""models"": {""part_number"": ""NUMBER""}, ""is_ambiguous"": true, ""ambiguity_reason"": ""Missing Critical Attributes: Motor spare without rating, frame or part number""}"
NMC-MN-MSC-0372,Pt No 4471B Misc Spare,MISC_UNCLASSIFIED,Miscellaneous / Unclassified Spares,Mining,NOS,1,CIL_MN,"{""models"": {""part_number"": ""4471B""}, ""is_ambiguous"": true, ""ambiguity_reason"": ""Low Information: Lacks technical specifications or recognizable equipment type""}"
NMC-MN-MSC-0373,Pt No 4471B Misc Spare General,MISC_UNCLASSIFIED,Miscellaneous / Unclassified Spares,Mining,NOS,1,CIL_MN,"{""models"": {""part_number"": ""4471B""}, ""is_ambiguous"": true, ""ambiguity_reason"": ""Low Information: Lacks technical specifications or recognizable equipment type""}"
NMC-PW-MSC-0374,Pt No 4471B Misc Spare Plant,MISC_UNCLASSIFIED,Miscellaneous / Unclassified Spares,Power,NOS,1,NTPC_PW,"{""models"": {""part_number"": ""4471B""}, ""is_ambiguous"": true, ""ambiguity_reason"": ""Low Information: Lacks technical specifications or recognizable equipment type""}"
NMC-PW-MSC-0375,Pt No 4471B Misc Spare Store,MISC_UNCLASSIFIED,Miscellaneous / Unclassified Spares,Power,NOS,1,NTPC_PW,"{""models"": {""part_number"": ""4471B""}, ""is_ambiguous"": true, ""ambiguity_reason"": ""Low Information: Lacks technical specifications or recognizable equipment type""}"
NMC-ST-MSC-0376,Motor Spare Plant,MISC_UNCLASSIFIED,Miscellaneous / Unclassified Spares,Steel,NOS,1,SAIL_ST,"{""models"": {""part_number"": ""NUMBER""}, ""is_ambiguous"": true, ""ambiguity_reason"": ""Missing Critical Attributes: Motor spare without rating, frame or part number""}"
NMC-HE-MSC-0377,Motor Spare General,MISC_UNCLASSIFIED,Miscellaneous / Unclassified Spares,Heavy Engineering,NOS,1,BHEL_HE,"{""models"": {""part_number"": ""NUMBER""}, ""is_ambiguous"": true, ""ambiguity_reason"": ""Missing Critical Attributes: Motor spare without rating, frame or part number""}"
NMC-ST-MSC-0378,Pt No 4471B Misc Spare Rev-B,MISC_UNCLASSIFIED,Miscellaneous / Unclassified Spares,Steel,NOS,1,SAIL_ST,"{""models"": {""part_number"": ""4471B""}, ""is_ambiguous"": true, ""ambiguity_reason"": ""Low Information: Lacks technical specifications or recognizable equipment type""}"
NMC-MN-MSC-0379,Pt No 4471B Misc Spare,MISC_UNCLASSIFIED,Miscellaneous / Unclassified Spares,Mining,NOS,1,CIL_MN,"{""models"": {""part_number"": ""4471B""}, ""is_ambiguous"": true, ""ambiguity_reason"": ""Low Information: Lacks technical specifications or recognizable equipment type""}"
NMC-OG-MSC-0380,Pt No 4471B Misc Spare Hd,MISC_UNCLASSIFIED,Miscellaneous / Unclassified Spares,Oil & Gas,NOS,1,CPCL_OG,"{""models"": {""part_number"": ""4471B""}, ""is_ambiguous"": true, ""ambiguity_reason"": ""Low Information: Lacks technical specifications or recognizable equipment type""}"
NMC-ST-MSC-0381,Pt No 4471B Misc Spare,MISC_UNCLASSIFIED,Miscellaneous / Unclassified Spares,Steel,NOS,1,SAIL_ST,"{""models"": {""part_number"": ""4471B""}, ""is_ambiguous"": true, ""ambiguity_reason"": ""Low Information: Lacks technical specifications or recognizable equipment type""}"
NMC-MN-MSC-0382,Motor Spare,MISC_UNCLASSIFIED,Miscellaneous / Unclassified Spares,Mining,NOS,1,CIL_MN,"{""models"": {""part_number"": ""NUMBER""}, ""is_ambiguous"": true, ""ambiguity_reason"": ""Missing Critical Attributes: Motor spare without rating, frame or part number""}"
NMC-MN-MSC-0383,Motor Spare,MISC_UNCLASSIFIED,Miscellaneous / Unclassified Spares,Mining,NOS,1,CIL_MN,"{""models"": {""part_number"": ""NUMBER""}, ""is_ambiguous"": true, ""ambiguity_reason"": ""Missing Critical Attributes: Motor spare without rating, frame or part number""}"
NMC-MN-MSC-0384,Motor Spare,MISC_UNCLASSIFIED,Miscellaneous / Unclassified Spares,Mining,NOS,1,CIL_MN,"{""models"": {""part_number"": ""NUMBER""}, ""is_ambiguous"": true, ""ambiguity_reason"": ""Missing Critical Attributes: Motor spare without rating, frame or part number""}"
NMC-HE-MSC-0385,Pt No 4471B Misc Spare Std,MISC_UNCLASSIFIED,Miscellaneous / Unclassified Spares,Heavy Engineering,NOS,1,BHEL_HE,"{""models"": {""part_number"": ""4471B""}, ""is_ambiguous"": true, ""ambiguity_reason"": ""Low Information: Lacks technical specifications or recognizable equipment type""}"
NMC-OG-MSC-0386,Motor Spare,MISC_UNCLASSIFIED,Miscellaneous / Unclassified Spares,Oil & Gas,NOS,1,CPCL_OG,"{""models"": {""part_number"": ""NUMBER""}, ""is_ambiguous"": true, ""ambiguity_reason"": ""Missing Critical Attributes: Motor spare without rating, frame or part number""}"
NMC-MN-MSC-0387,Pt No 4471B Misc Spare,MISC_UNCLASSIFIED,Miscellaneous / Unclassified Spares,Mining,NOS,1,CIL_MN,"{""models"": {""part_number"": ""4471B""}, ""is_ambiguous"": true, ""ambiguity_reason"": ""Low Information: Lacks technical specifications or recognizable equipment type""}"
NMC-MN-MSC-0388,Motor Spare Maint,MISC_UNCLASSIFIED,Miscellaneous / Unclassified Spares,Mining,NOS,1,CIL_MN,"{""models"": {""part_number"": ""NUMBER""}, ""is_ambiguous"": true, ""ambiguity_reason"": ""Missing Critical Attributes: Motor spare without rating, frame or part number""}"
NMC-OG-MSC-0389,Pt No 4471B Misc Spare,MISC_UNCLASSIFIED,Miscellaneous / Unclassified Spares,Oil & Gas,NOS,1,CPCL_OG,"{""models"": {""part_number"": ""4471B""}, ""is_ambiguous"": true, ""ambiguity_reason"": ""Low Information: Lacks technical specifications or recognizable equipment type""}"
NMC-HE-MSC-0390,Pt No 4471B Misc Spare,MISC_UNCLASSIFIED,Miscellaneous / Unclassified Spares,Heavy Engineering,NOS,1,BHEL_HE,"{""models"": {""part_number"": ""4471B""}, ""is_ambiguous"": true, ""ambiguity_reason"": ""Low Information: Lacks technical specifications or recognizable equipment type""}"
NMC-PW-MSC-0391,Pt No 4471B Misc Spare,MISC_UNCLASSIFIED,Miscellaneous / Unclassified Spares,Power,NOS,1,NTPC_PW,"{""models"": {""part_number"": ""4471B""}, ""is_ambiguous"": true, ""ambiguity_reason"": ""Low Information: Lacks technical specifications or recognizable equipment type""}"
NMC-OG-MSC-0392,Motor Spare,MISC_UNCLASSIFIED,Miscellaneous / Unclassified Spares,Oil & Gas,NOS,1,CPCL_OG,"{""models"": {""part_number"": ""NUMBER""}, ""is_ambiguous"": true, ""ambiguity_reason"": ""Missing Critical Attributes: Motor spare without rating, frame or part number""}"
NMC-PW-MSC-0393,Pt No 4471B Misc Spare Plant,MISC_UNCLASSIFIED,Miscellaneous / Unclassified Spares,Power,NOS,1,NTPC_PW,"{""models"": {""part_number"": ""4471B""}, ""is_ambiguous"": true, ""ambiguity_reason"": ""Low Information: Lacks technical specifications or recognizable equipment type""}"
NMC-MN-DRL-0028,Hydraulic Rock Breaker 1.5T Industrial,DRILLING_MINING,Drilling & Mining Tools,Mining,NOS,8,CIL_MN,{}
NMC-OG-MSC-0394,Pt No 4471B Misc Spare,MISC_UNCLASSIFIED,Miscellaneous / Unclassified Spares,Oil & Gas,NOS,1,CPCL_OG,"{""models"": {""part_number"": ""4471B""}, ""is_ambiguous"": true, ""ambiguity_reason"": ""Low Information: Lacks technical specifications or recognizable equipment type""}"
NMC-OG-MSC-0395,Motor Spare,MISC_UNCLASSIFIED,Miscellaneous / Unclassified Spares,Oil & Gas,NOS,1,CPCL_OG,"{""models"": {""part_number"": ""NUMBER""}, ""is_ambiguous"": true, ""ambiguity_reason"": ""Missing Critical Attributes: Motor spare without rating, frame or part number""}"
NMC-HE-MSC-0396,Pt No 4471B Misc Spare,MISC_UNCLASSIFIED,Miscellaneous / Unclassified Spares,Heavy Engineering,NOS,1,BHEL_HE,"{""models"": {""part_number"": ""4471B""}, ""is_ambiguous"": true, ""ambiguity_reason"": ""Low Information: Lacks technical specifications or recognizable equipment type""}"
NMC-OG-MSC-0397,Pt No 4471B Misc Spare,MISC_UNCLASSIFIED,Miscellaneous / Unclassified Spares,Oil & Gas,NOS,1,CPCL_OG,"{""models"": {""part_number"": ""4471B""}, ""is_ambiguous"": true, ""ambiguity_reason"": ""Low Information: Lacks technical specifications or recognizable equipment type""}"
NMC-MN-MSC-0398,Pt No 4471B Misc Spare,MISC_UNCLASSIFIED,Miscellaneous / Unclassified Spares,Mining,NOS,1,CIL_MN,"{""models"": {""part_number"": ""4471B""}, ""is_ambiguous"": true, ""ambiguity_reason"": ""Low Information: Lacks technical specifications or recognizable equipment type""}"
NMC-MN-MSC-0399,Motor Spare,MISC_UNCLASSIFIED,Miscellaneous / Unclassified Spares,Mining,NOS,1,CIL_MN,"{""models"": {""part_number"": ""NUMBER""}, ""is_ambiguous"": true, ""ambiguity_reason"": ""Missing Critical Attributes: Motor spare without rating, frame or part number""}"
NMC-ST-MSC-0400,Pt No 4471B Misc Spare Rev-A,MISC_UNCLASSIFIED,Miscellaneous / Unclassified Spares,Steel,NOS,1,SAIL_ST,"{""models"": {""part_number"": ""4471B""}, ""is_ambiguous"": true, ""ambiguity_reason"": ""Low Information: Lacks technical specifications or recognizable equipment type""}"
NMC-ST-MSC-0401,Motor Spare,MISC_UNCLASSIFIED,Miscellaneous / Unclassified Spares,Steel,NOS,1,SAIL_ST,"{""models"": {""part_number"": ""NUMBER""}, ""is_ambiguous"": true, ""ambiguity_reason"": ""Missing Critical Attributes: Motor spare without rating, frame or part number""}"
NMC-PW-MSC-0402,Pt No 4471B Misc Spare Plant,MISC_UNCLASSIFIED,Miscellaneous / Unclassified Spares,Power,NOS,1,NTPC_PW,"{""models"": {""part_number"": ""4471B""}, ""is_ambiguous"": true, ""ambiguity_reason"": ""Low Information: Lacks technical specifications or recognizable equipment type""}"
NMC-OG-MSC-0403,Motor Spare,MISC_UNCLASSIFIED,Miscellaneous / Unclassified Spares,Oil & Gas,NOS,1,CPCL_OG,"{""models"": {""part_number"": ""NUMBER""}, ""is_ambiguous"": true, ""ambiguity_reason"": ""Missing Critical Attributes: Motor spare without rating, frame or part number""}"
NMC-MN-MSC-0404,Motor Spare,MISC_UNCLASSIFIED,Miscellaneous / Unclassified Spares,Mining,NOS,1,CIL_MN,"{""models"": {""part_number"": ""NUMBER""}, ""is_ambiguous"": true, ""ambiguity_reason"": ""Missing Critical Attributes: Motor spare without rating, frame or part number""}"
NMC-HE-MSC-0405,Motor Spare Plant,MISC_UNCLASSIFIED,Miscellaneous / Unclassified Spares,Heavy Engineering,NOS,1,BHEL_HE,"{""models"": {""part_number"": ""NUMBER""}, ""is_ambiguous"": true, ""ambiguity_reason"": ""Missing Critical Attributes: Motor spare without rating, frame or part number""}"
NMC-PW-MSC-0406,Motor Spare,MISC_UNCLASSIFIED,Miscellaneous / Unclassified Spares,Power,NOS,1,NTPC_PW,"{""models"": {""part_number"": ""NUMBER""}, ""is_ambiguous"": true, ""ambiguity_reason"": ""Missing Critical Attributes: Motor spare without rating, frame or part number""}"
NMC-ST-MSC-0407,Pt No 4471B Misc Spare,MISC_UNCLASSIFIED,Miscellaneous / Unclassified Spares,Steel,NOS,1,SAIL_ST,"{""models"": {""part_number"": ""4471B""}, ""is_ambiguous"": true, ""ambiguity_reason"": ""Low Information: Lacks technical specifications or recognizable equipment type""}"
NMC-OG-MSC-0408,Motor Spare,MISC_UNCLASSIFIED,Miscellaneous / Unclassified Spares,Oil & Gas,NOS,1,CPCL_OG,"{""models"": {""part_number"": ""NUMBER""}, ""is_ambiguous"": true, ""ambiguity_reason"": ""Missing Critical Attributes: Motor spare without rating, frame or part number""}"
NMC-HE-MSC-0409,Motor Spare,MISC_UNCLASSIFIED,Miscellaneous / Unclassified Spares,Heavy Engineering,NOS,1,BHEL_HE,"{""models"": {""part_number"": ""NUMBER""}, ""is_ambiguous"": true, ""ambiguity_reason"": ""Missing Critical Attributes: Motor spare without rating, frame or part number""}"
NMC-MN-MSC-0410,Motor Spare,MISC_UNCLASSIFIED,Miscellaneous / Unclassified Spares,Mining,NOS,1,CIL_MN,"{""models"": {""part_number"": ""NUMBER""}, ""is_ambiguous"": true, ""ambiguity_reason"": ""Missing Critical Attributes: Motor spare without rating, frame or part number""}"
NMC-HE-MSC-0411,Pt No 4471B Misc Spare,MISC_UNCLASSIFIED,Miscellaneous / Unclassified Spares,Heavy Engineering,NOS,1,BHEL_HE,"{""models"": {""part_number"": ""4471B""}, ""is_ambiguous"": true, ""ambiguity_reason"": ""Low Information: Lacks technical specifications or recognizable equipment type""}"
NMC-PW-MSC-0412,Pt No 4471B Misc Spare,MISC_UNCLASSIFIED,Miscellaneous / Unclassified Spares,Power,NOS,1,NTPC_PW,"{""models"": {""part_number"": ""4471B""}, ""is_ambiguous"": true, ""ambiguity_reason"": ""Low Information: Lacks technical specifications or recognizable equipment type""}"
NMC-OG-MSC-0413,Pt No 4471B Misc Spare Rev-B,MISC_UNCLASSIFIED,Miscellaneous / Unclassified Spares,Oil & Gas,NOS,1,CPCL_OG,"{""models"": {""part_number"": ""4471B""}, ""is_ambiguous"": true, ""ambiguity_reason"": ""Low Information: Lacks technical specifications or recognizable equipment type""}"
NMC-OG-MSC-0414,Motor Spare,MISC_UNCLASSIFIED,Miscellaneous / Unclassified Spares,Oil & Gas,NOS,1,CPCL_OG,"{""models"": {""part_number"": ""NUMBER""}, ""is_ambiguous"": true, ""ambiguity_reason"": ""Missing Critical Attributes: Motor spare without rating, frame or part number""}"
NMC-PW-GBX-0017,Generator Rotor Retaining Ring Hd,GEARBOXES,Gearboxes & Speed Reducers,Power,NOS,4,NTPC_PW,{}
NMC-PW-MSC-0415,Pt No 4471B Misc Spare,MISC_UNCLASSIFIED,Miscellaneous / Unclassified Spares,Power,NOS,1,NTPC_PW,"{""models"": {""part_number"": ""4471B""}, ""is_ambiguous"": true, ""ambiguity_reason"": ""Low Information: Lacks technical specifications or recognizable equipment type""}"
NMC-ST-MSC-0416,Motor Spare,MISC_UNCLASSIFIED,Miscellaneous / Unclassified Spares,Steel,NOS,1,SAIL_ST,"{""models"": {""part_number"": ""NUMBER""}, ""is_ambiguous"": true, ""ambiguity_reason"": ""Missing Critical Attributes: Motor spare without rating, frame or part number""}"
NMC-MN-MSC-0417,Motor Spare Rev-A,MISC_UNCLASSIFIED,Miscellaneous / Unclassified Spares,Mining,NOS,1,CIL_MN,"{""models"": {""part_number"": ""NUMBER""}, ""is_ambiguous"": true, ""ambiguity_reason"": ""Missing Critical Attributes: Motor spare without rating, frame or part number""}"
NMC-OG-MSC-0418,Motor Spare Hd,MISC_UNCLASSIFIED,Miscellaneous / Unclassified Spares,Oil & Gas,NOS,1,CPCL_OG,"{""models"": {""part_number"": ""NUMBER""}, ""is_ambiguous"": true, ""ambiguity_reason"": ""Missing Critical Attributes: Motor spare without rating, frame or part number""}"
NMC-MN-MSC-0419,Motor Spare Std,MISC_UNCLASSIFIED,Miscellaneous / Unclassified Spares,Mining,NOS,1,CIL_MN,"{""models"": {""part_number"": ""NUMBER""}, ""is_ambiguous"": true, ""ambiguity_reason"": ""Missing Critical Attributes: Motor spare without rating, frame or part number""}"
NMC-PW-MSC-0420,Motor Spare,MISC_UNCLASSIFIED,Miscellaneous / Unclassified Spares,Power,NOS,1,NTPC_PW,"{""models"": {""part_number"": ""NUMBER""}, ""is_ambiguous"": true, ""ambiguity_reason"": ""Missing Critical Attributes: Motor spare without rating, frame or part number""}"
NMC-PW-MSC-0421,Motor Spare,MISC_UNCLASSIFIED,Miscellaneous / Unclassified Spares,Power,NOS,1,NTPC_PW,"{""models"": {""part_number"": ""NUMBER""}, ""is_ambiguous"": true, ""ambiguity_reason"": ""Missing Critical Attributes: Motor spare without rating, frame or part number""}"
NMC-OG-MSC-0422,Pt No 4471B Misc Spare,MISC_UNCLASSIFIED,Miscellaneous / Unclassified Spares,Oil & Gas,NOS,1,CPCL_OG,"{""models"": {""part_number"": ""4471B""}, ""is_ambiguous"": true, ""ambiguity_reason"": ""Low Information: Lacks technical specifications or recognizable equipment type""}"
NMC-PW-MSC-0423,Pt No 4471B Misc Spare,MISC_UNCLASSIFIED,Miscellaneous / Unclassified Spares,Power,NOS,1,NTPC_PW,"{""models"": {""part_number"": ""4471B""}, ""is_ambiguous"": true, ""ambiguity_reason"": ""Low Information: Lacks technical specifications or recognizable equipment type""}"
NMC-OG-MSC-0424,Pt No 4471B Misc Spare General,MISC_UNCLASSIFIED,Miscellaneous / Unclassified Spares,Oil & Gas,NOS,1,CPCL_OG,"{""models"": {""part_number"": ""4471B""}, ""is_ambiguous"": true, ""ambiguity_reason"": ""Low Information: Lacks technical specifications or recognizable equipment type""}"
NMC-OG-MSC-0425,Pt No 4471B Misc Spare Hd,MISC_UNCLASSIFIED,Miscellaneous / Unclassified Spares,Oil & Gas,NOS,1,CPCL_OG,"{""models"": {""part_number"": ""4471B""}, ""is_ambiguous"": true, ""ambiguity_reason"": ""Low Information: Lacks technical specifications or recognizable equipment type""}"
NMC-ST-MSC-0426,Pt No 4471B Misc Spare,MISC_UNCLASSIFIED,Miscellaneous / Unclassified Spares,Steel,NOS,1,SAIL_ST,"{""models"": {""part_number"": ""4471B""}, ""is_ambiguous"": true, ""ambiguity_reason"": ""Low Information: Lacks technical specifications or recognizable equipment type""}"
NMC-OG-MSC-0427,Motor Spare Store,MISC_UNCLASSIFIED,Miscellaneous / Unclassified Spares,Oil & Gas,NOS,1,CPCL_OG,"{""models"": {""part_number"": ""NUMBER""}, ""is_ambiguous"": true, ""ambiguity_reason"": ""Missing Critical Attributes: Motor spare without rating, frame or part number""}"
NMC-ST-MSC-0428,Motor Spare Std,MISC_UNCLASSIFIED,Miscellaneous / Unclassified Spares,Steel,NOS,1,SAIL_ST,"{""models"": {""part_number"": ""NUMBER""}, ""is_ambiguous"": true, ""ambiguity_reason"": ""Missing Critical Attributes: Motor spare without rating, frame or part number""}"
NMC-OG-MSC-0429,Pt No 4471B Misc Spare,MISC_UNCLASSIFIED,Miscellaneous / Unclassified Spares,Oil & Gas,NOS,1,CPCL_OG,"{""models"": {""part_number"": ""4471B""}, ""is_ambiguous"": true, ""ambiguity_reason"": ""Low Information: Lacks technical specifications or recognizable equipment type""}"
NMC-OG-MSC-0430,Pt No 4471B Misc Spare,MISC_UNCLASSIFIED,Miscellaneous / Unclassified Spares,Oil & Gas,NOS,1,CPCL_OG,"{""models"": {""part_number"": ""4471B""}, ""is_ambiguous"": true, ""ambiguity_reason"": ""Low Information: Lacks technical specifications or recognizable equipment type""}"
NMC-ST-MSC-0431,Motor Spare,MISC_UNCLASSIFIED,Miscellaneous / Unclassified Spares,Steel,NOS,1,SAIL_ST,"{""models"": {""part_number"": ""NUMBER""}, ""is_ambiguous"": true, ""ambiguity_reason"": ""Missing Critical Attributes: Motor spare without rating, frame or part number""}"
NMC-ST-MSC-0432,Motor Spare Plant,MISC_UNCLASSIFIED,Miscellaneous / Unclassified Spares,Steel,NOS,1,SAIL_ST,"{""models"": {""part_number"": ""NUMBER""}, ""is_ambiguous"": true, ""ambiguity_reason"": ""Missing Critical Attributes: Motor spare without rating, frame or part number""}"
NMC-HE-MSC-0433,Pt No 4471B Misc Spare,MISC_UNCLASSIFIED,Miscellaneous / Unclassified Spares,Heavy Engineering,NOS,1,BHEL_HE,"{""models"": {""part_number"": ""4471B""}, ""is_ambiguous"": true, ""ambiguity_reason"": ""Low Information: Lacks technical specifications or recognizable equipment type""}"
NMC-PW-MSC-0434,Pt No 4471B Misc Spare,MISC_UNCLASSIFIED,Miscellaneous / Unclassified Spares,Power,NOS,1,NTPC_PW,"{""models"": {""part_number"": ""4471B""}, ""is_ambiguous"": true, ""ambiguity_reason"": ""Low Information: Lacks technical specifications or recognizable equipment type""}"
NMC-ST-MSC-0435,Pt No 4471B Misc Spare,MISC_UNCLASSIFIED,Miscellaneous / Unclassified Spares,Steel,NOS,1,SAIL_ST,"{""models"": {""part_number"": ""4471B""}, ""is_ambiguous"": true, ""ambiguity_reason"": ""Low Information: Lacks technical specifications or recognizable equipment type""}"
NMC-HE-MSC-0436,Pt No 4471B Misc Spare,MISC_UNCLASSIFIED,Miscellaneous / Unclassified Spares,Heavy Engineering,NOS,1,BHEL_HE,"{""models"": {""part_number"": ""4471B""}, ""is_ambiguous"": true, ""ambiguity_reason"": ""Low Information: Lacks technical specifications or recognizable equipment type""}"
NMC-MN-MSC-0437,Pt No 4471B Misc Spare General,MISC_UNCLASSIFIED,Miscellaneous / Unclassified Spares,Mining,NOS,1,CIL_MN,"{""models"": {""part_number"": ""4471B""}, ""is_ambiguous"": true, ""ambiguity_reason"": ""Low Information: Lacks technical specifications or recognizable equipment type""}"
NMC-OG-MSC-0438,Pt No 4471B Misc Spare,MISC_UNCLASSIFIED,Miscellaneous / Unclassified Spares,Oil & Gas,NOS,1,CPCL_OG,"{""models"": {""part_number"": ""4471B""}, ""is_ambiguous"": true, ""ambiguity_reason"": ""Low Information: Lacks technical specifications or recognizable equipment type""}"
NMC-ST-MSC-0439,Motor Spare,MISC_UNCLASSIFIED,Miscellaneous / Unclassified Spares,Steel,NOS,1,SAIL_ST,"{""models"": {""part_number"": ""NUMBER""}, ""is_ambiguous"": true, ""ambiguity_reason"": ""Missing Critical Attributes: Motor spare without rating, frame or part number""}"
NMC-MN-MSC-0440,Motor Spare,MISC_UNCLASSIFIED,Miscellaneous / Unclassified Spares,Mining,NOS,1,CIL_MN,"{""models"": {""part_number"": ""NUMBER""}, ""is_ambiguous"": true, ""ambiguity_reason"": ""Missing Critical Attributes: Motor spare without rating, frame or part number""}"
NMC-OG-MSC-0441,Motor Spare,MISC_UNCLASSIFIED,Miscellaneous / Unclassified Spares,Oil & Gas,NOS,1,CPCL_OG,"{""models"": {""part_number"": ""NUMBER""}, ""is_ambiguous"": true, ""ambiguity_reason"": ""Missing Critical Attributes: Motor spare without rating, frame or part number""}"
NMC-OG-MSC-0442,Pt No 4471B Misc Spare General,MISC_UNCLASSIFIED,Miscellaneous / Unclassified Spares,Oil & Gas,NOS,1,CPCL_OG,"{""models"": {""part_number"": ""4471B""}, ""is_ambiguous"": true, ""ambiguity_reason"": ""Low Information: Lacks technical specifications or recognizable equipment type""}"
NMC-ST-MSC-0443,Pt No 4471B Misc Spare,MISC_UNCLASSIFIED,Miscellaneous / Unclassified Spares,Steel,NOS,1,SAIL_ST,"{""models"": {""part_number"": ""4471B""}, ""is_ambiguous"": true, ""ambiguity_reason"": ""Low Information: Lacks technical specifications or recognizable equipment type""}"
NMC-MN-MSC-0444,Motor Spare,MISC_UNCLASSIFIED,Miscellaneous / Unclassified Spares,Mining,NOS,1,CIL_MN,"{""models"": {""part_number"": ""NUMBER""}, ""is_ambiguous"": true, ""ambiguity_reason"": ""Missing Critical Attributes: Motor spare without rating, frame or part number""}"
NMC-PW-MSC-0445,Pt No 4471B Misc Spare Rev-A,MISC_UNCLASSIFIED,Miscellaneous / Unclassified Spares,Power,NOS,1,NTPC_PW,"{""models"": {""part_number"": ""4471B""}, ""is_ambiguous"": true, ""ambiguity_reason"": ""Low Information: Lacks technical specifications or recognizable equipment type""}"
NMC-PW-MSC-0446,Motor Spare,MISC_UNCLASSIFIED,Miscellaneous / Unclassified Spares,Power,NOS,1,NTPC_PW,"{""models"": {""part_number"": ""NUMBER""}, ""is_ambiguous"": true, ""ambiguity_reason"": ""Missing Critical Attributes: Motor spare without rating, frame or part number""}"
NMC-MN-MSC-0447,Motor Spare,MISC_UNCLASSIFIED,Miscellaneous / Unclassified Spares,Mining,NOS,1,CIL_MN,"{""models"": {""part_number"": ""NUMBER""}, ""is_ambiguous"": true, ""ambiguity_reason"": ""Missing Critical Attributes: Motor spare without rating, frame or part number""}"
NMC-OG-MSC-0448,Motor Spare,MISC_UNCLASSIFIED,Miscellaneous / Unclassified Spares,Oil & Gas,NOS,1,CPCL_OG,"{""models"": {""part_number"": ""NUMBER""}, ""is_ambiguous"": true, ""ambiguity_reason"": ""Missing Critical Attributes: Motor spare without rating, frame or part number""}"
NMC-PW-MSC-0449,Motor Spare Maint,MISC_UNCLASSIFIED,Miscellaneous / Unclassified Spares,Power,NOS,1,NTPC_PW,"{""models"": {""part_number"": ""NUMBER""}, ""is_ambiguous"": true, ""ambiguity_reason"": ""Missing Critical Attributes: Motor spare without rating, frame or part number""}"
NMC-OG-DRL-0029,Api Drill Collar 6.5 Inch Industrial,DRILLING_MINING,Drilling & Mining Tools,Oil & Gas,MTR,3,CPCL_OG,{}
NMC-MN-DRL-0030,Hydraulic Rock Breaker 1.5T Std,DRILLING_MINING,Drilling & Mining Tools,Mining,NOS,1,CIL_MN,{}
NMC-MN-MSC-0450,Motor Spare Rev-A,MISC_UNCLASSIFIED,Miscellaneous / Unclassified Spares,Mining,NOS,1,CIL_MN,"{""models"": {""part_number"": ""NUMBER""}, ""is_ambiguous"": true, ""ambiguity_reason"": ""Missing Critical Attributes: Motor spare without rating, frame or part number""}"
NMC-HE-MSC-0451,Pt No 4471B Misc Spare,MISC_UNCLASSIFIED,Miscellaneous / Unclassified Spares,Heavy Engineering,NOS,1,BHEL_HE,"{""models"": {""part_number"": ""4471B""}, ""is_ambiguous"": true, ""ambiguity_reason"": ""Low Information: Lacks technical specifications or recognizable equipment type""}"
NMC-HE-MSC-0452,Pt No 4471B Misc Spare,MISC_UNCLASSIFIED,Miscellaneous / Unclassified Spares,Heavy Engineering,NOS,1,BHEL_HE,"{""models"": {""part_number"": ""4471B""}, ""is_ambiguous"": true, ""ambiguity_reason"": ""Low Information: Lacks technical specifications or recognizable equipment type""}"
NMC-MN-MSC-0453,Pt No 4471B Misc Spare Hd,MISC_UNCLASSIFIED,Miscellaneous / Unclassified Spares,Mining,NOS,1,CIL_MN,"{""models"": {""part_number"": ""4471B""}, ""is_ambiguous"": true, ""ambiguity_reason"": ""Low Information: Lacks technical specifications or recognizable equipment type""}"
NMC-MN-MSC-0454,Pt No 4471B Misc Spare Hd,MISC_UNCLASSIFIED,Miscellaneous / Unclassified Spares,Mining,NOS,1,CIL_MN,"{""models"": {""part_number"": ""4471B""}, ""is_ambiguous"": true, ""ambiguity_reason"": ""Low Information: Lacks technical specifications or recognizable equipment type""}"
NMC-MN-MSC-0455,Pt No 4471B Misc Spare,MISC_UNCLASSIFIED,Miscellaneous / Unclassified Spares,Mining,NOS,1,CIL_MN,"{""models"": {""part_number"": ""4471B""}, ""is_ambiguous"": true, ""ambiguity_reason"": ""Low Information: Lacks technical specifications or recognizable equipment type""}"
NMC-HE-MSC-0456,Pt No 4471B Misc Spare,MISC_UNCLASSIFIED,Miscellaneous / Unclassified Spares,Heavy Engineering,NOS,1,BHEL_HE,"{""models"": {""part_number"": ""4471B""}, ""is_ambiguous"": true, ""ambiguity_reason"": ""Low Information: Lacks technical specifications or recognizable equipment type""}"
NMC-HE-MSC-0457,Motor Spare,MISC_UNCLASSIFIED,Miscellaneous / Unclassified Spares,Heavy Engineering,NOS,1,BHEL_HE,"{""models"": {""part_number"": ""NUMBER""}, ""is_ambiguous"": true, ""ambiguity_reason"": ""Missing Critical Attributes: Motor spare without rating, frame or part number""}"
NMC-MN-MSC-0458,Pt No 4471B Misc Spare Rev-B,MISC_UNCLASSIFIED,Miscellaneous / Unclassified Spares,Mining,NOS,1,CIL_MN,"{""models"": {""part_number"": ""4471B""}, ""is_ambiguous"": true, ""ambiguity_reason"": ""Low Information: Lacks technical specifications or recognizable equipment type""}"
NMC-OG-MSC-0459,Motor Spare Hd,MISC_UNCLASSIFIED,Miscellaneous / Unclassified Spares,Oil & Gas,NOS,1,CPCL_OG,"{""models"": {""part_number"": ""NUMBER""}, ""is_ambiguous"": true, ""ambiguity_reason"": ""Missing Critical Attributes: Motor spare without rating, frame or part number""}"
NMC-MN-MSC-0460,Motor Spare Industrial,MISC_UNCLASSIFIED,Miscellaneous / Unclassified Spares,Mining,NOS,1,CIL_MN,"{""models"": {""part_number"": ""NUMBER""}, ""is_ambiguous"": true, ""ambiguity_reason"": ""Missing Critical Attributes: Motor spare without rating, frame or part number""}"
NMC-MN-MSC-0461,Motor Spare Rev-A,MISC_UNCLASSIFIED,Miscellaneous / Unclassified Spares,Mining,NOS,1,CIL_MN,"{""models"": {""part_number"": ""NUMBER""}, ""is_ambiguous"": true, ""ambiguity_reason"": ""Missing Critical Attributes: Motor spare without rating, frame or part number""}"
NMC-OG-MSC-0462,Motor Spare,MISC_UNCLASSIFIED,Miscellaneous / Unclassified Spares,Oil & Gas,NOS,1,CPCL_OG,"{""models"": {""part_number"": ""NUMBER""}, ""is_ambiguous"": true, ""ambiguity_reason"": ""Missing Critical Attributes: Motor spare without rating, frame or part number""}"
NMC-ST-MSC-0463,Pt No 4471B Misc Spare Industrial,MISC_UNCLASSIFIED,Miscellaneous / Unclassified Spares,Steel,NOS,1,SAIL_ST,"{""models"": {""part_number"": ""4471B""}, ""is_ambiguous"": true, ""ambiguity_reason"": ""Low Information: Lacks technical specifications or recognizable equipment type""}"
NMC-HE-MSC-0464,Motor Spare,MISC_UNCLASSIFIED,Miscellaneous / Unclassified Spares,Heavy Engineering,NOS,1,BHEL_HE,"{""models"": {""part_number"": ""NUMBER""}, ""is_ambiguous"": true, ""ambiguity_reason"": ""Missing Critical Attributes: Motor spare without rating, frame or part number""}"
NMC-ST-MSC-0465,Motor Spare Maint,MISC_UNCLASSIFIED,Miscellaneous / Unclassified Spares,Steel,NOS,1,SAIL_ST,"{""models"": {""part_number"": ""NUMBER""}, ""is_ambiguous"": true, ""ambiguity_reason"": ""Missing Critical Attributes: Motor spare without rating, frame or part number""}"
NMC-PW-MSC-0466,Motor Spare,MISC_UNCLASSIFIED,Miscellaneous / Unclassified Spares,Power,NOS,1,NTPC_PW,"{""models"": {""part_number"": ""NUMBER""}, ""is_ambiguous"": true, ""ambiguity_reason"": ""Missing Critical Attributes: Motor spare without rating, frame or part number""}"
NMC-ST-MSC-0467,Motor Spare,MISC_UNCLASSIFIED,Miscellaneous / Unclassified Spares,Steel,NOS,1,SAIL_ST,"{""models"": {""part_number"": ""NUMBER""}, ""is_ambiguous"": true, ""ambiguity_reason"": ""Missing Critical Attributes: Motor spare without rating, frame or part number""}"
NMC-MN-GBX-0018,Dragline Bucket Tooth Rev-A,GEARBOXES,Gearboxes & Speed Reducers,Mining,NOS,5,CIL_MN,{}
NMC-ST-MSC-0468,Motor Spare,MISC_UNCLASSIFIED,Miscellaneous / Unclassified Spares,Steel,NOS,1,SAIL_ST,"{""models"": {""part_number"": ""NUMBER""}, ""is_ambiguous"": true, ""ambiguity_reason"": ""Missing Critical Attributes: Motor spare without rating, frame or part number""}"
NMC-OG-MSC-0469,Motor Spare,MISC_UNCLASSIFIED,Miscellaneous / Unclassified Spares,Oil & Gas,NOS,1,CPCL_OG,"{""models"": {""part_number"": ""NUMBER""}, ""is_ambiguous"": true, ""ambiguity_reason"": ""Missing Critical Attributes: Motor spare without rating, frame or part number""}"
NMC-PW-MSC-0470,Pt No 4471B Misc Spare Std,MISC_UNCLASSIFIED,Miscellaneous / Unclassified Spares,Power,NOS,1,NTPC_PW,"{""models"": {""part_number"": ""4471B""}, ""is_ambiguous"": true, ""ambiguity_reason"": ""Low Information: Lacks technical specifications or recognizable equipment type""}"
NMC-OG-MSC-0471,Pt No 4471B Misc Spare General,MISC_UNCLASSIFIED,Miscellaneous / Unclassified Spares,Oil & Gas,NOS,1,CPCL_OG,"{""models"": {""part_number"": ""4471B""}, ""is_ambiguous"": true, ""ambiguity_reason"": ""Low Information: Lacks technical specifications or recognizable equipment type""}"
NMC-PW-STL-0019,Generator Rotor Retaining Ring Industrial,STRUCTURAL_STEEL,Structural Steel & Billets,Power,NOS,3,NTPC_PW,{}
NMC-OG-MSC-0472,Motor Spare Maint,MISC_UNCLASSIFIED,Miscellaneous / Unclassified Spares,Oil & Gas,NOS,1,CPCL_OG,"{""models"": {""part_number"": ""NUMBER""}, ""is_ambiguous"": true, ""ambiguity_reason"": ""Missing Critical Attributes: Motor spare without rating, frame or part number""}"
NMC-PW-MSC-0473,Motor Spare,MISC_UNCLASSIFIED,Miscellaneous / Unclassified Spares,Power,NOS,1,NTPC_PW,"{""models"": {""part_number"": ""NUMBER""}, ""is_ambiguous"": true, ""ambiguity_reason"": ""Missing Critical Attributes: Motor spare without rating, frame or part number""}"
NMC-HE-MSC-0474,Pt No 4471B Misc Spare,MISC_UNCLASSIFIED,Miscellaneous / Unclassified Spares,Heavy Engineering,NOS,1,BHEL_HE,"{""models"": {""part_number"": ""4471B""}, ""is_ambiguous"": true, ""ambiguity_reason"": ""Low Information: Lacks technical specifications or recognizable equipment type""}"
NMC-HE-MSC-0475,Motor Spare,MISC_UNCLASSIFIED,Miscellaneous / Unclassified Spares,Heavy Engineering,NOS,1,BHEL_HE,"{""models"": {""part_number"": ""NUMBER""}, ""is_ambiguous"": true, ""ambiguity_reason"": ""Missing Critical Attributes: Motor spare without rating, frame or part number""}"
NMC-ST-MSC-0476,Pt No 4471B Misc Spare Rev-A,MISC_UNCLASSIFIED,Miscellaneous / Unclassified Spares,Steel,NOS,1,SAIL_ST,"{""models"": {""part_number"": ""4471B""}, ""is_ambiguous"": true, ""ambiguity_reason"": ""Low Information: Lacks technical specifications or recognizable equipment type""}"
NMC-ST-MSC-0477,Pt No 4471B Misc Spare,MISC_UNCLASSIFIED,Miscellaneous / Unclassified Spares,Steel,NOS,1,SAIL_ST,"{""models"": {""part_number"": ""4471B""}, ""is_ambiguous"": true, ""ambiguity_reason"": ""Low Information: Lacks technical specifications or recognizable equipment type""}"
NMC-OG-MSC-0478,Motor Spare,MISC_UNCLASSIFIED,Miscellaneous / Unclassified Spares,Oil & Gas,NOS,1,CPCL_OG,"{""models"": {""part_number"": ""NUMBER""}, ""is_ambiguous"": true, ""ambiguity_reason"": ""Missing Critical Attributes: Motor spare without rating, frame or part number""}"
NMC-PW-MSC-0479,Motor Spare,MISC_UNCLASSIFIED,Miscellaneous / Unclassified Spares,Power,NOS,1,NTPC_PW,"{""models"": {""part_number"": ""NUMBER""}, ""is_ambiguous"": true, ""ambiguity_reason"": ""Missing Critical Attributes: Motor spare without rating, frame or part number""}"
NMC-MN-MSC-0480,Pt No 4471B Misc Spare Rev-B,MISC_UNCLASSIFIED,Miscellaneous / Unclassified Spares,Mining,NOS,1,CIL_MN,"{""models"": {""part_number"": ""4471B""}, ""is_ambiguous"": true, ""ambiguity_reason"": ""Low Information: Lacks technical specifications or recognizable equipment type""}"
NMC-ST-MSC-0481,Pt No 4471B Misc Spare,MISC_UNCLASSIFIED,Miscellaneous / Unclassified Spares,Steel,NOS,1,SAIL_ST,"{""models"": {""part_number"": ""4471B""}, ""is_ambiguous"": true, ""ambiguity_reason"": ""Low Information: Lacks technical specifications or recognizable equipment type""}"
NMC-OG-MSC-0482,Pt No 4471B Misc Spare,MISC_UNCLASSIFIED,Miscellaneous / Unclassified Spares,Oil & Gas,NOS,1,CPCL_OG,"{""models"": {""part_number"": ""4471B""}, ""is_ambiguous"": true, ""ambiguity_reason"": ""Low Information: Lacks technical specifications or recognizable equipment type""}"
NMC-ST-MSC-0483,Pt No 4471B Misc Spare Maint,MISC_UNCLASSIFIED,Miscellaneous / Unclassified Spares,Steel,NOS,1,SAIL_ST,"{""models"": {""part_number"": ""4471B""}, ""is_ambiguous"": true, ""ambiguity_reason"": ""Low Information: Lacks technical specifications or recognizable equipment type""}"
NMC-ST-MSC-0484,Pt No 4471B Misc Spare,MISC_UNCLASSIFIED,Miscellaneous / Unclassified Spares,Steel,NOS,1,SAIL_ST,"{""models"": {""part_number"": ""4471B""}, ""is_ambiguous"": true, ""ambiguity_reason"": ""Low Information: Lacks technical specifications or recognizable equipment type""}"
NMC-OG-MSC-0485,Pt No 4471B Misc Spare Industrial,MISC_UNCLASSIFIED,Miscellaneous / Unclassified Spares,Oil & Gas,NOS,1,CPCL_OG,"{""models"": {""part_number"": ""4471B""}, ""is_ambiguous"": true, ""ambiguity_reason"": ""Low Information: Lacks technical specifications or recognizable equipment type""}"
NMC-HE-MSC-0486,Motor Spare,MISC_UNCLASSIFIED,Miscellaneous / Unclassified Spares,Heavy Engineering,NOS,1,BHEL_HE,"{""models"": {""part_number"": ""NUMBER""}, ""is_ambiguous"": true, ""ambiguity_reason"": ""Missing Critical Attributes: Motor spare without rating, frame or part number""}"
NMC-MN-MSC-0487,Motor Spare,MISC_UNCLASSIFIED,Miscellaneous / Unclassified Spares,Mining,NOS,1,CIL_MN,"{""models"": {""part_number"": ""NUMBER""}, ""is_ambiguous"": true, ""ambiguity_reason"": ""Missing Critical Attributes: Motor spare without rating, frame or part number""}"
NMC-PW-MSC-0488,Pt No 4471B Misc Spare,MISC_UNCLASSIFIED,Miscellaneous / Unclassified Spares,Power,NOS,1,NTPC_PW,"{""models"": {""part_number"": ""4471B""}, ""is_ambiguous"": true, ""ambiguity_reason"": ""Low Information: Lacks technical specifications or recognizable equipment type""}"
NMC-OG-MSC-0489,Motor Spare General,MISC_UNCLASSIFIED,Miscellaneous / Unclassified Spares,Oil & Gas,NOS,1,CPCL_OG,"{""models"": {""part_number"": ""NUMBER""}, ""is_ambiguous"": true, ""ambiguity_reason"": ""Missing Critical Attributes: Motor spare without rating, frame or part number""}"
NMC-PW-MSC-0490,Motor Spare,MISC_UNCLASSIFIED,Miscellaneous / Unclassified Spares,Power,NOS,1,NTPC_PW,"{""models"": {""part_number"": ""NUMBER""}, ""is_ambiguous"": true, ""ambiguity_reason"": ""Missing Critical Attributes: Motor spare without rating, frame or part number""}"
NMC-HE-MSC-0491,Pt No 4471B Misc Spare,MISC_UNCLASSIFIED,Miscellaneous / Unclassified Spares,Heavy Engineering,NOS,1,BHEL_HE,"{""models"": {""part_number"": ""4471B""}, ""is_ambiguous"": true, ""ambiguity_reason"": ""Low Information: Lacks technical specifications or recognizable equipment type""}"
NMC-PW-MSC-0492,Motor Spare,MISC_UNCLASSIFIED,Miscellaneous / Unclassified Spares,Power,NOS,1,NTPC_PW,"{""models"": {""part_number"": ""NUMBER""}, ""is_ambiguous"": true, ""ambiguity_reason"": ""Missing Critical Attributes: Motor spare without rating, frame or part number""}"
NMC-HE-MSC-0493,Motor Spare Hd,MISC_UNCLASSIFIED,Miscellaneous / Unclassified Spares,Heavy Engineering,NOS,1,BHEL_HE,"{""models"": {""part_number"": ""NUMBER""}, ""is_ambiguous"": true, ""ambiguity_reason"": ""Missing Critical Attributes: Motor spare without rating, frame or part number""}"
NMC-OG-MSC-0494,Motor Spare,MISC_UNCLASSIFIED,Miscellaneous / Unclassified Spares,Oil & Gas,NOS,1,CPCL_OG,"{""models"": {""part_number"": ""NUMBER""}, ""is_ambiguous"": true, ""ambiguity_reason"": ""Missing Critical Attributes: Motor spare without rating, frame or part number""}"
NMC-HE-MSC-0495,Pt No 4471B Misc Spare,MISC_UNCLASSIFIED,Miscellaneous / Unclassified Spares,Heavy Engineering,NOS,1,BHEL_HE,"{""models"": {""part_number"": ""4471B""}, ""is_ambiguous"": true, ""ambiguity_reason"": ""Low Information: Lacks technical specifications or recognizable equipment type""}"
NMC-MN-MSC-0496,Pt No 4471B Misc Spare,MISC_UNCLASSIFIED,Miscellaneous / Unclassified Spares,Mining,NOS,1,CIL_MN,"{""models"": {""part_number"": ""4471B""}, ""is_ambiguous"": true, ""ambiguity_reason"": ""Low Information: Lacks technical specifications or recognizable equipment type""}"
NMC-MN-MSC-0497,Pt No 4471B Misc Spare,MISC_UNCLASSIFIED,Miscellaneous / Unclassified Spares,Mining,NOS,1,CIL_MN,"{""models"": {""part_number"": ""4471B""}, ""is_ambiguous"": true, ""ambiguity_reason"": ""Low Information: Lacks technical specifications or recognizable equipment type""}"
NMC-MN-MSC-0498,Motor Spare,MISC_UNCLASSIFIED,Miscellaneous / Unclassified Spares,Mining,NOS,1,CIL_MN,"{""models"": {""part_number"": ""NUMBER""}, ""is_ambiguous"": true, ""ambiguity_reason"": ""Missing Critical Attributes: Motor spare without rating, frame or part number""}"
NMC-HE-MSC-0499,Motor Spare Std,MISC_UNCLASSIFIED,Miscellaneous / Unclassified Spares,Heavy Engineering,NOS,1,BHEL_HE,"{""models"": {""part_number"": ""NUMBER""}, ""is_ambiguous"": true, ""ambiguity_reason"": ""Missing Critical Attributes: Motor spare without rating, frame or part number""}"
NMC-MN-MSC-0500,Pt No 4471B Misc Spare Maint,MISC_UNCLASSIFIED,Miscellaneous / Unclassified Spares,Mining,NOS,1,CIL_MN,"{""models"": {""part_number"": ""4471B""}, ""is_ambiguous"": true, ""ambiguity_reason"": ""Low Information: Lacks technical specifications or recognizable equipment type""}"
NMC-PW-MSC-0501,Motor Spare General,MISC_UNCLASSIFIED,Miscellaneous / Unclassified Spares,Power,NOS,1,NTPC_PW,"{""models"": {""part_number"": ""NUMBER""}, ""is_ambiguous"": true, ""ambiguity_reason"": ""Missing Critical Attributes: Motor spare without rating, frame or part number""}"
NMC-ST-MSC-0502,Pt No 4471B Misc Spare,MISC_UNCLASSIFIED,Miscellaneous / Unclassified Spares,Steel,NOS,1,SAIL_ST,"{""models"": {""part_number"": ""4471B""}, ""is_ambiguous"": true, ""ambiguity_reason"": ""Low Information: Lacks technical specifications or recognizable equipment type""}"
NMC-OG-MSC-0503,Pt No 4471B Misc Spare,MISC_UNCLASSIFIED,Miscellaneous / Unclassified Spares,Oil & Gas,NOS,1,CPCL_OG,"{""models"": {""part_number"": ""4471B""}, ""is_ambiguous"": true, ""ambiguity_reason"": ""Low Information: Lacks technical specifications or recognizable equipment type""}"
NMC-MN-MSC-0504,Pt No 4471B Misc Spare,MISC_UNCLASSIFIED,Miscellaneous / Unclassified Spares,Mining,NOS,1,CIL_MN,"{""models"": {""part_number"": ""4471B""}, ""is_ambiguous"": true, ""ambiguity_reason"": ""Low Information: Lacks technical specifications or recognizable equipment type""}"
NMC-HE-MSC-0505,Pt No 4471B Misc Spare,MISC_UNCLASSIFIED,Miscellaneous / Unclassified Spares,Heavy Engineering,NOS,1,BHEL_HE,"{""models"": {""part_number"": ""4471B""}, ""is_ambiguous"": true, ""ambiguity_reason"": ""Low Information: Lacks technical specifications or recognizable equipment type""}"
NMC-MN-MSC-0506,Motor Spare Rev-B,MISC_UNCLASSIFIED,Miscellaneous / Unclassified Spares,Mining,NOS,1,CIL_MN,"{""models"": {""part_number"": ""NUMBER""}, ""is_ambiguous"": true, ""ambiguity_reason"": ""Missing Critical Attributes: Motor spare without rating, frame or part number""}"
NMC-ST-MSC-0507,Motor Spare Hd,MISC_UNCLASSIFIED,Miscellaneous / Unclassified Spares,Steel,NOS,1,SAIL_ST,"{""models"": {""part_number"": ""NUMBER""}, ""is_ambiguous"": true, ""ambiguity_reason"": ""Missing Critical Attributes: Motor spare without rating, frame or part number""}"
NMC-ST-MSC-0508,Motor Spare Rev-A,MISC_UNCLASSIFIED,Miscellaneous / Unclassified Spares,Steel,NOS,1,SAIL_ST,"{""models"": {""part_number"": ""NUMBER""}, ""is_ambiguous"": true, ""ambiguity_reason"": ""Missing Critical Attributes: Motor spare without rating, frame or part number""}"
NMC-HE-MSC-0509,Pt No 4471B Misc Spare Plant,MISC_UNCLASSIFIED,Miscellaneous / Unclassified Spares,Heavy Engineering,NOS,1,BHEL_HE,"{""models"": {""part_number"": ""4471B""}, ""is_ambiguous"": true, ""ambiguity_reason"": ""Low Information: Lacks technical specifications or recognizable equipment type""}"
NMC-HE-MSC-0510,Motor Spare,MISC_UNCLASSIFIED,Miscellaneous / Unclassified Spares,Heavy Engineering,NOS,1,BHEL_HE,"{""models"": {""part_number"": ""NUMBER""}, ""is_ambiguous"": true, ""ambiguity_reason"": ""Missing Critical Attributes: Motor spare without rating, frame or part number""}"
NMC-PW-MSC-0511,Pt No 4471B Misc Spare,MISC_UNCLASSIFIED,Miscellaneous / Unclassified Spares,Power,NOS,1,NTPC_PW,"{""models"": {""part_number"": ""4471B""}, ""is_ambiguous"": true, ""ambiguity_reason"": ""Low Information: Lacks technical specifications or recognizable equipment type""}"
NMC-MN-MSC-0512,Motor Spare,MISC_UNCLASSIFIED,Miscellaneous / Unclassified Spares,Mining,NOS,1,CIL_MN,"{""models"": {""part_number"": ""NUMBER""}, ""is_ambiguous"": true, ""ambiguity_reason"": ""Missing Critical Attributes: Motor spare without rating, frame or part number""}"
NMC-HE-VLV-0029,Hydraulic Cylinder 160Mm Bore Variant 12 Oem,VALVES_FLOW,Valves & Flow Control,Heavy Engineering,NOS,3,BHEL_HE,"{""dimensions"": {""diameter_mm"": 160.0}, ""models"": {""variant"": ""Variant 12""}}"
NMC-OG-MSC-0513,Motor Spare Maint,MISC_UNCLASSIFIED,Miscellaneous / Unclassified Spares,Oil & Gas,NOS,1,CPCL_OG,"{""models"": {""part_number"": ""NUMBER""}, ""is_ambiguous"": true, ""ambiguity_reason"": ""Missing Critical Attributes: Motor spare without rating, frame or part number""}"
NMC-HE-MSC-0514,Pt No 4471B Misc Spare,MISC_UNCLASSIFIED,Miscellaneous / Unclassified Spares,Heavy Engineering,NOS,1,BHEL_HE,"{""models"": {""part_number"": ""4471B""}, ""is_ambiguous"": true, ""ambiguity_reason"": ""Low Information: Lacks technical specifications or recognizable equipment type""}"
NMC-HE-MSC-0515,Pt No 4471B Misc Spare General,MISC_UNCLASSIFIED,Miscellaneous / Unclassified Spares,Heavy Engineering,NOS,1,BHEL_HE,"{""models"": {""part_number"": ""4471B""}, ""is_ambiguous"": true, ""ambiguity_reason"": ""Low Information: Lacks technical specifications or recognizable equipment type""}"
NMC-PW-MSC-0516,Motor Spare,MISC_UNCLASSIFIED,Miscellaneous / Unclassified Spares,Power,NOS,1,NTPC_PW,"{""models"": {""part_number"": ""NUMBER""}, ""is_ambiguous"": true, ""ambiguity_reason"": ""Missing Critical Attributes: Motor spare without rating, frame or part number""}"
NMC-HE-MSC-0517,Pt No 4471B Misc Spare,MISC_UNCLASSIFIED,Miscellaneous / Unclassified Spares,Heavy Engineering,NOS,1,BHEL_HE,"{""models"": {""part_number"": ""4471B""}, ""is_ambiguous"": true, ""ambiguity_reason"": ""Low Information: Lacks technical specifications or recognizable equipment type""}"
NMC-PW-MSC-0518,Motor Spare General,MISC_UNCLASSIFIED,Miscellaneous / Unclassified Spares,Power,NOS,1,NTPC_PW,"{""models"": {""part_number"": ""NUMBER""}, ""is_ambiguous"": true, ""ambiguity_reason"": ""Missing Critical Attributes: Motor spare without rating, frame or part number""}"
NMC-HE-MSC-0519,Motor Spare,MISC_UNCLASSIFIED,Miscellaneous / Unclassified Spares,Heavy Engineering,NOS,1,BHEL_HE,"{""models"": {""part_number"": ""NUMBER""}, ""is_ambiguous"": true, ""ambiguity_reason"": ""Missing Critical Attributes: Motor spare without rating, frame or part number""}"
NMC-PW-MSC-0520,Motor Spare Maint,MISC_UNCLASSIFIED,Miscellaneous / Unclassified Spares,Power,NOS,1,NTPC_PW,"{""models"": {""part_number"": ""NUMBER""}, ""is_ambiguous"": true, ""ambiguity_reason"": ""Missing Critical Attributes: Motor spare without rating, frame or part number""}"
NMC-PW-MSC-0521,Motor Spare,MISC_UNCLASSIFIED,Miscellaneous / Unclassified Spares,Power,NOS,1,NTPC_PW,"{""models"": {""part_number"": ""NUMBER""}, ""is_ambiguous"": true, ""ambiguity_reason"": ""Missing Critical Attributes: Motor spare without rating, frame or part number""}"
NMC-HE-MSC-0522,Pt No 4471B Misc Spare,MISC_UNCLASSIFIED,Miscellaneous / Unclassified Spares,Heavy Engineering,NOS,1,BHEL_HE,"{""models"": {""part_number"": ""4471B""}, ""is_ambiguous"": true, ""ambiguity_reason"": ""Low Information: Lacks technical specifications or recognizable equipment type""}"
NMC-MN-MSC-0523,Pt No 4471B Misc Spare,MISC_UNCLASSIFIED,Miscellaneous / Unclassified Spares,Mining,NOS,1,CIL_MN,"{""models"": {""part_number"": ""4471B""}, ""is_ambiguous"": true, ""ambiguity_reason"": ""Low Information: Lacks technical specifications or recognizable equipment type""}"
NMC-PW-MSC-0524,Motor Spare,MISC_UNCLASSIFIED,Miscellaneous / Unclassified Spares,Power,NOS,1,NTPC_PW,"{""models"": {""part_number"": ""NUMBER""}, ""is_ambiguous"": true, ""ambiguity_reason"": ""Missing Critical Attributes: Motor spare without rating, frame or part number""}"
NMC-ST-MSC-0525,Pt No 4471B Misc Spare Std,MISC_UNCLASSIFIED,Miscellaneous / Unclassified Spares,Steel,NOS,1,SAIL_ST,"{""models"": {""part_number"": ""4471B""}, ""is_ambiguous"": true, ""ambiguity_reason"": ""Low Information: Lacks technical specifications or recognizable equipment type""}"
NMC-HE-RPC-0008,Precision Linear Guide 35Mm Variant 11 Rev-A,ROPES_CHAINS,Wire Ropes & Chains,Heavy Engineering,SET,5,BHEL_HE,"{""dimensions"": {""diameter_mm"": 35.0}, ""models"": {""variant"": ""Variant 11""}}"
NMC-MN-MSC-0526,Motor Spare,MISC_UNCLASSIFIED,Miscellaneous / Unclassified Spares,Mining,NOS,1,CIL_MN,"{""models"": {""part_number"": ""NUMBER""}, ""is_ambiguous"": true, ""ambiguity_reason"": ""Missing Critical Attributes: Motor spare without rating, frame or part number""}"
NMC-MN-MSC-0527,Pt No 4471B Misc Spare Hd,MISC_UNCLASSIFIED,Miscellaneous / Unclassified Spares,Mining,NOS,1,CIL_MN,"{""models"": {""part_number"": ""4471B""}, ""is_ambiguous"": true, ""ambiguity_reason"": ""Low Information: Lacks technical specifications or recognizable equipment type""}"
NMC-HE-MSC-0528,Motor Spare,MISC_UNCLASSIFIED,Miscellaneous / Unclassified Spares,Heavy Engineering,NOS,1,BHEL_HE,"{""models"": {""part_number"": ""NUMBER""}, ""is_ambiguous"": true, ""ambiguity_reason"": ""Missing Critical Attributes: Motor spare without rating, frame or part number""}"
NMC-MN-MSC-0529,Motor Spare,MISC_UNCLASSIFIED,Miscellaneous / Unclassified Spares,Mining,NOS,1,CIL_MN,"{""models"": {""part_number"": ""NUMBER""}, ""is_ambiguous"": true, ""ambiguity_reason"": ""Missing Critical Attributes: Motor spare without rating, frame or part number""}"
NMC-HE-MSC-0530,Motor Spare Plant,MISC_UNCLASSIFIED,Miscellaneous / Unclassified Spares,Heavy Engineering,NOS,1,BHEL_HE,"{""models"": {""part_number"": ""NUMBER""}, ""is_ambiguous"": true, ""ambiguity_reason"": ""Missing Critical Attributes: Motor spare without rating, frame or part number""}"
NMC-MN-MSC-0531,Pt No 4471B Misc Spare,MISC_UNCLASSIFIED,Miscellaneous / Unclassified Spares,Mining,NOS,1,CIL_MN,"{""models"": {""part_number"": ""4471B""}, ""is_ambiguous"": true, ""ambiguity_reason"": ""Low Information: Lacks technical specifications or recognizable equipment type""}"
NMC-ST-MSC-0532,Motor Spare Rev-B,MISC_UNCLASSIFIED,Miscellaneous / Unclassified Spares,Steel,NOS,1,SAIL_ST,"{""models"": {""part_number"": ""NUMBER""}, ""is_ambiguous"": true, ""ambiguity_reason"": ""Missing Critical Attributes: Motor spare without rating, frame or part number""}"
NMC-OG-MSC-0533,Motor Spare,MISC_UNCLASSIFIED,Miscellaneous / Unclassified Spares,Oil & Gas,NOS,1,CPCL_OG,"{""models"": {""part_number"": ""NUMBER""}, ""is_ambiguous"": true, ""ambiguity_reason"": ""Missing Critical Attributes: Motor spare without rating, frame or part number""}"
NMC-ST-MSC-0534,Motor Spare,MISC_UNCLASSIFIED,Miscellaneous / Unclassified Spares,Steel,NOS,1,SAIL_ST,"{""models"": {""part_number"": ""NUMBER""}, ""is_ambiguous"": true, ""ambiguity_reason"": ""Missing Critical Attributes: Motor spare without rating, frame or part number""}"
NMC-OG-MSC-0535,Pt No 4471B Misc Spare,MISC_UNCLASSIFIED,Miscellaneous / Unclassified Spares,Oil & Gas,NOS,1,CPCL_OG,"{""models"": {""part_number"": ""4471B""}, ""is_ambiguous"": true, ""ambiguity_reason"": ""Low Information: Lacks technical specifications or recognizable equipment type""}"
NMC-HE-MSC-0536,Motor Spare Oem,MISC_UNCLASSIFIED,Miscellaneous / Unclassified Spares,Heavy Engineering,NOS,1,BHEL_HE,"{""models"": {""part_number"": ""NUMBER""}, ""is_ambiguous"": true, ""ambiguity_reason"": ""Missing Critical Attributes: Motor spare without rating, frame or part number""}"
NMC-PW-MSC-0537,Pt No 4471B Misc Spare,MISC_UNCLASSIFIED,Miscellaneous / Unclassified Spares,Power,NOS,1,NTPC_PW,"{""models"": {""part_number"": ""4471B""}, ""is_ambiguous"": true, ""ambiguity_reason"": ""Low Information: Lacks technical specifications or recognizable equipment type""}"
NMC-MN-MSC-0538,Motor Spare,MISC_UNCLASSIFIED,Miscellaneous / Unclassified Spares,Mining,NOS,1,CIL_MN,"{""models"": {""part_number"": ""NUMBER""}, ""is_ambiguous"": true, ""ambiguity_reason"": ""Missing Critical Attributes: Motor spare without rating, frame or part number""}"
NMC-ST-MSC-0539,Pt No 4471B Misc Spare Industrial,MISC_UNCLASSIFIED,Miscellaneous / Unclassified Spares,Steel,NOS,1,SAIL_ST,"{""models"": {""part_number"": ""4471B""}, ""is_ambiguous"": true, ""ambiguity_reason"": ""Low Information: Lacks technical specifications or recognizable equipment type""}"
NMC-PW-MSC-0540,Motor Spare Industrial,MISC_UNCLASSIFIED,Miscellaneous / Unclassified Spares,Power,NOS,1,NTPC_PW,"{""models"": {""part_number"": ""NUMBER""}, ""is_ambiguous"": true, ""ambiguity_reason"": ""Missing Critical Attributes: Motor spare without rating, frame or part number""}"
NMC-ST-MSC-0541,Pt No 4471B Misc Spare,MISC_UNCLASSIFIED,Miscellaneous / Unclassified Spares,Steel,NOS,1,SAIL_ST,"{""models"": {""part_number"": ""4471B""}, ""is_ambiguous"": true, ""ambiguity_reason"": ""Low Information: Lacks technical specifications or recognizable equipment type""}"
NMC-ST-MSC-0542,Pt No 4471B Misc Spare,MISC_UNCLASSIFIED,Miscellaneous / Unclassified Spares,Steel,NOS,1,SAIL_ST,"{""models"": {""part_number"": ""4471B""}, ""is_ambiguous"": true, ""ambiguity_reason"": ""Low Information: Lacks technical specifications or recognizable equipment type""}"
NMC-OG-MSC-0543,Motor Spare,MISC_UNCLASSIFIED,Miscellaneous / Unclassified Spares,Oil & Gas,NOS,1,CPCL_OG,"{""models"": {""part_number"": ""NUMBER""}, ""is_ambiguous"": true, ""ambiguity_reason"": ""Missing Critical Attributes: Motor spare without rating, frame or part number""}"
NMC-OG-MSC-0544,Motor Spare Store,MISC_UNCLASSIFIED,Miscellaneous / Unclassified Spares,Oil & Gas,NOS,1,CPCL_OG,"{""models"": {""part_number"": ""NUMBER""}, ""is_ambiguous"": true, ""ambiguity_reason"": ""Missing Critical Attributes: Motor spare without rating, frame or part number""}"
NMC-OG-MSC-0545,Pt No 4471B Misc Spare,MISC_UNCLASSIFIED,Miscellaneous / Unclassified Spares,Oil & Gas,NOS,1,CPCL_OG,"{""models"": {""part_number"": ""4471B""}, ""is_ambiguous"": true, ""ambiguity_reason"": ""Low Information: Lacks technical specifications or recognizable equipment type""}"
NMC-HE-MSC-0546,Motor Spare,MISC_UNCLASSIFIED,Miscellaneous / Unclassified Spares,Heavy Engineering,NOS,1,BHEL_HE,"{""models"": {""part_number"": ""NUMBER""}, ""is_ambiguous"": true, ""ambiguity_reason"": ""Missing Critical Attributes: Motor spare without rating, frame or part number""}"
NMC-OG-MSC-0547,Motor Spare,MISC_UNCLASSIFIED,Miscellaneous / Unclassified Spares,Oil & Gas,NOS,1,CPCL_OG,"{""models"": {""part_number"": ""NUMBER""}, ""is_ambiguous"": true, ""ambiguity_reason"": ""Missing Critical Attributes: Motor spare without rating, frame or part number""}"
NMC-ST-MSC-0548,Pt No 4471B Misc Spare,MISC_UNCLASSIFIED,Miscellaneous / Unclassified Spares,Steel,NOS,1,SAIL_ST,"{""models"": {""part_number"": ""4471B""}, ""is_ambiguous"": true, ""ambiguity_reason"": ""Low Information: Lacks technical specifications or recognizable equipment type""}"
NMC-OG-MSC-0549,Motor Spare,MISC_UNCLASSIFIED,Miscellaneous / Unclassified Spares,Oil & Gas,NOS,1,CPCL_OG,"{""models"": {""part_number"": ""NUMBER""}, ""is_ambiguous"": true, ""ambiguity_reason"": ""Missing Critical Attributes: Motor spare without rating, frame or part number""}"
NMC-OG-MSC-0550,Pt No 4471B Misc Spare General,MISC_UNCLASSIFIED,Miscellaneous / Unclassified Spares,Oil & Gas,NOS,1,CPCL_OG,"{""models"": {""part_number"": ""4471B""}, ""is_ambiguous"": true, ""ambiguity_reason"": ""Low Information: Lacks technical specifications or recognizable equipment type""}"
NMC-ST-MSC-0551,Motor Spare Std,MISC_UNCLASSIFIED,Miscellaneous / Unclassified Spares,Steel,NOS,1,SAIL_ST,"{""models"": {""part_number"": ""NUMBER""}, ""is_ambiguous"": true, ""ambiguity_reason"": ""Missing Critical Attributes: Motor spare without rating, frame or part number""}"
NMC-MN-MSC-0552,Pt No 4471B Misc Spare Hd,MISC_UNCLASSIFIED,Miscellaneous / Unclassified Spares,Mining,NOS,1,CIL_MN,"{""models"": {""part_number"": ""4471B""}, ""is_ambiguous"": true, ""ambiguity_reason"": ""Low Information: Lacks technical specifications or recognizable equipment type""}"
NMC-HE-MSC-0553,Pt No 4471B Misc Spare,MISC_UNCLASSIFIED,Miscellaneous / Unclassified Spares,Heavy Engineering,NOS,1,BHEL_HE,"{""models"": {""part_number"": ""4471B""}, ""is_ambiguous"": true, ""ambiguity_reason"": ""Low Information: Lacks technical specifications or recognizable equipment type""}"
NMC-OG-MSC-0554,Pt No 4471B Misc Spare,MISC_UNCLASSIFIED,Miscellaneous / Unclassified Spares,Oil & Gas,NOS,1,CPCL_OG,"{""models"": {""part_number"": ""4471B""}, ""is_ambiguous"": true, ""ambiguity_reason"": ""Low Information: Lacks technical specifications or recognizable equipment type""}"
NMC-HE-MSC-0555,Motor Spare,MISC_UNCLASSIFIED,Miscellaneous / Unclassified Spares,Heavy Engineering,NOS,1,BHEL_HE,"{""models"": {""part_number"": ""NUMBER""}, ""is_ambiguous"": true, ""ambiguity_reason"": ""Missing Critical Attributes: Motor spare without rating, frame or part number""}"
NMC-OG-MSC-0556,Pt No 4471B Misc Spare,MISC_UNCLASSIFIED,Miscellaneous / Unclassified Spares,Oil & Gas,NOS,1,CPCL_OG,"{""models"": {""part_number"": ""4471B""}, ""is_ambiguous"": true, ""ambiguity_reason"": ""Low Information: Lacks technical specifications or recognizable equipment type""}"
NMC-HE-MSC-0557,Pt No 4471B Misc Spare Maint,MISC_UNCLASSIFIED,Miscellaneous / Unclassified Spares,Heavy Engineering,NOS,1,BHEL_HE,"{""models"": {""part_number"": ""4471B""}, ""is_ambiguous"": true, ""ambiguity_reason"": ""Low Information: Lacks technical specifications or recognizable equipment type""}"
NMC-OG-MSC-0558,Pt No 4471B Misc Spare,MISC_UNCLASSIFIED,Miscellaneous / Unclassified Spares,Oil & Gas,NOS,1,CPCL_OG,"{""models"": {""part_number"": ""4471B""}, ""is_ambiguous"": true, ""ambiguity_reason"": ""Low Information: Lacks technical specifications or recognizable equipment type""}"
NMC-ST-MSC-0559,Motor Spare,MISC_UNCLASSIFIED,Miscellaneous / Unclassified Spares,Steel,NOS,1,SAIL_ST,"{""models"": {""part_number"": ""NUMBER""}, ""is_ambiguous"": true, ""ambiguity_reason"": ""Missing Critical Attributes: Motor spare without rating, frame or part number""}"
NMC-PW-MSC-0560,Pt No 4471B Misc Spare,MISC_UNCLASSIFIED,Miscellaneous / Unclassified Spares,Power,NOS,1,NTPC_PW,"{""models"": {""part_number"": ""4471B""}, ""is_ambiguous"": true, ""ambiguity_reason"": ""Low Information: Lacks technical specifications or recognizable equipment type""}"
NMC-ST-MSC-0561,Pt No 4471B Misc Spare,MISC_UNCLASSIFIED,Miscellaneous / Unclassified Spares,Steel,NOS,1,SAIL_ST,"{""models"": {""part_number"": ""4471B""}, ""is_ambiguous"": true, ""ambiguity_reason"": ""Low Information: Lacks technical specifications or recognizable equipment type""}"
NMC-MN-MSC-0562,Motor Spare,MISC_UNCLASSIFIED,Miscellaneous / Unclassified Spares,Mining,NOS,1,CIL_MN,"{""models"": {""part_number"": ""NUMBER""}, ""is_ambiguous"": true, ""ambiguity_reason"": ""Missing Critical Attributes: Motor spare without rating, frame or part number""}"
NMC-MN-MSC-0563,Pt No 4471B Misc Spare Industrial,MISC_UNCLASSIFIED,Miscellaneous / Unclassified Spares,Mining,NOS,1,CIL_MN,"{""models"": {""part_number"": ""4471B""}, ""is_ambiguous"": true, ""ambiguity_reason"": ""Low Information: Lacks technical specifications or recognizable equipment type""}"
NMC-OG-MSC-0564,Motor Spare,MISC_UNCLASSIFIED,Miscellaneous / Unclassified Spares,Oil & Gas,NOS,1,CPCL_OG,"{""models"": {""part_number"": ""NUMBER""}, ""is_ambiguous"": true, ""ambiguity_reason"": ""Missing Critical Attributes: Motor spare without rating, frame or part number""}"
NMC-MN-MSC-0565,Pt No 4471B Misc Spare Rev-B,MISC_UNCLASSIFIED,Miscellaneous / Unclassified Spares,Mining,NOS,1,CIL_MN,"{""models"": {""part_number"": ""4471B""}, ""is_ambiguous"": true, ""ambiguity_reason"": ""Low Information: Lacks technical specifications or recognizable equipment type""}"
NMC-PW-MSC-0566,Motor Spare,MISC_UNCLASSIFIED,Miscellaneous / Unclassified Spares,Power,NOS,1,NTPC_PW,"{""models"": {""part_number"": ""NUMBER""}, ""is_ambiguous"": true, ""ambiguity_reason"": ""Missing Critical Attributes: Motor spare without rating, frame or part number""}"
NMC-HE-MSC-0567,Motor Spare,MISC_UNCLASSIFIED,Miscellaneous / Unclassified Spares,Heavy Engineering,NOS,1,BHEL_HE,"{""models"": {""part_number"": ""NUMBER""}, ""is_ambiguous"": true, ""ambiguity_reason"": ""Missing Critical Attributes: Motor spare without rating, frame or part number""}"
NMC-HE-MSC-0568,Pt No 4471B Misc Spare,MISC_UNCLASSIFIED,Miscellaneous / Unclassified Spares,Heavy Engineering,NOS,1,BHEL_HE,"{""models"": {""part_number"": ""4471B""}, ""is_ambiguous"": true, ""ambiguity_reason"": ""Low Information: Lacks technical specifications or recognizable equipment type""}"
NMC-PW-MSC-0569,Motor Spare Rev-A,MISC_UNCLASSIFIED,Miscellaneous / Unclassified Spares,Power,NOS,1,NTPC_PW,"{""models"": {""part_number"": ""NUMBER""}, ""is_ambiguous"": true, ""ambiguity_reason"": ""Missing Critical Attributes: Motor spare without rating, frame or part number""}"
NMC-ST-MSC-0570,Motor Spare,MISC_UNCLASSIFIED,Miscellaneous / Unclassified Spares,Steel,NOS,1,SAIL_ST,"{""models"": {""part_number"": ""NUMBER""}, ""is_ambiguous"": true, ""ambiguity_reason"": ""Missing Critical Attributes: Motor spare without rating, frame or part number""}"
NMC-OG-MSC-0571,Pt No 4471B Misc Spare,MISC_UNCLASSIFIED,Miscellaneous / Unclassified Spares,Oil & Gas,NOS,1,CPCL_OG,"{""models"": {""part_number"": ""4471B""}, ""is_ambiguous"": true, ""ambiguity_reason"": ""Low Information: Lacks technical specifications or recognizable equipment type""}"
NMC-MN-MSC-0572,Motor Spare,MISC_UNCLASSIFIED,Miscellaneous / Unclassified Spares,Mining,NOS,1,CIL_MN,"{""models"": {""part_number"": ""NUMBER""}, ""is_ambiguous"": true, ""ambiguity_reason"": ""Missing Critical Attributes: Motor spare without rating, frame or part number""}"
NMC-OG-MSC-0573,Pt No 4471B Misc Spare,MISC_UNCLASSIFIED,Miscellaneous / Unclassified Spares,Oil & Gas,NOS,1,CPCL_OG,"{""models"": {""part_number"": ""4471B""}, ""is_ambiguous"": true, ""ambiguity_reason"": ""Low Information: Lacks technical specifications or recognizable equipment type""}"
NMC-MN-FST-0020,Dragline Bucket Tooth Rev-B,FASTENERS,Fasteners & Hardware,Mining,NOS,3,CIL_MN,{}
NMC-OG-MSC-0574,Pt No 4471B Misc Spare,MISC_UNCLASSIFIED,Miscellaneous / Unclassified Spares,Oil & Gas,NOS,1,CPCL_OG,"{""models"": {""part_number"": ""4471B""}, ""is_ambiguous"": true, ""ambiguity_reason"": ""Low Information: Lacks technical specifications or recognizable equipment type""}"
NMC-MN-MSC-0575,Motor Spare General,MISC_UNCLASSIFIED,Miscellaneous / Unclassified Spares,Mining,NOS,1,CIL_MN,"{""models"": {""part_number"": ""NUMBER""}, ""is_ambiguous"": true, ""ambiguity_reason"": ""Missing Critical Attributes: Motor spare without rating, frame or part number""}"
NMC-HE-MSC-0576,Motor Spare,MISC_UNCLASSIFIED,Miscellaneous / Unclassified Spares,Heavy Engineering,NOS,1,BHEL_HE,"{""models"": {""part_number"": ""NUMBER""}, ""is_ambiguous"": true, ""ambiguity_reason"": ""Missing Critical Attributes: Motor spare without rating, frame or part number""}"
NMC-HE-MSC-0577,Pt No 4471B Misc Spare,MISC_UNCLASSIFIED,Miscellaneous / Unclassified Spares,Heavy Engineering,NOS,1,BHEL_HE,"{""models"": {""part_number"": ""4471B""}, ""is_ambiguous"": true, ""ambiguity_reason"": ""Low Information: Lacks technical specifications or recognizable equipment type""}"
NMC-HE-MSC-0578,Pt No 4471B Misc Spare Maint,MISC_UNCLASSIFIED,Miscellaneous / Unclassified Spares,Heavy Engineering,NOS,1,BHEL_HE,"{""models"": {""part_number"": ""4471B""}, ""is_ambiguous"": true, ""ambiguity_reason"": ""Low Information: Lacks technical specifications or recognizable equipment type""}"
NMC-PW-MSC-0579,Motor Spare,MISC_UNCLASSIFIED,Miscellaneous / Unclassified Spares,Power,NOS,1,NTPC_PW,"{""models"": {""part_number"": ""NUMBER""}, ""is_ambiguous"": true, ""ambiguity_reason"": ""Missing Critical Attributes: Motor spare without rating, frame or part number""}"
NMC-MN-MSC-0580,Pt No 4471B Misc Spare,MISC_UNCLASSIFIED,Miscellaneous / Unclassified Spares,Mining,NOS,1,CIL_MN,"{""models"": {""part_number"": ""4471B""}, ""is_ambiguous"": true, ""ambiguity_reason"": ""Low Information: Lacks technical specifications or recognizable equipment type""}"
NMC-ST-MSC-0581,Motor Spare,MISC_UNCLASSIFIED,Miscellaneous / Unclassified Spares,Steel,NOS,1,SAIL_ST,"{""models"": {""part_number"": ""NUMBER""}, ""is_ambiguous"": true, ""ambiguity_reason"": ""Missing Critical Attributes: Motor spare without rating, frame or part number""}"
NMC-PW-MSC-0582,Motor Spare,MISC_UNCLASSIFIED,Miscellaneous / Unclassified Spares,Power,NOS,1,NTPC_PW,"{""models"": {""part_number"": ""NUMBER""}, ""is_ambiguous"": true, ""ambiguity_reason"": ""Missing Critical Attributes: Motor spare without rating, frame or part number""}"
NMC-ST-MSC-0583,Motor Spare,MISC_UNCLASSIFIED,Miscellaneous / Unclassified Spares,Steel,NOS,1,SAIL_ST,"{""models"": {""part_number"": ""NUMBER""}, ""is_ambiguous"": true, ""ambiguity_reason"": ""Missing Critical Attributes: Motor spare without rating, frame or part number""}"
NMC-PW-MSC-0584,Pt No 4471B Misc Spare,MISC_UNCLASSIFIED,Miscellaneous / Unclassified Spares,Power,NOS,1,NTPC_PW,"{""models"": {""part_number"": ""4471B""}, ""is_ambiguous"": true, ""ambiguity_reason"": ""Low Information: Lacks technical specifications or recognizable equipment type""}"
NMC-MN-MSC-0585,Pt No 4471B Misc Spare,MISC_UNCLASSIFIED,Miscellaneous / Unclassified Spares,Mining,NOS,1,CIL_MN,"{""models"": {""part_number"": ""4471B""}, ""is_ambiguous"": true, ""ambiguity_reason"": ""Low Information: Lacks technical specifications or recognizable equipment type""}"
NMC-HE-MSC-0586,Motor Spare,MISC_UNCLASSIFIED,Miscellaneous / Unclassified Spares,Heavy Engineering,NOS,1,BHEL_HE,"{""models"": {""part_number"": ""NUMBER""}, ""is_ambiguous"": true, ""ambiguity_reason"": ""Missing Critical Attributes: Motor spare without rating, frame or part number""}"
NMC-PW-MSC-0587,Motor Spare,MISC_UNCLASSIFIED,Miscellaneous / Unclassified Spares,Power,NOS,1,NTPC_PW,"{""models"": {""part_number"": ""NUMBER""}, ""is_ambiguous"": true, ""ambiguity_reason"": ""Missing Critical Attributes: Motor spare without rating, frame or part number""}"
NMC-OG-MSC-0588,Pt No 4471B Misc Spare,MISC_UNCLASSIFIED,Miscellaneous / Unclassified Spares,Oil & Gas,NOS,1,CPCL_OG,"{""models"": {""part_number"": ""4471B""}, ""is_ambiguous"": true, ""ambiguity_reason"": ""Low Information: Lacks technical specifications or recognizable equipment type""}"
NMC-MN-MSC-0589,Pt No 4471B Misc Spare,MISC_UNCLASSIFIED,Miscellaneous / Unclassified Spares,Mining,NOS,1,CIL_MN,"{""models"": {""part_number"": ""4471B""}, ""is_ambiguous"": true, ""ambiguity_reason"": ""Low Information: Lacks technical specifications or recognizable equipment type""}"
NMC-HE-MSC-0590,Motor Spare,MISC_UNCLASSIFIED,Miscellaneous / Unclassified Spares,Heavy Engineering,NOS,1,BHEL_HE,"{""models"": {""part_number"": ""NUMBER""}, ""is_ambiguous"": true, ""ambiguity_reason"": ""Missing Critical Attributes: Motor spare without rating, frame or part number""}"
NMC-ST-MSC-0591,Motor Spare,MISC_UNCLASSIFIED,Miscellaneous / Unclassified Spares,Steel,NOS,1,SAIL_ST,"{""models"": {""part_number"": ""NUMBER""}, ""is_ambiguous"": true, ""ambiguity_reason"": ""Missing Critical Attributes: Motor spare without rating, frame or part number""}"
NMC-HE-MSC-0592,Pt No 4471B Misc Spare,MISC_UNCLASSIFIED,Miscellaneous / Unclassified Spares,Heavy Engineering,NOS,1,BHEL_HE,"{""models"": {""part_number"": ""4471B""}, ""is_ambiguous"": true, ""ambiguity_reason"": ""Low Information: Lacks technical specifications or recognizable equipment type""}"
NMC-PW-MSC-0593,Motor Spare,MISC_UNCLASSIFIED,Miscellaneous / Unclassified Spares,Power,NOS,1,NTPC_PW,"{""models"": {""part_number"": ""NUMBER""}, ""is_ambiguous"": true, ""ambiguity_reason"": ""Missing Critical Attributes: Motor spare without rating, frame or part number""}"
NMC-MN-MSC-0594,Motor Spare,MISC_UNCLASSIFIED,Miscellaneous / Unclassified Spares,Mining,NOS,1,CIL_MN,"{""models"": {""part_number"": ""NUMBER""}, ""is_ambiguous"": true, ""ambiguity_reason"": ""Missing Critical Attributes: Motor spare without rating, frame or part number""}"
NMC-PW-MSC-0595,Motor Spare,MISC_UNCLASSIFIED,Miscellaneous / Unclassified Spares,Power,NOS,1,NTPC_PW,"{""models"": {""part_number"": ""NUMBER""}, ""is_ambiguous"": true, ""ambiguity_reason"": ""Missing Critical Attributes: Motor spare without rating, frame or part number""}"
NMC-MN-MSC-0596,Pt No 4471B Misc Spare,MISC_UNCLASSIFIED,Miscellaneous / Unclassified Spares,Mining,NOS,1,CIL_MN,"{""models"": {""part_number"": ""4471B""}, ""is_ambiguous"": true, ""ambiguity_reason"": ""Low Information: Lacks technical specifications or recognizable equipment type""}"
NMC-MN-MSC-0597,Pt No 4471B Misc Spare,MISC_UNCLASSIFIED,Miscellaneous / Unclassified Spares,Mining,NOS,1,CIL_MN,"{""models"": {""part_number"": ""4471B""}, ""is_ambiguous"": true, ""ambiguity_reason"": ""Low Information: Lacks technical specifications or recognizable equipment type""}"
NMC-HE-MSC-0598,Motor Spare,MISC_UNCLASSIFIED,Miscellaneous / Unclassified Spares,Heavy Engineering,NOS,1,BHEL_HE,"{""models"": {""part_number"": ""NUMBER""}, ""is_ambiguous"": true, ""ambiguity_reason"": ""Missing Critical Attributes: Motor spare without rating, frame or part number""}"
NMC-PW-MSC-0599,Motor Spare,MISC_UNCLASSIFIED,Miscellaneous / Unclassified Spares,Power,NOS,1,NTPC_PW,"{""models"": {""part_number"": ""NUMBER""}, ""is_ambiguous"": true, ""ambiguity_reason"": ""Missing Critical Attributes: Motor spare without rating, frame or part number""}"
NMC-HE-MSC-0600,Motor Spare,MISC_UNCLASSIFIED,Miscellaneous / Unclassified Spares,Heavy Engineering,NOS,1,BHEL_HE,"{""models"": {""part_number"": ""NUMBER""}, ""is_ambiguous"": true, ""ambiguity_reason"": ""Missing Critical Attributes: Motor spare without rating, frame or part number""}"
NMC-MN-MSC-0601,Motor Spare,MISC_UNCLASSIFIED,Miscellaneous / Unclassified Spares,Mining,NOS,1,CIL_MN,"{""models"": {""part_number"": ""NUMBER""}, ""is_ambiguous"": true, ""ambiguity_reason"": ""Missing Critical Attributes: Motor spare without rating, frame or part number""}"
NMC-MN-MSC-0602,Motor Spare,MISC_UNCLASSIFIED,Miscellaneous / Unclassified Spares,Mining,NOS,1,CIL_MN,"{""models"": {""part_number"": ""NUMBER""}, ""is_ambiguous"": true, ""ambiguity_reason"": ""Missing Critical Attributes: Motor spare without rating, frame or part number""}"
NMC-PW-MSC-0603,Motor Spare Industrial,MISC_UNCLASSIFIED,Miscellaneous / Unclassified Spares,Power,NOS,1,NTPC_PW,"{""models"": {""part_number"": ""NUMBER""}, ""is_ambiguous"": true, ""ambiguity_reason"": ""Missing Critical Attributes: Motor spare without rating, frame or part number""}"
NMC-PW-MSC-0604,Motor Spare,MISC_UNCLASSIFIED,Miscellaneous / Unclassified Spares,Power,NOS,1,NTPC_PW,"{""models"": {""part_number"": ""NUMBER""}, ""is_ambiguous"": true, ""ambiguity_reason"": ""Missing Critical Attributes: Motor spare without rating, frame or part number""}"
NMC-HE-MSC-0605,Pt No 4471B Misc Spare,MISC_UNCLASSIFIED,Miscellaneous / Unclassified Spares,Heavy Engineering,NOS,1,BHEL_HE,"{""models"": {""part_number"": ""4471B""}, ""is_ambiguous"": true, ""ambiguity_reason"": ""Low Information: Lacks technical specifications or recognizable equipment type""}"
NMC-MN-MSC-0606,Motor Spare,MISC_UNCLASSIFIED,Miscellaneous / Unclassified Spares,Mining,NOS,1,CIL_MN,"{""models"": {""part_number"": ""NUMBER""}, ""is_ambiguous"": true, ""ambiguity_reason"": ""Missing Critical Attributes: Motor spare without rating, frame or part number""}"
NMC-HE-MSC-0607,Pt No 4471B Misc Spare Std,MISC_UNCLASSIFIED,Miscellaneous / Unclassified Spares,Heavy Engineering,NOS,1,BHEL_HE,"{""models"": {""part_number"": ""4471B""}, ""is_ambiguous"": true, ""ambiguity_reason"": ""Low Information: Lacks technical specifications or recognizable equipment type""}"
NMC-MN-FST-0021,Dragline Bucket Tooth Store,FASTENERS,Fasteners & Hardware,Mining,NOS,6,CIL_MN,{}
NMC-PW-MSC-0608,Motor Spare Std,MISC_UNCLASSIFIED,Miscellaneous / Unclassified Spares,Power,NOS,1,NTPC_PW,"{""models"": {""part_number"": ""NUMBER""}, ""is_ambiguous"": true, ""ambiguity_reason"": ""Missing Critical Attributes: Motor spare without rating, frame or part number""}"
NMC-ST-MSC-0609,Pt No 4471B Misc Spare Oem,MISC_UNCLASSIFIED,Miscellaneous / Unclassified Spares,Steel,NOS,1,SAIL_ST,"{""models"": {""part_number"": ""4471B""}, ""is_ambiguous"": true, ""ambiguity_reason"": ""Low Information: Lacks technical specifications or recognizable equipment type""}"
NMC-OG-MSC-0610,Pt No 4471B Misc Spare Rev-B,MISC_UNCLASSIFIED,Miscellaneous / Unclassified Spares,Oil & Gas,NOS,1,CPCL_OG,"{""models"": {""part_number"": ""4471B""}, ""is_ambiguous"": true, ""ambiguity_reason"": ""Low Information: Lacks technical specifications or recognizable equipment type""}"
NMC-OG-MSC-0611,Motor Spare,MISC_UNCLASSIFIED,Miscellaneous / Unclassified Spares,Oil & Gas,NOS,1,CPCL_OG,"{""models"": {""part_number"": ""NUMBER""}, ""is_ambiguous"": true, ""ambiguity_reason"": ""Missing Critical Attributes: Motor spare without rating, frame or part number""}"
NMC-MN-FST-0022,Dragline Bucket Tooth Std,FASTENERS,Fasteners & Hardware,Mining,NOS,4,CIL_MN,{}
NMC-MN-MSC-0612,Motor Spare,MISC_UNCLASSIFIED,Miscellaneous / Unclassified Spares,Mining,NOS,1,CIL_MN,"{""models"": {""part_number"": ""NUMBER""}, ""is_ambiguous"": true, ""ambiguity_reason"": ""Missing Critical Attributes: Motor spare without rating, frame or part number""}"
NMC-OG-MSC-0613,Motor Spare Rev-A,MISC_UNCLASSIFIED,Miscellaneous / Unclassified Spares,Oil & Gas,NOS,1,CPCL_OG,"{""models"": {""part_number"": ""NUMBER""}, ""is_ambiguous"": true, ""ambiguity_reason"": ""Missing Critical Attributes: Motor spare without rating, frame or part number""}"
NMC-MN-MSC-0614,Motor Spare,MISC_UNCLASSIFIED,Miscellaneous / Unclassified Spares,Mining,NOS,1,CIL_MN,"{""models"": {""part_number"": ""NUMBER""}, ""is_ambiguous"": true, ""ambiguity_reason"": ""Missing Critical Attributes: Motor spare without rating, frame or part number""}"
NMC-PW-MSC-0615,Pt No 4471B Misc Spare,MISC_UNCLASSIFIED,Miscellaneous / Unclassified Spares,Power,NOS,1,NTPC_PW,"{""models"": {""part_number"": ""4471B""}, ""is_ambiguous"": true, ""ambiguity_reason"": ""Low Information: Lacks technical specifications or recognizable equipment type""}"
NMC-PW-MSC-0616,Pt No 4471B Misc Spare,MISC_UNCLASSIFIED,Miscellaneous / Unclassified Spares,Power,NOS,1,NTPC_PW,"{""models"": {""part_number"": ""4471B""}, ""is_ambiguous"": true, ""ambiguity_reason"": ""Low Information: Lacks technical specifications or recognizable equipment type""}"
NMC-HE-MSC-0617,Motor Spare,MISC_UNCLASSIFIED,Miscellaneous / Unclassified Spares,Heavy Engineering,NOS,1,BHEL_HE,"{""models"": {""part_number"": ""NUMBER""}, ""is_ambiguous"": true, ""ambiguity_reason"": ""Missing Critical Attributes: Motor spare without rating, frame or part number""}"
NMC-OG-MSC-0618,Pt No 4471B Misc Spare,MISC_UNCLASSIFIED,Miscellaneous / Unclassified Spares,Oil & Gas,NOS,1,CPCL_OG,"{""models"": {""part_number"": ""4471B""}, ""is_ambiguous"": true, ""ambiguity_reason"": ""Low Information: Lacks technical specifications or recognizable equipment type""}"
NMC-MN-MSC-0619,Motor Spare Hd,MISC_UNCLASSIFIED,Miscellaneous / Unclassified Spares,Mining,NOS,1,CIL_MN,"{""models"": {""part_number"": ""NUMBER""}, ""is_ambiguous"": true, ""ambiguity_reason"": ""Missing Critical Attributes: Motor spare without rating, frame or part number""}"
NMC-OG-MSC-0620,Pt No 4471B Misc Spare,MISC_UNCLASSIFIED,Miscellaneous / Unclassified Spares,Oil & Gas,NOS,1,CPCL_OG,"{""models"": {""part_number"": ""4471B""}, ""is_ambiguous"": true, ""ambiguity_reason"": ""Low Information: Lacks technical specifications or recognizable equipment type""}"
NMC-OG-MSC-0621,Motor Spare,MISC_UNCLASSIFIED,Miscellaneous / Unclassified Spares,Oil & Gas,NOS,1,CPCL_OG,"{""models"": {""part_number"": ""NUMBER""}, ""is_ambiguous"": true, ""ambiguity_reason"": ""Missing Critical Attributes: Motor spare without rating, frame or part number""}"
NMC-ST-MSC-0622,Motor Spare Rev-B,MISC_UNCLASSIFIED,Miscellaneous / Unclassified Spares,Steel,NOS,1,SAIL_ST,"{""models"": {""part_number"": ""NUMBER""}, ""is_ambiguous"": true, ""ambiguity_reason"": ""Missing Critical Attributes: Motor spare without rating, frame or part number""}"
NMC-OG-MSC-0623,Motor Spare,MISC_UNCLASSIFIED,Miscellaneous / Unclassified Spares,Oil & Gas,NOS,1,CPCL_OG,"{""models"": {""part_number"": ""NUMBER""}, ""is_ambiguous"": true, ""ambiguity_reason"": ""Missing Critical Attributes: Motor spare without rating, frame or part number""}"
NMC-PW-MSC-0624,Pt No 4471B Misc Spare General,MISC_UNCLASSIFIED,Miscellaneous / Unclassified Spares,Power,NOS,1,NTPC_PW,"{""models"": {""part_number"": ""4471B""}, ""is_ambiguous"": true, ""ambiguity_reason"": ""Low Information: Lacks technical specifications or recognizable equipment type""}"
NMC-HE-MSC-0625,Pt No 4471B Misc Spare,MISC_UNCLASSIFIED,Miscellaneous / Unclassified Spares,Heavy Engineering,NOS,1,BHEL_HE,"{""models"": {""part_number"": ""4471B""}, ""is_ambiguous"": true, ""ambiguity_reason"": ""Low Information: Lacks technical specifications or recognizable equipment type""}"
NMC-PW-MSC-0626,Motor Spare Industrial,MISC_UNCLASSIFIED,Miscellaneous / Unclassified Spares,Power,NOS,1,NTPC_PW,"{""models"": {""part_number"": ""NUMBER""}, ""is_ambiguous"": true, ""ambiguity_reason"": ""Missing Critical Attributes: Motor spare without rating, frame or part number""}"
NMC-HE-MSC-0627,Motor Spare Rev-B,MISC_UNCLASSIFIED,Miscellaneous / Unclassified Spares,Heavy Engineering,NOS,1,BHEL_HE,"{""models"": {""part_number"": ""NUMBER""}, ""is_ambiguous"": true, ""ambiguity_reason"": ""Missing Critical Attributes: Motor spare without rating, frame or part number""}"
NMC-MN-MSC-0628,Pt No 4471B Misc Spare Hd,MISC_UNCLASSIFIED,Miscellaneous / Unclassified Spares,Mining,NOS,1,CIL_MN,"{""models"": {""part_number"": ""4471B""}, ""is_ambiguous"": true, ""ambiguity_reason"": ""Low Information: Lacks technical specifications or recognizable equipment type""}"
NMC-OG-MSC-0629,Pt No 4471B Misc Spare Oem,MISC_UNCLASSIFIED,Miscellaneous / Unclassified Spares,Oil & Gas,NOS,1,CPCL_OG,"{""models"": {""part_number"": ""4471B""}, ""is_ambiguous"": true, ""ambiguity_reason"": ""Low Information: Lacks technical specifications or recognizable equipment type""}"
NMC-PW-MSC-0630,Pt No 4471B Misc Spare,MISC_UNCLASSIFIED,Miscellaneous / Unclassified Spares,Power,NOS,1,NTPC_PW,"{""models"": {""part_number"": ""4471B""}, ""is_ambiguous"": true, ""ambiguity_reason"": ""Low Information: Lacks technical specifications or recognizable equipment type""}"
NMC-OG-MSC-0631,Motor Spare,MISC_UNCLASSIFIED,Miscellaneous / Unclassified Spares,Oil & Gas,NOS,1,CPCL_OG,"{""models"": {""part_number"": ""NUMBER""}, ""is_ambiguous"": true, ""ambiguity_reason"": ""Missing Critical Attributes: Motor spare without rating, frame or part number""}"
NMC-ST-MSC-0632,Motor Spare Std,MISC_UNCLASSIFIED,Miscellaneous / Unclassified Spares,Steel,NOS,1,SAIL_ST,"{""models"": {""part_number"": ""NUMBER""}, ""is_ambiguous"": true, ""ambiguity_reason"": ""Missing Critical Attributes: Motor spare without rating, frame or part number""}"
NMC-ST-MSC-0633,Pt No 4471B Misc Spare,MISC_UNCLASSIFIED,Miscellaneous / Unclassified Spares,Steel,NOS,1,SAIL_ST,"{""models"": {""part_number"": ""4471B""}, ""is_ambiguous"": true, ""ambiguity_reason"": ""Low Information: Lacks technical specifications or recognizable equipment type""}"
NMC-MN-MSC-0634,Pt No 4471B Misc Spare,MISC_UNCLASSIFIED,Miscellaneous / Unclassified Spares,Mining,NOS,1,CIL_MN,"{""models"": {""part_number"": ""4471B""}, ""is_ambiguous"": true, ""ambiguity_reason"": ""Low Information: Lacks technical specifications or recognizable equipment type""}"
NMC-OG-MSC-0635,Pt No 4471B Misc Spare Industrial,MISC_UNCLASSIFIED,Miscellaneous / Unclassified Spares,Oil & Gas,NOS,1,CPCL_OG,"{""models"": {""part_number"": ""4471B""}, ""is_ambiguous"": true, ""ambiguity_reason"": ""Low Information: Lacks technical specifications or recognizable equipment type""}"
NMC-ST-MSC-0636,Motor Spare,MISC_UNCLASSIFIED,Miscellaneous / Unclassified Spares,Steel,NOS,1,SAIL_ST,"{""models"": {""part_number"": ""NUMBER""}, ""is_ambiguous"": true, ""ambiguity_reason"": ""Missing Critical Attributes: Motor spare without rating, frame or part number""}"
NMC-OG-MSC-0637,Motor Spare,MISC_UNCLASSIFIED,Miscellaneous / Unclassified Spares,Oil & Gas,NOS,1,CPCL_OG,"{""models"": {""part_number"": ""NUMBER""}, ""is_ambiguous"": true, ""ambiguity_reason"": ""Missing Critical Attributes: Motor spare without rating, frame or part number""}"
NMC-OG-MSC-0638,Motor Spare,MISC_UNCLASSIFIED,Miscellaneous / Unclassified Spares,Oil & Gas,NOS,1,CPCL_OG,"{""models"": {""part_number"": ""NUMBER""}, ""is_ambiguous"": true, ""ambiguity_reason"": ""Missing Critical Attributes: Motor spare without rating, frame or part number""}"
NMC-OG-MSC-0639,Motor Spare,MISC_UNCLASSIFIED,Miscellaneous / Unclassified Spares,Oil & Gas,NOS,1,CPCL_OG,"{""models"": {""part_number"": ""NUMBER""}, ""is_ambiguous"": true, ""ambiguity_reason"": ""Missing Critical Attributes: Motor spare without rating, frame or part number""}"
NMC-OG-MSC-0640,Pt No 4471B Misc Spare,MISC_UNCLASSIFIED,Miscellaneous / Unclassified Spares,Oil & Gas,NOS,1,CPCL_OG,"{""models"": {""part_number"": ""4471B""}, ""is_ambiguous"": true, ""ambiguity_reason"": ""Low Information: Lacks technical specifications or recognizable equipment type""}"
NMC-PW-MSC-0641,Motor Spare Rev-A,MISC_UNCLASSIFIED,Miscellaneous / Unclassified Spares,Power,NOS,1,NTPC_PW,"{""models"": {""part_number"": ""NUMBER""}, ""is_ambiguous"": true, ""ambiguity_reason"": ""Missing Critical Attributes: Motor spare without rating, frame or part number""}"
NMC-PW-MSC-0642,Pt No 4471B Misc Spare Industrial,MISC_UNCLASSIFIED,Miscellaneous / Unclassified Spares,Power,NOS,1,NTPC_PW,"{""models"": {""part_number"": ""4471B""}, ""is_ambiguous"": true, ""ambiguity_reason"": ""Low Information: Lacks technical specifications or recognizable equipment type""}"
NMC-HE-MSC-0643,Pt No 4471B Misc Spare,MISC_UNCLASSIFIED,Miscellaneous / Unclassified Spares,Heavy Engineering,NOS,1,BHEL_HE,"{""models"": {""part_number"": ""4471B""}, ""is_ambiguous"": true, ""ambiguity_reason"": ""Low Information: Lacks technical specifications or recognizable equipment type""}"
NMC-PW-MSC-0644,Pt No 4471B Misc Spare General,MISC_UNCLASSIFIED,Miscellaneous / Unclassified Spares,Power,NOS,1,NTPC_PW,"{""models"": {""part_number"": ""4471B""}, ""is_ambiguous"": true, ""ambiguity_reason"": ""Low Information: Lacks technical specifications or recognizable equipment type""}"
NMC-MN-MSC-0645,Motor Spare,MISC_UNCLASSIFIED,Miscellaneous / Unclassified Spares,Mining,NOS,1,CIL_MN,"{""models"": {""part_number"": ""NUMBER""}, ""is_ambiguous"": true, ""ambiguity_reason"": ""Missing Critical Attributes: Motor spare without rating, frame or part number""}"
NMC-PW-MSC-0646,Motor Spare,MISC_UNCLASSIFIED,Miscellaneous / Unclassified Spares,Power,NOS,1,NTPC_PW,"{""models"": {""part_number"": ""NUMBER""}, ""is_ambiguous"": true, ""ambiguity_reason"": ""Missing Critical Attributes: Motor spare without rating, frame or part number""}"
NMC-ST-MSC-0647,Motor Spare,MISC_UNCLASSIFIED,Miscellaneous / Unclassified Spares,Steel,NOS,1,SAIL_ST,"{""models"": {""part_number"": ""NUMBER""}, ""is_ambiguous"": true, ""ambiguity_reason"": ""Missing Critical Attributes: Motor spare without rating, frame or part number""}"
NMC-HE-MSC-0648,Pt No 4471B Misc Spare Rev-B,MISC_UNCLASSIFIED,Miscellaneous / Unclassified Spares,Heavy Engineering,NOS,1,BHEL_HE,"{""models"": {""part_number"": ""4471B""}, ""is_ambiguous"": true, ""ambiguity_reason"": ""Low Information: Lacks technical specifications or recognizable equipment type""}"
NMC-PW-MSC-0649,Pt No 4471B Misc Spare Hd,MISC_UNCLASSIFIED,Miscellaneous / Unclassified Spares,Power,NOS,1,NTPC_PW,"{""models"": {""part_number"": ""4471B""}, ""is_ambiguous"": true, ""ambiguity_reason"": ""Low Information: Lacks technical specifications or recognizable equipment type""}"
NMC-OG-MSC-0650,Motor Spare,MISC_UNCLASSIFIED,Miscellaneous / Unclassified Spares,Oil & Gas,NOS,1,CPCL_OG,"{""models"": {""part_number"": ""NUMBER""}, ""is_ambiguous"": true, ""ambiguity_reason"": ""Missing Critical Attributes: Motor spare without rating, frame or part number""}"
NMC-ST-MSC-0651,Pt No 4471B Misc Spare Plant,MISC_UNCLASSIFIED,Miscellaneous / Unclassified Spares,Steel,NOS,1,SAIL_ST,"{""models"": {""part_number"": ""4471B""}, ""is_ambiguous"": true, ""ambiguity_reason"": ""Low Information: Lacks technical specifications or recognizable equipment type""}"
NMC-PW-MSC-0652,Motor Spare,MISC_UNCLASSIFIED,Miscellaneous / Unclassified Spares,Power,NOS,1,NTPC_PW,"{""models"": {""part_number"": ""NUMBER""}, ""is_ambiguous"": true, ""ambiguity_reason"": ""Missing Critical Attributes: Motor spare without rating, frame or part number""}"
NMC-OG-MSC-0653,Pt No 4471B Misc Spare Store,MISC_UNCLASSIFIED,Miscellaneous / Unclassified Spares,Oil & Gas,NOS,1,CPCL_OG,"{""models"": {""part_number"": ""4471B""}, ""is_ambiguous"": true, ""ambiguity_reason"": ""Low Information: Lacks technical specifications or recognizable equipment type""}"
NMC-ST-MSC-0654,Pt No 4471B Misc Spare,MISC_UNCLASSIFIED,Miscellaneous / Unclassified Spares,Steel,NOS,1,SAIL_ST,"{""models"": {""part_number"": ""4471B""}, ""is_ambiguous"": true, ""ambiguity_reason"": ""Low Information: Lacks technical specifications or recognizable equipment type""}"
NMC-MN-MSC-0655,Pt No 4471B Misc Spare,MISC_UNCLASSIFIED,Miscellaneous / Unclassified Spares,Mining,NOS,1,CIL_MN,"{""models"": {""part_number"": ""4471B""}, ""is_ambiguous"": true, ""ambiguity_reason"": ""Low Information: Lacks technical specifications or recognizable equipment type""}"
NMC-ST-MSC-0656,Pt No 4471B Misc Spare Maint,MISC_UNCLASSIFIED,Miscellaneous / Unclassified Spares,Steel,NOS,1,SAIL_ST,"{""models"": {""part_number"": ""4471B""}, ""is_ambiguous"": true, ""ambiguity_reason"": ""Low Information: Lacks technical specifications or recognizable equipment type""}"
NMC-OG-MSC-0657,Pt No 4471B Misc Spare,MISC_UNCLASSIFIED,Miscellaneous / Unclassified Spares,Oil & Gas,NOS,1,CPCL_OG,"{""models"": {""part_number"": ""4471B""}, ""is_ambiguous"": true, ""ambiguity_reason"": ""Low Information: Lacks technical specifications or recognizable equipment type""}"
NMC-OG-MSC-0658,Motor Spare Std,MISC_UNCLASSIFIED,Miscellaneous / Unclassified Spares,Oil & Gas,NOS,1,CPCL_OG,"{""models"": {""part_number"": ""NUMBER""}, ""is_ambiguous"": true, ""ambiguity_reason"": ""Missing Critical Attributes: Motor spare without rating, frame or part number""}"
NMC-PW-MSC-0659,Pt No 4471B Misc Spare,MISC_UNCLASSIFIED,Miscellaneous / Unclassified Spares,Power,NOS,1,NTPC_PW,"{""models"": {""part_number"": ""4471B""}, ""is_ambiguous"": true, ""ambiguity_reason"": ""Low Information: Lacks technical specifications or recognizable equipment type""}"
NMC-MN-MSC-0660,Motor Spare,MISC_UNCLASSIFIED,Miscellaneous / Unclassified Spares,Mining,NOS,1,CIL_MN,"{""models"": {""part_number"": ""NUMBER""}, ""is_ambiguous"": true, ""ambiguity_reason"": ""Missing Critical Attributes: Motor spare without rating, frame or part number""}"
NMC-OG-MSC-0661,Motor Spare Rev-A,MISC_UNCLASSIFIED,Miscellaneous / Unclassified Spares,Oil & Gas,NOS,1,CPCL_OG,"{""models"": {""part_number"": ""NUMBER""}, ""is_ambiguous"": true, ""ambiguity_reason"": ""Missing Critical Attributes: Motor spare without rating, frame or part number""}"
NMC-MN-MSC-0662,Motor Spare,MISC_UNCLASSIFIED,Miscellaneous / Unclassified Spares,Mining,NOS,1,CIL_MN,"{""models"": {""part_number"": ""NUMBER""}, ""is_ambiguous"": true, ""ambiguity_reason"": ""Missing Critical Attributes: Motor spare without rating, frame or part number""}"
NMC-MN-MSC-0663,Motor Spare,MISC_UNCLASSIFIED,Miscellaneous / Unclassified Spares,Mining,NOS,1,CIL_MN,"{""models"": {""part_number"": ""NUMBER""}, ""is_ambiguous"": true, ""ambiguity_reason"": ""Missing Critical Attributes: Motor spare without rating, frame or part number""}"
NMC-OG-MSC-0664,Motor Spare,MISC_UNCLASSIFIED,Miscellaneous / Unclassified Spares,Oil & Gas,NOS,1,CPCL_OG,"{""models"": {""part_number"": ""NUMBER""}, ""is_ambiguous"": true, ""ambiguity_reason"": ""Missing Critical Attributes: Motor spare without rating, frame or part number""}"
NMC-HE-MSC-0665,Pt No 4471B Misc Spare,MISC_UNCLASSIFIED,Miscellaneous / Unclassified Spares,Heavy Engineering,NOS,1,BHEL_HE,"{""models"": {""part_number"": ""4471B""}, ""is_ambiguous"": true, ""ambiguity_reason"": ""Low Information: Lacks technical specifications or recognizable equipment type""}"
NMC-ST-MSC-0666,Motor Spare,MISC_UNCLASSIFIED,Miscellaneous / Unclassified Spares,Steel,NOS,1,SAIL_ST,"{""models"": {""part_number"": ""NUMBER""}, ""is_ambiguous"": true, ""ambiguity_reason"": ""Missing Critical Attributes: Motor spare without rating, frame or part number""}"
NMC-HE-MSC-0667,Pt No 4471B Misc Spare Industrial,MISC_UNCLASSIFIED,Miscellaneous / Unclassified Spares,Heavy Engineering,NOS,1,BHEL_HE,"{""models"": {""part_number"": ""4471B""}, ""is_ambiguous"": true, ""ambiguity_reason"": ""Low Information: Lacks technical specifications or recognizable equipment type""}"
NMC-PW-MSC-0668,Motor Spare,MISC_UNCLASSIFIED,Miscellaneous / Unclassified Spares,Power,NOS,1,NTPC_PW,"{""models"": {""part_number"": ""NUMBER""}, ""is_ambiguous"": true, ""ambiguity_reason"": ""Missing Critical Attributes: Motor spare without rating, frame or part number""}"
NMC-OG-MSC-0669,Motor Spare Industrial,MISC_UNCLASSIFIED,Miscellaneous / Unclassified Spares,Oil & Gas,NOS,1,CPCL_OG,"{""models"": {""part_number"": ""NUMBER""}, ""is_ambiguous"": true, ""ambiguity_reason"": ""Missing Critical Attributes: Motor spare without rating, frame or part number""}"
NMC-OG-MSC-0670,Motor Spare,MISC_UNCLASSIFIED,Miscellaneous / Unclassified Spares,Oil & Gas,NOS,1,CPCL_OG,"{""models"": {""part_number"": ""NUMBER""}, ""is_ambiguous"": true, ""ambiguity_reason"": ""Missing Critical Attributes: Motor spare without rating, frame or part number""}"
NMC-HE-MSC-0671,Pt No 4471B Misc Spare,MISC_UNCLASSIFIED,Miscellaneous / Unclassified Spares,Heavy Engineering,NOS,1,BHEL_HE,"{""models"": {""part_number"": ""4471B""}, ""is_ambiguous"": true, ""ambiguity_reason"": ""Low Information: Lacks technical specifications or recognizable equipment type""}"
NMC-MN-MSC-0672,Pt No 4471B Misc Spare General,MISC_UNCLASSIFIED,Miscellaneous / Unclassified Spares,Mining,NOS,1,CIL_MN,"{""models"": {""part_number"": ""4471B""}, ""is_ambiguous"": true, ""ambiguity_reason"": ""Low Information: Lacks technical specifications or recognizable equipment type""}"
NMC-HE-MSC-0673,Pt No 4471B Misc Spare Maint,MISC_UNCLASSIFIED,Miscellaneous / Unclassified Spares,Heavy Engineering,NOS,1,BHEL_HE,"{""models"": {""part_number"": ""4471B""}, ""is_ambiguous"": true, ""ambiguity_reason"": ""Low Information: Lacks technical specifications or recognizable equipment type""}"
NMC-PW-MSC-0674,Motor Spare,MISC_UNCLASSIFIED,Miscellaneous / Unclassified Spares,Power,NOS,1,NTPC_PW,"{""models"": {""part_number"": ""NUMBER""}, ""is_ambiguous"": true, ""ambiguity_reason"": ""Missing Critical Attributes: Motor spare without rating, frame or part number""}"
NMC-OG-MSC-0675,Motor Spare,MISC_UNCLASSIFIED,Miscellaneous / Unclassified Spares,Oil & Gas,NOS,1,CPCL_OG,"{""models"": {""part_number"": ""NUMBER""}, ""is_ambiguous"": true, ""ambiguity_reason"": ""Missing Critical Attributes: Motor spare without rating, frame or part number""}"
NMC-HE-MSC-0676,Pt No 4471B Misc Spare,MISC_UNCLASSIFIED,Miscellaneous / Unclassified Spares,Heavy Engineering,NOS,1,BHEL_HE,"{""models"": {""part_number"": ""4471B""}, ""is_ambiguous"": true, ""ambiguity_reason"": ""Low Information: Lacks technical specifications or recognizable equipment type""}"
NMC-ST-MSC-0677,Pt No 4471B Misc Spare,MISC_UNCLASSIFIED,Miscellaneous / Unclassified Spares,Steel,NOS,1,SAIL_ST,"{""models"": {""part_number"": ""4471B""}, ""is_ambiguous"": true, ""ambiguity_reason"": ""Low Information: Lacks technical specifications or recognizable equipment type""}"
NMC-MN-MSC-0678,Pt No 4471B Misc Spare,MISC_UNCLASSIFIED,Miscellaneous / Unclassified Spares,Mining,NOS,1,CIL_MN,"{""models"": {""part_number"": ""4471B""}, ""is_ambiguous"": true, ""ambiguity_reason"": ""Low Information: Lacks technical specifications or recognizable equipment type""}"
NMC-HE-MSC-0679,Motor Spare,MISC_UNCLASSIFIED,Miscellaneous / Unclassified Spares,Heavy Engineering,NOS,1,BHEL_HE,"{""models"": {""part_number"": ""NUMBER""}, ""is_ambiguous"": true, ""ambiguity_reason"": ""Missing Critical Attributes: Motor spare without rating, frame or part number""}"
NMC-PW-MSC-0680,Pt No 4471B Misc Spare,MISC_UNCLASSIFIED,Miscellaneous / Unclassified Spares,Power,NOS,1,NTPC_PW,"{""models"": {""part_number"": ""4471B""}, ""is_ambiguous"": true, ""ambiguity_reason"": ""Low Information: Lacks technical specifications or recognizable equipment type""}"
NMC-ST-MSC-0681,Motor Spare,MISC_UNCLASSIFIED,Miscellaneous / Unclassified Spares,Steel,NOS,1,SAIL_ST,"{""models"": {""part_number"": ""NUMBER""}, ""is_ambiguous"": true, ""ambiguity_reason"": ""Missing Critical Attributes: Motor spare without rating, frame or part number""}"
NMC-HE-MSC-0682,Pt No 4471B Misc Spare,MISC_UNCLASSIFIED,Miscellaneous / Unclassified Spares,Heavy Engineering,NOS,1,BHEL_HE,"{""models"": {""part_number"": ""4471B""}, ""is_ambiguous"": true, ""ambiguity_reason"": ""Low Information: Lacks technical specifications or recognizable equipment type""}"
NMC-HE-MSC-0683,Motor Spare,MISC_UNCLASSIFIED,Miscellaneous / Unclassified Spares,Heavy Engineering,NOS,1,BHEL_HE,"{""models"": {""part_number"": ""NUMBER""}, ""is_ambiguous"": true, ""ambiguity_reason"": ""Missing Critical Attributes: Motor spare without rating, frame or part number""}"
NMC-PW-MSC-0684,Motor Spare Oem,MISC_UNCLASSIFIED,Miscellaneous / Unclassified Spares,Power,NOS,1,NTPC_PW,"{""models"": {""part_number"": ""NUMBER""}, ""is_ambiguous"": true, ""ambiguity_reason"": ""Missing Critical Attributes: Motor spare without rating, frame or part number""}"
NMC-OG-MSC-0685,Pt No 4471B Misc Spare,MISC_UNCLASSIFIED,Miscellaneous / Unclassified Spares,Oil & Gas,NOS,1,CPCL_OG,"{""models"": {""part_number"": ""4471B""}, ""is_ambiguous"": true, ""ambiguity_reason"": ""Low Information: Lacks technical specifications or recognizable equipment type""}"
NMC-MN-MSC-0686,Motor Spare General,MISC_UNCLASSIFIED,Miscellaneous / Unclassified Spares,Mining,NOS,1,CIL_MN,"{""models"": {""part_number"": ""NUMBER""}, ""is_ambiguous"": true, ""ambiguity_reason"": ""Missing Critical Attributes: Motor spare without rating, frame or part number""}"
NMC-MN-MSC-0687,Motor Spare,MISC_UNCLASSIFIED,Miscellaneous / Unclassified Spares,Mining,NOS,1,CIL_MN,"{""models"": {""part_number"": ""NUMBER""}, ""is_ambiguous"": true, ""ambiguity_reason"": ""Missing Critical Attributes: Motor spare without rating, frame or part number""}"
NMC-ST-MSC-0688,Pt No 4471B Misc Spare,MISC_UNCLASSIFIED,Miscellaneous / Unclassified Spares,Steel,NOS,1,SAIL_ST,"{""models"": {""part_number"": ""4471B""}, ""is_ambiguous"": true, ""ambiguity_reason"": ""Low Information: Lacks technical specifications or recognizable equipment type""}"
NMC-ST-MSC-0689,Motor Spare Industrial,MISC_UNCLASSIFIED,Miscellaneous / Unclassified Spares,Steel,NOS,1,SAIL_ST,"{""models"": {""part_number"": ""NUMBER""}, ""is_ambiguous"": true, ""ambiguity_reason"": ""Missing Critical Attributes: Motor spare without rating, frame or part number""}"
NMC-HE-MSC-0690,Motor Spare Rev-A,MISC_UNCLASSIFIED,Miscellaneous / Unclassified Spares,Heavy Engineering,NOS,1,BHEL_HE,"{""models"": {""part_number"": ""NUMBER""}, ""is_ambiguous"": true, ""ambiguity_reason"": ""Missing Critical Attributes: Motor spare without rating, frame or part number""}"
NMC-OG-MSC-0691,Motor Spare,MISC_UNCLASSIFIED,Miscellaneous / Unclassified Spares,Oil & Gas,NOS,1,CPCL_OG,"{""models"": {""part_number"": ""NUMBER""}, ""is_ambiguous"": true, ""ambiguity_reason"": ""Missing Critical Attributes: Motor spare without rating, frame or part number""}"
NMC-ST-MSC-0692,Pt No 4471B Misc Spare,MISC_UNCLASSIFIED,Miscellaneous / Unclassified Spares,Steel,NOS,1,SAIL_ST,"{""models"": {""part_number"": ""4471B""}, ""is_ambiguous"": true, ""ambiguity_reason"": ""Low Information: Lacks technical specifications or recognizable equipment type""}"
NMC-OG-MSC-0693,Motor Spare,MISC_UNCLASSIFIED,Miscellaneous / Unclassified Spares,Oil & Gas,NOS,1,CPCL_OG,"{""models"": {""part_number"": ""NUMBER""}, ""is_ambiguous"": true, ""ambiguity_reason"": ""Missing Critical Attributes: Motor spare without rating, frame or part number""}"
NMC-PW-MSC-0694,Pt No 4471B Misc Spare General,MISC_UNCLASSIFIED,Miscellaneous / Unclassified Spares,Power,NOS,1,NTPC_PW,"{""models"": {""part_number"": ""4471B""}, ""is_ambiguous"": true, ""ambiguity_reason"": ""Low Information: Lacks technical specifications or recognizable equipment type""}"
NMC-ST-MSC-0695,Motor Spare,MISC_UNCLASSIFIED,Miscellaneous / Unclassified Spares,Steel,NOS,1,SAIL_ST,"{""models"": {""part_number"": ""NUMBER""}, ""is_ambiguous"": true, ""ambiguity_reason"": ""Missing Critical Attributes: Motor spare without rating, frame or part number""}"
NMC-MN-MSC-0696,Pt No 4471B Misc Spare Rev-A,MISC_UNCLASSIFIED,Miscellaneous / Unclassified Spares,Mining,NOS,1,CIL_MN,"{""models"": {""part_number"": ""4471B""}, ""is_ambiguous"": true, ""ambiguity_reason"": ""Low Information: Lacks technical specifications or recognizable equipment type""}"
NMC-ST-MSC-0697,Pt No 4471B Misc Spare Plant,MISC_UNCLASSIFIED,Miscellaneous / Unclassified Spares,Steel,NOS,1,SAIL_ST,"{""models"": {""part_number"": ""4471B""}, ""is_ambiguous"": true, ""ambiguity_reason"": ""Low Information: Lacks technical specifications or recognizable equipment type""}"
NMC-OG-MSC-0698,Motor Spare Store,MISC_UNCLASSIFIED,Miscellaneous / Unclassified Spares,Oil & Gas,NOS,1,CPCL_OG,"{""models"": {""part_number"": ""NUMBER""}, ""is_ambiguous"": true, ""ambiguity_reason"": ""Missing Critical Attributes: Motor spare without rating, frame or part number""}"
NMC-HE-MSC-0699,Motor Spare,MISC_UNCLASSIFIED,Miscellaneous / Unclassified Spares,Heavy Engineering,NOS,1,BHEL_HE,"{""models"": {""part_number"": ""NUMBER""}, ""is_ambiguous"": true, ""ambiguity_reason"": ""Missing Critical Attributes: Motor spare without rating, frame or part number""}"
NMC-HE-MSC-0700,Pt No 4471B Misc Spare,MISC_UNCLASSIFIED,Miscellaneous / Unclassified Spares,Heavy Engineering,NOS,1,BHEL_HE,"{""models"": {""part_number"": ""4471B""}, ""is_ambiguous"": true, ""ambiguity_reason"": ""Low Information: Lacks technical specifications or recognizable equipment type""}"
NMC-ST-MSC-0701,Motor Spare,MISC_UNCLASSIFIED,Miscellaneous / Unclassified Spares,Steel,NOS,1,SAIL_ST,"{""models"": {""part_number"": ""NUMBER""}, ""is_ambiguous"": true, ""ambiguity_reason"": ""Missing Critical Attributes: Motor spare without rating, frame or part number""}"
NMC-ST-MSC-0702,Motor Spare Maint,MISC_UNCLASSIFIED,Miscellaneous / Unclassified Spares,Steel,NOS,1,SAIL_ST,"{""models"": {""part_number"": ""NUMBER""}, ""is_ambiguous"": true, ""ambiguity_reason"": ""Missing Critical Attributes: Motor spare without rating, frame or part number""}"
NMC-HE-MSC-0703,Motor Spare Plant,MISC_UNCLASSIFIED,Miscellaneous / Unclassified Spares,Heavy Engineering,NOS,1,BHEL_HE,"{""models"": {""part_number"": ""NUMBER""}, ""is_ambiguous"": true, ""ambiguity_reason"": ""Missing Critical Attributes: Motor spare without rating, frame or part number""}"
NMC-MN-MSC-0704,Pt No 4471B Misc Spare,MISC_UNCLASSIFIED,Miscellaneous / Unclassified Spares,Mining,NOS,1,CIL_MN,"{""models"": {""part_number"": ""4471B""}, ""is_ambiguous"": true, ""ambiguity_reason"": ""Low Information: Lacks technical specifications or recognizable equipment type""}"
NMC-OG-MSC-0705,Motor Spare,MISC_UNCLASSIFIED,Miscellaneous / Unclassified Spares,Oil & Gas,NOS,1,CPCL_OG,"{""models"": {""part_number"": ""NUMBER""}, ""is_ambiguous"": true, ""ambiguity_reason"": ""Missing Critical Attributes: Motor spare without rating, frame or part number""}"
NMC-ST-MSC-0706,Pt No 4471B Misc Spare General,MISC_UNCLASSIFIED,Miscellaneous / Unclassified Spares,Steel,NOS,1,SAIL_ST,"{""models"": {""part_number"": ""4471B""}, ""is_ambiguous"": true, ""ambiguity_reason"": ""Low Information: Lacks technical specifications or recognizable equipment type""}"
NMC-OG-MSC-0707,Pt No 4471B Misc Spare,MISC_UNCLASSIFIED,Miscellaneous / Unclassified Spares,Oil & Gas,NOS,1,CPCL_OG,"{""models"": {""part_number"": ""4471B""}, ""is_ambiguous"": true, ""ambiguity_reason"": ""Low Information: Lacks technical specifications or recognizable equipment type""}"
NMC-ST-MSC-0708,Pt No 4471B Misc Spare,MISC_UNCLASSIFIED,Miscellaneous / Unclassified Spares,Steel,NOS,1,SAIL_ST,"{""models"": {""part_number"": ""4471B""}, ""is_ambiguous"": true, ""ambiguity_reason"": ""Low Information: Lacks technical specifications or recognizable equipment type""}"
NMC-MN-MSC-0709,Motor Spare Store,MISC_UNCLASSIFIED,Miscellaneous / Unclassified Spares,Mining,NOS,1,CIL_MN,"{""models"": {""part_number"": ""NUMBER""}, ""is_ambiguous"": true, ""ambiguity_reason"": ""Missing Critical Attributes: Motor spare without rating, frame or part number""}"
NMC-OG-MSC-0710,Pt No 4471B Misc Spare,MISC_UNCLASSIFIED,Miscellaneous / Unclassified Spares,Oil & Gas,NOS,1,CPCL_OG,"{""models"": {""part_number"": ""4471B""}, ""is_ambiguous"": true, ""ambiguity_reason"": ""Low Information: Lacks technical specifications or recognizable equipment type""}"
NMC-HE-MSC-0711,Motor Spare,MISC_UNCLASSIFIED,Miscellaneous / Unclassified Spares,Heavy Engineering,NOS,1,BHEL_HE,"{""models"": {""part_number"": ""NUMBER""}, ""is_ambiguous"": true, ""ambiguity_reason"": ""Missing Critical Attributes: Motor spare without rating, frame or part number""}"
NMC-HE-MSC-0712,Motor Spare,MISC_UNCLASSIFIED,Miscellaneous / Unclassified Spares,Heavy Engineering,NOS,1,BHEL_HE,"{""models"": {""part_number"": ""NUMBER""}, ""is_ambiguous"": true, ""ambiguity_reason"": ""Missing Critical Attributes: Motor spare without rating, frame or part number""}"
NMC-HE-MSC-0713,Motor Spare,MISC_UNCLASSIFIED,Miscellaneous / Unclassified Spares,Heavy Engineering,NOS,1,BHEL_HE,"{""models"": {""part_number"": ""NUMBER""}, ""is_ambiguous"": true, ""ambiguity_reason"": ""Missing Critical Attributes: Motor spare without rating, frame or part number""}"
NMC-OG-MSC-0714,Motor Spare,MISC_UNCLASSIFIED,Miscellaneous / Unclassified Spares,Oil & Gas,NOS,1,CPCL_OG,"{""models"": {""part_number"": ""NUMBER""}, ""is_ambiguous"": true, ""ambiguity_reason"": ""Missing Critical Attributes: Motor spare without rating, frame or part number""}"
NMC-ST-MSC-0715,Pt No 4471B Misc Spare,MISC_UNCLASSIFIED,Miscellaneous / Unclassified Spares,Steel,NOS,1,SAIL_ST,"{""models"": {""part_number"": ""4471B""}, ""is_ambiguous"": true, ""ambiguity_reason"": ""Low Information: Lacks technical specifications or recognizable equipment type""}"
NMC-PW-MSC-0716,Pt No 4471B Misc Spare,MISC_UNCLASSIFIED,Miscellaneous / Unclassified Spares,Power,NOS,1,NTPC_PW,"{""models"": {""part_number"": ""4471B""}, ""is_ambiguous"": true, ""ambiguity_reason"": ""Low Information: Lacks technical specifications or recognizable equipment type""}"
NMC-MN-MSC-0717,Pt No 4471B Misc Spare,MISC_UNCLASSIFIED,Miscellaneous / Unclassified Spares,Mining,NOS,1,CIL_MN,"{""models"": {""part_number"": ""4471B""}, ""is_ambiguous"": true, ""ambiguity_reason"": ""Low Information: Lacks technical specifications or recognizable equipment type""}"
NMC-ST-MSC-0718,Pt No 4471B Misc Spare,MISC_UNCLASSIFIED,Miscellaneous / Unclassified Spares,Steel,NOS,1,SAIL_ST,"{""models"": {""part_number"": ""4471B""}, ""is_ambiguous"": true, ""ambiguity_reason"": ""Low Information: Lacks technical specifications or recognizable equipment type""}"
NMC-PW-MSC-0719,Motor Spare Hd,MISC_UNCLASSIFIED,Miscellaneous / Unclassified Spares,Power,NOS,1,NTPC_PW,"{""models"": {""part_number"": ""NUMBER""}, ""is_ambiguous"": true, ""ambiguity_reason"": ""Missing Critical Attributes: Motor spare without rating, frame or part number""}"
NMC-HE-FST-0023,Hydraulic Cylinder 160Mm Bore Oem,FASTENERS,Fasteners & Hardware,Heavy Engineering,NOS,2,BHEL_HE,"{""dimensions"": {""diameter_mm"": 160.0}}"
NMC-PW-MSC-0720,Pt No 4471B Misc Spare,MISC_UNCLASSIFIED,Miscellaneous / Unclassified Spares,Power,NOS,1,NTPC_PW,"{""models"": {""part_number"": ""4471B""}, ""is_ambiguous"": true, ""ambiguity_reason"": ""Low Information: Lacks technical specifications or recognizable equipment type""}"
NMC-HE-MSC-0721,Pt No 4471B Misc Spare,MISC_UNCLASSIFIED,Miscellaneous / Unclassified Spares,Heavy Engineering,NOS,1,BHEL_HE,"{""models"": {""part_number"": ""4471B""}, ""is_ambiguous"": true, ""ambiguity_reason"": ""Low Information: Lacks technical specifications or recognizable equipment type""}"
NMC-HE-MSC-0722,Motor Spare,MISC_UNCLASSIFIED,Miscellaneous / Unclassified Spares,Heavy Engineering,NOS,1,BHEL_HE,"{""models"": {""part_number"": ""NUMBER""}, ""is_ambiguous"": true, ""ambiguity_reason"": ""Missing Critical Attributes: Motor spare without rating, frame or part number""}"
NMC-MN-MSC-0723,Pt No 4471B Misc Spare,MISC_UNCLASSIFIED,Miscellaneous / Unclassified Spares,Mining,NOS,1,CIL_MN,"{""models"": {""part_number"": ""4471B""}, ""is_ambiguous"": true, ""ambiguity_reason"": ""Low Information: Lacks technical specifications or recognizable equipment type""}"
NMC-OG-MSC-0724,Pt No 4471B Misc Spare,MISC_UNCLASSIFIED,Miscellaneous / Unclassified Spares,Oil & Gas,NOS,1,CPCL_OG,"{""models"": {""part_number"": ""4471B""}, ""is_ambiguous"": true, ""ambiguity_reason"": ""Low Information: Lacks technical specifications or recognizable equipment type""}"
NMC-PW-MSC-0725,Motor Spare,MISC_UNCLASSIFIED,Miscellaneous / Unclassified Spares,Power,NOS,1,NTPC_PW,"{""models"": {""part_number"": ""NUMBER""}, ""is_ambiguous"": true, ""ambiguity_reason"": ""Missing Critical Attributes: Motor spare without rating, frame or part number""}"
NMC-PW-MSC-0726,Pt No 4471B Misc Spare,MISC_UNCLASSIFIED,Miscellaneous / Unclassified Spares,Power,NOS,1,NTPC_PW,"{""models"": {""part_number"": ""4471B""}, ""is_ambiguous"": true, ""ambiguity_reason"": ""Low Information: Lacks technical specifications or recognizable equipment type""}"
NMC-ST-MSC-0727,Motor Spare,MISC_UNCLASSIFIED,Miscellaneous / Unclassified Spares,Steel,NOS,1,SAIL_ST,"{""models"": {""part_number"": ""NUMBER""}, ""is_ambiguous"": true, ""ambiguity_reason"": ""Missing Critical Attributes: Motor spare without rating, frame or part number""}"
NMC-PW-MSC-0728,Motor Spare,MISC_UNCLASSIFIED,Miscellaneous / Unclassified Spares,Power,NOS,1,NTPC_PW,"{""models"": {""part_number"": ""NUMBER""}, ""is_ambiguous"": true, ""ambiguity_reason"": ""Missing Critical Attributes: Motor spare without rating, frame or part number""}"
NMC-MN-MSC-0729,Motor Spare,MISC_UNCLASSIFIED,Miscellaneous / Unclassified Spares,Mining,NOS,1,CIL_MN,"{""models"": {""part_number"": ""NUMBER""}, ""is_ambiguous"": true, ""ambiguity_reason"": ""Missing Critical Attributes: Motor spare without rating, frame or part number""}"
NMC-OG-MSC-0730,Motor Spare,MISC_UNCLASSIFIED,Miscellaneous / Unclassified Spares,Oil & Gas,NOS,1,CPCL_OG,"{""models"": {""part_number"": ""NUMBER""}, ""is_ambiguous"": true, ""ambiguity_reason"": ""Missing Critical Attributes: Motor spare without rating, frame or part number""}"
NMC-ST-MSC-0731,Pt No 4471B Misc Spare Store,MISC_UNCLASSIFIED,Miscellaneous / Unclassified Spares,Steel,NOS,1,SAIL_ST,"{""models"": {""part_number"": ""4471B""}, ""is_ambiguous"": true, ""ambiguity_reason"": ""Low Information: Lacks technical specifications or recognizable equipment type""}"
NMC-HE-MSC-0732,Motor Spare,MISC_UNCLASSIFIED,Miscellaneous / Unclassified Spares,Heavy Engineering,NOS,1,BHEL_HE,"{""models"": {""part_number"": ""NUMBER""}, ""is_ambiguous"": true, ""ambiguity_reason"": ""Missing Critical Attributes: Motor spare without rating, frame or part number""}"
NMC-ST-MSC-0733,Motor Spare,MISC_UNCLASSIFIED,Miscellaneous / Unclassified Spares,Steel,NOS,1,SAIL_ST,"{""models"": {""part_number"": ""NUMBER""}, ""is_ambiguous"": true, ""ambiguity_reason"": ""Missing Critical Attributes: Motor spare without rating, frame or part number""}"
NMC-PW-MSC-0734,Motor Spare,MISC_UNCLASSIFIED,Miscellaneous / Unclassified Spares,Power,NOS,1,NTPC_PW,"{""models"": {""part_number"": ""NUMBER""}, ""is_ambiguous"": true, ""ambiguity_reason"": ""Missing Critical Attributes: Motor spare without rating, frame or part number""}"
NMC-MN-MSC-0735,Pt No 4471B Misc Spare Rev-A,MISC_UNCLASSIFIED,Miscellaneous / Unclassified Spares,Mining,NOS,1,CIL_MN,"{""models"": {""part_number"": ""4471B""}, ""is_ambiguous"": true, ""ambiguity_reason"": ""Low Information: Lacks technical specifications or recognizable equipment type""}"
NMC-MN-MSC-0736,Pt No 4471B Misc Spare,MISC_UNCLASSIFIED,Miscellaneous / Unclassified Spares,Mining,NOS,1,CIL_MN,"{""models"": {""part_number"": ""4471B""}, ""is_ambiguous"": true, ""ambiguity_reason"": ""Low Information: Lacks technical specifications or recognizable equipment type""}"
NMC-PW-MSC-0737,Pt No 4471B Misc Spare General,MISC_UNCLASSIFIED,Miscellaneous / Unclassified Spares,Power,NOS,1,NTPC_PW,"{""models"": {""part_number"": ""4471B""}, ""is_ambiguous"": true, ""ambiguity_reason"": ""Low Information: Lacks technical specifications or recognizable equipment type""}"
NMC-OG-MSC-0738,Pt No 4471B Misc Spare Hd,MISC_UNCLASSIFIED,Miscellaneous / Unclassified Spares,Oil & Gas,NOS,1,CPCL_OG,"{""models"": {""part_number"": ""4471B""}, ""is_ambiguous"": true, ""ambiguity_reason"": ""Low Information: Lacks technical specifications or recognizable equipment type""}"
NMC-ST-MSC-0739,Motor Spare Plant,MISC_UNCLASSIFIED,Miscellaneous / Unclassified Spares,Steel,NOS,1,SAIL_ST,"{""models"": {""part_number"": ""NUMBER""}, ""is_ambiguous"": true, ""ambiguity_reason"": ""Missing Critical Attributes: Motor spare without rating, frame or part number""}"
NMC-MN-MSC-0740,Motor Spare,MISC_UNCLASSIFIED,Miscellaneous / Unclassified Spares,Mining,NOS,1,CIL_MN,"{""models"": {""part_number"": ""NUMBER""}, ""is_ambiguous"": true, ""ambiguity_reason"": ""Missing Critical Attributes: Motor spare without rating, frame or part number""}"
NMC-PW-MSC-0741,Motor Spare,MISC_UNCLASSIFIED,Miscellaneous / Unclassified Spares,Power,NOS,1,NTPC_PW,"{""models"": {""part_number"": ""NUMBER""}, ""is_ambiguous"": true, ""ambiguity_reason"": ""Missing Critical Attributes: Motor spare without rating, frame or part number""}"
NMC-PW-MSC-0742,Pt No 4471B Misc Spare General,MISC_UNCLASSIFIED,Miscellaneous / Unclassified Spares,Power,NOS,1,NTPC_PW,"{""models"": {""part_number"": ""4471B""}, ""is_ambiguous"": true, ""ambiguity_reason"": ""Low Information: Lacks technical specifications or recognizable equipment type""}"
NMC-PW-MSC-0743,Motor Spare,MISC_UNCLASSIFIED,Miscellaneous / Unclassified Spares,Power,NOS,1,NTPC_PW,"{""models"": {""part_number"": ""NUMBER""}, ""is_ambiguous"": true, ""ambiguity_reason"": ""Missing Critical Attributes: Motor spare without rating, frame or part number""}"
NMC-PW-MSC-0744,Motor Spare,MISC_UNCLASSIFIED,Miscellaneous / Unclassified Spares,Power,NOS,1,NTPC_PW,"{""models"": {""part_number"": ""NUMBER""}, ""is_ambiguous"": true, ""ambiguity_reason"": ""Missing Critical Attributes: Motor spare without rating, frame or part number""}"
NMC-OG-MSC-0745,Motor Spare General,MISC_UNCLASSIFIED,Miscellaneous / Unclassified Spares,Oil & Gas,NOS,1,CPCL_OG,"{""models"": {""part_number"": ""NUMBER""}, ""is_ambiguous"": true, ""ambiguity_reason"": ""Missing Critical Attributes: Motor spare without rating, frame or part number""}"
NMC-OG-MSC-0746,Motor Spare,MISC_UNCLASSIFIED,Miscellaneous / Unclassified Spares,Oil & Gas,NOS,1,CPCL_OG,"{""models"": {""part_number"": ""NUMBER""}, ""is_ambiguous"": true, ""ambiguity_reason"": ""Missing Critical Attributes: Motor spare without rating, frame or part number""}"
NMC-OG-MSC-0747,Motor Spare Store,MISC_UNCLASSIFIED,Miscellaneous / Unclassified Spares,Oil & Gas,NOS,1,CPCL_OG,"{""models"": {""part_number"": ""NUMBER""}, ""is_ambiguous"": true, ""ambiguity_reason"": ""Missing Critical Attributes: Motor spare without rating, frame or part number""}"
NMC-MN-MSC-0748,Pt No 4471B Misc Spare,MISC_UNCLASSIFIED,Miscellaneous / Unclassified Spares,Mining,NOS,1,CIL_MN,"{""models"": {""part_number"": ""4471B""}, ""is_ambiguous"": true, ""ambiguity_reason"": ""Low Information: Lacks technical specifications or recognizable equipment type""}"
NMC-OG-MSC-0749,Motor Spare,MISC_UNCLASSIFIED,Miscellaneous / Unclassified Spares,Oil & Gas,NOS,1,CPCL_OG,"{""models"": {""part_number"": ""NUMBER""}, ""is_ambiguous"": true, ""ambiguity_reason"": ""Missing Critical Attributes: Motor spare without rating, frame or part number""}"
NMC-PW-MSC-0750,Motor Spare General,MISC_UNCLASSIFIED,Miscellaneous / Unclassified Spares,Power,NOS,1,NTPC_PW,"{""models"": {""part_number"": ""NUMBER""}, ""is_ambiguous"": true, ""ambiguity_reason"": ""Missing Critical Attributes: Motor spare without rating, frame or part number""}"
NMC-PW-SWG-0017,Numerical Relay Feeder Protection Variant 12 Std,SWITCHGEAR,Insulators & Switchgear,Power,NOS,2,NTPC_PW,"{""standards"": [""IEC 60255"", ""IEC 61850""], ""electrical"": {""voltage"": ""11KV""}, ""models"": {""variant"": ""Variant 12""}}"
NMC-OG-MSC-0751,Pt No 4471B Misc Spare,MISC_UNCLASSIFIED,Miscellaneous / Unclassified Spares,Oil & Gas,NOS,1,CPCL_OG,"{""models"": {""part_number"": ""4471B""}, ""is_ambiguous"": true, ""ambiguity_reason"": ""Low Information: Lacks technical specifications or recognizable equipment type""}"
NMC-ST-MSC-0752,Pt No 4471B Misc Spare Std,MISC_UNCLASSIFIED,Miscellaneous / Unclassified Spares,Steel,NOS,1,SAIL_ST,"{""models"": {""part_number"": ""4471B""}, ""is_ambiguous"": true, ""ambiguity_reason"": ""Low Information: Lacks technical specifications or recognizable equipment type""}"
NMC-PW-MSC-0753,Pt No 4471B Misc Spare,MISC_UNCLASSIFIED,Miscellaneous / Unclassified Spares,Power,NOS,1,NTPC_PW,"{""models"": {""part_number"": ""4471B""}, ""is_ambiguous"": true, ""ambiguity_reason"": ""Low Information: Lacks technical specifications or recognizable equipment type""}"
NMC-PW-MSC-0754,Motor Spare,MISC_UNCLASSIFIED,Miscellaneous / Unclassified Spares,Power,NOS,1,NTPC_PW,"{""models"": {""part_number"": ""NUMBER""}, ""is_ambiguous"": true, ""ambiguity_reason"": ""Missing Critical Attributes: Motor spare without rating, frame or part number""}"
NMC-MN-MSC-0755,Pt No 4471B Misc Spare,MISC_UNCLASSIFIED,Miscellaneous / Unclassified Spares,Mining,NOS,1,CIL_MN,"{""models"": {""part_number"": ""4471B""}, ""is_ambiguous"": true, ""ambiguity_reason"": ""Low Information: Lacks technical specifications or recognizable equipment type""}"
NMC-ST-MSC-0756,Motor Spare,MISC_UNCLASSIFIED,Miscellaneous / Unclassified Spares,Steel,NOS,1,SAIL_ST,"{""models"": {""part_number"": ""NUMBER""}, ""is_ambiguous"": true, ""ambiguity_reason"": ""Missing Critical Attributes: Motor spare without rating, frame or part number""}"
NMC-PW-MSC-0757,Pt No 4471B Misc Spare Hd,MISC_UNCLASSIFIED,Miscellaneous / Unclassified Spares,Power,NOS,1,NTPC_PW,"{""models"": {""part_number"": ""4471B""}, ""is_ambiguous"": true, ""ambiguity_reason"": ""Low Information: Lacks technical specifications or recognizable equipment type""}"
NMC-HE-MSC-0758,Motor Spare,MISC_UNCLASSIFIED,Miscellaneous / Unclassified Spares,Heavy Engineering,NOS,1,BHEL_HE,"{""models"": {""part_number"": ""NUMBER""}, ""is_ambiguous"": true, ""ambiguity_reason"": ""Missing Critical Attributes: Motor spare without rating, frame or part number""}"
NMC-HE-MSC-0759,Pt No 4471B Misc Spare,MISC_UNCLASSIFIED,Miscellaneous / Unclassified Spares,Heavy Engineering,NOS,1,BHEL_HE,"{""models"": {""part_number"": ""4471B""}, ""is_ambiguous"": true, ""ambiguity_reason"": ""Low Information: Lacks technical specifications or recognizable equipment type""}"
NMC-OG-MSC-0760,Pt No 4471B Misc Spare,MISC_UNCLASSIFIED,Miscellaneous / Unclassified Spares,Oil & Gas,NOS,1,CPCL_OG,"{""models"": {""part_number"": ""4471B""}, ""is_ambiguous"": true, ""ambiguity_reason"": ""Low Information: Lacks technical specifications or recognizable equipment type""}"
NMC-HE-MSC-0761,Motor Spare Maint,MISC_UNCLASSIFIED,Miscellaneous / Unclassified Spares,Heavy Engineering,NOS,1,BHEL_HE,"{""models"": {""part_number"": ""NUMBER""}, ""is_ambiguous"": true, ""ambiguity_reason"": ""Missing Critical Attributes: Motor spare without rating, frame or part number""}"
NMC-PW-MSC-0762,Pt No 4471B Misc Spare Plant,MISC_UNCLASSIFIED,Miscellaneous / Unclassified Spares,Power,NOS,1,NTPC_PW,"{""models"": {""part_number"": ""4471B""}, ""is_ambiguous"": true, ""ambiguity_reason"": ""Low Information: Lacks technical specifications or recognizable equipment type""}"
NMC-MN-MSC-0763,Pt No 4471B Misc Spare Store,MISC_UNCLASSIFIED,Miscellaneous / Unclassified Spares,Mining,NOS,1,CIL_MN,"{""models"": {""part_number"": ""4471B""}, ""is_ambiguous"": true, ""ambiguity_reason"": ""Low Information: Lacks technical specifications or recognizable equipment type""}"
NMC-OG-MSC-0764,Motor Spare,MISC_UNCLASSIFIED,Miscellaneous / Unclassified Spares,Oil & Gas,NOS,1,CPCL_OG,"{""models"": {""part_number"": ""NUMBER""}, ""is_ambiguous"": true, ""ambiguity_reason"": ""Missing Critical Attributes: Motor spare without rating, frame or part number""}"
NMC-OG-MSC-0765,Motor Spare Store,MISC_UNCLASSIFIED,Miscellaneous / Unclassified Spares,Oil & Gas,NOS,1,CPCL_OG,"{""models"": {""part_number"": ""NUMBER""}, ""is_ambiguous"": true, ""ambiguity_reason"": ""Missing Critical Attributes: Motor spare without rating, frame or part number""}"
NMC-HE-MSC-0766,Pt No 4471B Misc Spare,MISC_UNCLASSIFIED,Miscellaneous / Unclassified Spares,Heavy Engineering,NOS,1,BHEL_HE,"{""models"": {""part_number"": ""4471B""}, ""is_ambiguous"": true, ""ambiguity_reason"": ""Low Information: Lacks technical specifications or recognizable equipment type""}"
NMC-HE-MSC-0767,Pt No 4471B Misc Spare Industrial,MISC_UNCLASSIFIED,Miscellaneous / Unclassified Spares,Heavy Engineering,NOS,1,BHEL_HE,"{""models"": {""part_number"": ""4471B""}, ""is_ambiguous"": true, ""ambiguity_reason"": ""Low Information: Lacks technical specifications or recognizable equipment type""}"
NMC-ST-MSC-0768,Pt No 4471B Misc Spare Rev-A,MISC_UNCLASSIFIED,Miscellaneous / Unclassified Spares,Steel,NOS,1,SAIL_ST,"{""models"": {""part_number"": ""4471B""}, ""is_ambiguous"": true, ""ambiguity_reason"": ""Low Information: Lacks technical specifications or recognizable equipment type""}"
NMC-MN-MSC-0769,Motor Spare Rev-A,MISC_UNCLASSIFIED,Miscellaneous / Unclassified Spares,Mining,NOS,1,CIL_MN,"{""models"": {""part_number"": ""NUMBER""}, ""is_ambiguous"": true, ""ambiguity_reason"": ""Missing Critical Attributes: Motor spare without rating, frame or part number""}"
NMC-OG-MSC-0770,Pt No 4471B Misc Spare,MISC_UNCLASSIFIED,Miscellaneous / Unclassified Spares,Oil & Gas,NOS,1,CPCL_OG,"{""models"": {""part_number"": ""4471B""}, ""is_ambiguous"": true, ""ambiguity_reason"": ""Low Information: Lacks technical specifications or recognizable equipment type""}"
NMC-MN-MSC-0771,Motor Spare,MISC_UNCLASSIFIED,Miscellaneous / Unclassified Spares,Mining,NOS,1,CIL_MN,"{""models"": {""part_number"": ""NUMBER""}, ""is_ambiguous"": true, ""ambiguity_reason"": ""Missing Critical Attributes: Motor spare without rating, frame or part number""}"
NMC-MN-MSC-0772,Motor Spare,MISC_UNCLASSIFIED,Miscellaneous / Unclassified Spares,Mining,NOS,1,CIL_MN,"{""models"": {""part_number"": ""NUMBER""}, ""is_ambiguous"": true, ""ambiguity_reason"": ""Missing Critical Attributes: Motor spare without rating, frame or part number""}"
NMC-MN-MSC-0773,Pt No 4471B Misc Spare,MISC_UNCLASSIFIED,Miscellaneous / Unclassified Spares,Mining,NOS,1,CIL_MN,"{""models"": {""part_number"": ""4471B""}, ""is_ambiguous"": true, ""ambiguity_reason"": ""Low Information: Lacks technical specifications or recognizable equipment type""}"
NMC-HE-MSC-0774,Motor Spare,MISC_UNCLASSIFIED,Miscellaneous / Unclassified Spares,Heavy Engineering,NOS,1,BHEL_HE,"{""models"": {""part_number"": ""NUMBER""}, ""is_ambiguous"": true, ""ambiguity_reason"": ""Missing Critical Attributes: Motor spare without rating, frame or part number""}"
NMC-PW-MSC-0775,Pt No 4471B Misc Spare Industrial,MISC_UNCLASSIFIED,Miscellaneous / Unclassified Spares,Power,NOS,1,NTPC_PW,"{""models"": {""part_number"": ""4471B""}, ""is_ambiguous"": true, ""ambiguity_reason"": ""Low Information: Lacks technical specifications or recognizable equipment type""}"
NMC-MN-MSC-0776,Pt No 4471B Misc Spare Rev-B,MISC_UNCLASSIFIED,Miscellaneous / Unclassified Spares,Mining,NOS,1,CIL_MN,"{""models"": {""part_number"": ""4471B""}, ""is_ambiguous"": true, ""ambiguity_reason"": ""Low Information: Lacks technical specifications or recognizable equipment type""}"
NMC-ST-MSC-0777,Pt No 4471B Misc Spare Std,MISC_UNCLASSIFIED,Miscellaneous / Unclassified Spares,Steel,NOS,1,SAIL_ST,"{""models"": {""part_number"": ""4471B""}, ""is_ambiguous"": true, ""ambiguity_reason"": ""Low Information: Lacks technical specifications or recognizable equipment type""}"
NMC-OG-MSC-0778,Motor Spare,MISC_UNCLASSIFIED,Miscellaneous / Unclassified Spares,Oil & Gas,NOS,1,CPCL_OG,"{""models"": {""part_number"": ""NUMBER""}, ""is_ambiguous"": true, ""ambiguity_reason"": ""Missing Critical Attributes: Motor spare without rating, frame or part number""}"
NMC-OG-MSC-0779,Pt No 4471B Misc Spare,MISC_UNCLASSIFIED,Miscellaneous / Unclassified Spares,Oil & Gas,NOS,1,CPCL_OG,"{""models"": {""part_number"": ""4471B""}, ""is_ambiguous"": true, ""ambiguity_reason"": ""Low Information: Lacks technical specifications or recognizable equipment type""}"
NMC-MN-MSC-0780,Pt No 4471B Misc Spare,MISC_UNCLASSIFIED,Miscellaneous / Unclassified Spares,Mining,NOS,1,CIL_MN,"{""models"": {""part_number"": ""4471B""}, ""is_ambiguous"": true, ""ambiguity_reason"": ""Low Information: Lacks technical specifications or recognizable equipment type""}"
NMC-ST-MSC-0781,Pt No 4471B Misc Spare,MISC_UNCLASSIFIED,Miscellaneous / Unclassified Spares,Steel,NOS,1,SAIL_ST,"{""models"": {""part_number"": ""4471B""}, ""is_ambiguous"": true, ""ambiguity_reason"": ""Low Information: Lacks technical specifications or recognizable equipment type""}"
NMC-HE-MSC-0782,Motor Spare,MISC_UNCLASSIFIED,Miscellaneous / Unclassified Spares,Heavy Engineering,NOS,1,BHEL_HE,"{""models"": {""part_number"": ""NUMBER""}, ""is_ambiguous"": true, ""ambiguity_reason"": ""Missing Critical Attributes: Motor spare without rating, frame or part number""}"
NMC-HE-MSC-0783,Motor Spare,MISC_UNCLASSIFIED,Miscellaneous / Unclassified Spares,Heavy Engineering,NOS,1,BHEL_HE,"{""models"": {""part_number"": ""NUMBER""}, ""is_ambiguous"": true, ""ambiguity_reason"": ""Missing Critical Attributes: Motor spare without rating, frame or part number""}"
NMC-OG-MSC-0784,Pt No 4471B Misc Spare,MISC_UNCLASSIFIED,Miscellaneous / Unclassified Spares,Oil & Gas,NOS,1,CPCL_OG,"{""models"": {""part_number"": ""4471B""}, ""is_ambiguous"": true, ""ambiguity_reason"": ""Low Information: Lacks technical specifications or recognizable equipment type""}"
NMC-MN-MSC-0785,Motor Spare Maint,MISC_UNCLASSIFIED,Miscellaneous / Unclassified Spares,Mining,NOS,1,CIL_MN,"{""models"": {""part_number"": ""NUMBER""}, ""is_ambiguous"": true, ""ambiguity_reason"": ""Missing Critical Attributes: Motor spare without rating, frame or part number""}"
NMC-HE-MSC-0786,Pt No 4471B Misc Spare,MISC_UNCLASSIFIED,Miscellaneous / Unclassified Spares,Heavy Engineering,NOS,1,BHEL_HE,"{""models"": {""part_number"": ""4471B""}, ""is_ambiguous"": true, ""ambiguity_reason"": ""Low Information: Lacks technical specifications or recognizable equipment type""}"
NMC-PW-MSC-0787,Pt No 4471B Misc Spare,MISC_UNCLASSIFIED,Miscellaneous / Unclassified Spares,Power,NOS,1,NTPC_PW,"{""models"": {""part_number"": ""4471B""}, ""is_ambiguous"": true, ""ambiguity_reason"": ""Low Information: Lacks technical specifications or recognizable equipment type""}"
NMC-OG-MSC-0788,Motor Spare,MISC_UNCLASSIFIED,Miscellaneous / Unclassified Spares,Oil & Gas,NOS,1,CPCL_OG,"{""models"": {""part_number"": ""NUMBER""}, ""is_ambiguous"": true, ""ambiguity_reason"": ""Missing Critical Attributes: Motor spare without rating, frame or part number""}"
NMC-MN-MSC-0789,Motor Spare Rev-B,MISC_UNCLASSIFIED,Miscellaneous / Unclassified Spares,Mining,NOS,1,CIL_MN,"{""models"": {""part_number"": ""NUMBER""}, ""is_ambiguous"": true, ""ambiguity_reason"": ""Missing Critical Attributes: Motor spare without rating, frame or part number""}"
NMC-PW-MSC-0790,Motor Spare,MISC_UNCLASSIFIED,Miscellaneous / Unclassified Spares,Power,NOS,1,NTPC_PW,"{""models"": {""part_number"": ""NUMBER""}, ""is_ambiguous"": true, ""ambiguity_reason"": ""Missing Critical Attributes: Motor spare without rating, frame or part number""}"
NMC-PW-MSC-0791,Motor Spare Rev-B,MISC_UNCLASSIFIED,Miscellaneous / Unclassified Spares,Power,NOS,1,NTPC_PW,"{""models"": {""part_number"": ""NUMBER""}, ""is_ambiguous"": true, ""ambiguity_reason"": ""Missing Critical Attributes: Motor spare without rating, frame or part number""}"
NMC-ST-MSC-0792,Pt No 4471B Misc Spare,MISC_UNCLASSIFIED,Miscellaneous / Unclassified Spares,Steel,NOS,1,SAIL_ST,"{""models"": {""part_number"": ""4471B""}, ""is_ambiguous"": true, ""ambiguity_reason"": ""Low Information: Lacks technical specifications or recognizable equipment type""}"
NMC-MN-MSC-0793,Motor Spare,MISC_UNCLASSIFIED,Miscellaneous / Unclassified Spares,Mining,NOS,1,CIL_MN,"{""models"": {""part_number"": ""NUMBER""}, ""is_ambiguous"": true, ""ambiguity_reason"": ""Missing Critical Attributes: Motor spare without rating, frame or part number""}"
NMC-HE-MSC-0794,Pt No 4471B Misc Spare,MISC_UNCLASSIFIED,Miscellaneous / Unclassified Spares,Heavy Engineering,NOS,1,BHEL_HE,"{""models"": {""part_number"": ""4471B""}, ""is_ambiguous"": true, ""ambiguity_reason"": ""Low Information: Lacks technical specifications or recognizable equipment type""}"
NMC-PW-MSC-0795,Pt No 4471B Misc Spare,MISC_UNCLASSIFIED,Miscellaneous / Unclassified Spares,Power,NOS,1,NTPC_PW,"{""models"": {""part_number"": ""4471B""}, ""is_ambiguous"": true, ""ambiguity_reason"": ""Low Information: Lacks technical specifications or recognizable equipment type""}"
NMC-MN-MSC-0796,Motor Spare,MISC_UNCLASSIFIED,Miscellaneous / Unclassified Spares,Mining,NOS,1,CIL_MN,"{""models"": {""part_number"": ""NUMBER""}, ""is_ambiguous"": true, ""ambiguity_reason"": ""Missing Critical Attributes: Motor spare without rating, frame or part number""}"
NMC-ST-MSC-0797,Pt No 4471B Misc Spare Maint,MISC_UNCLASSIFIED,Miscellaneous / Unclassified Spares,Steel,NOS,1,SAIL_ST,"{""models"": {""part_number"": ""4471B""}, ""is_ambiguous"": true, ""ambiguity_reason"": ""Low Information: Lacks technical specifications or recognizable equipment type""}"
NMC-PW-STL-0020,Generator Rotor Retaining Ring Rev-A,STRUCTURAL_STEEL,Structural Steel & Billets,Power,NOS,1,NTPC_PW,{}
NMC-ST-MSC-0798,Motor Spare,MISC_UNCLASSIFIED,Miscellaneous / Unclassified Spares,Steel,NOS,1,SAIL_ST,"{""models"": {""part_number"": ""NUMBER""}, ""is_ambiguous"": true, ""ambiguity_reason"": ""Missing Critical Attributes: Motor spare without rating, frame or part number""}"
NMC-MN-MSC-0799,Motor Spare Industrial,MISC_UNCLASSIFIED,Miscellaneous / Unclassified Spares,Mining,NOS,1,CIL_MN,"{""models"": {""part_number"": ""NUMBER""}, ""is_ambiguous"": true, ""ambiguity_reason"": ""Missing Critical Attributes: Motor spare without rating, frame or part number""}"
NMC-OG-MSC-0800,Motor Spare,MISC_UNCLASSIFIED,Miscellaneous / Unclassified Spares,Oil & Gas,NOS,1,CPCL_OG,"{""models"": {""part_number"": ""NUMBER""}, ""is_ambiguous"": true, ""ambiguity_reason"": ""Missing Critical Attributes: Motor spare without rating, frame or part number""}"
NMC-ST-MSC-0801,Pt No 4471B Misc Spare,MISC_UNCLASSIFIED,Miscellaneous / Unclassified Spares,Steel,NOS,1,SAIL_ST,"{""models"": {""part_number"": ""4471B""}, ""is_ambiguous"": true, ""ambiguity_reason"": ""Low Information: Lacks technical specifications or recognizable equipment type""}"
NMC-MN-MSC-0802,Motor Spare Maint,MISC_UNCLASSIFIED,Miscellaneous / Unclassified Spares,Mining,NOS,1,CIL_MN,"{""models"": {""part_number"": ""NUMBER""}, ""is_ambiguous"": true, ""ambiguity_reason"": ""Missing Critical Attributes: Motor spare without rating, frame or part number""}"
NMC-PW-MSC-0803,Motor Spare Maint,MISC_UNCLASSIFIED,Miscellaneous / Unclassified Spares,Power,NOS,1,NTPC_PW,"{""models"": {""part_number"": ""NUMBER""}, ""is_ambiguous"": true, ""ambiguity_reason"": ""Missing Critical Attributes: Motor spare without rating, frame or part number""}"
NMC-PW-MSC-0804,Motor Spare,MISC_UNCLASSIFIED,Miscellaneous / Unclassified Spares,Power,NOS,1,NTPC_PW,"{""models"": {""part_number"": ""NUMBER""}, ""is_ambiguous"": true, ""ambiguity_reason"": ""Missing Critical Attributes: Motor spare without rating, frame or part number""}"
NMC-OG-MSC-0805,Motor Spare Oem,MISC_UNCLASSIFIED,Miscellaneous / Unclassified Spares,Oil & Gas,NOS,1,CPCL_OG,"{""models"": {""part_number"": ""NUMBER""}, ""is_ambiguous"": true, ""ambiguity_reason"": ""Missing Critical Attributes: Motor spare without rating, frame or part number""}"
NMC-ST-MSC-0806,Motor Spare,MISC_UNCLASSIFIED,Miscellaneous / Unclassified Spares,Steel,NOS,1,SAIL_ST,"{""models"": {""part_number"": ""NUMBER""}, ""is_ambiguous"": true, ""ambiguity_reason"": ""Missing Critical Attributes: Motor spare without rating, frame or part number""}"
NMC-ST-MSC-0807,Motor Spare,MISC_UNCLASSIFIED,Miscellaneous / Unclassified Spares,Steel,NOS,1,SAIL_ST,"{""models"": {""part_number"": ""NUMBER""}, ""is_ambiguous"": true, ""ambiguity_reason"": ""Missing Critical Attributes: Motor spare without rating, frame or part number""}"
NMC-MN-MSC-0808,Motor Spare,MISC_UNCLASSIFIED,Miscellaneous / Unclassified Spares,Mining,NOS,1,CIL_MN,"{""models"": {""part_number"": ""NUMBER""}, ""is_ambiguous"": true, ""ambiguity_reason"": ""Missing Critical Attributes: Motor spare without rating, frame or part number""}"
NMC-HE-MSC-0809,Motor Spare,MISC_UNCLASSIFIED,Miscellaneous / Unclassified Spares,Heavy Engineering,NOS,1,BHEL_HE,"{""models"": {""part_number"": ""NUMBER""}, ""is_ambiguous"": true, ""ambiguity_reason"": ""Missing Critical Attributes: Motor spare without rating, frame or part number""}"
NMC-HE-MSC-0810,Pt No 4471B Misc Spare,MISC_UNCLASSIFIED,Miscellaneous / Unclassified Spares,Heavy Engineering,NOS,1,BHEL_HE,"{""models"": {""part_number"": ""4471B""}, ""is_ambiguous"": true, ""ambiguity_reason"": ""Low Information: Lacks technical specifications or recognizable equipment type""}"
NMC-PW-MSC-0811,Motor Spare,MISC_UNCLASSIFIED,Miscellaneous / Unclassified Spares,Power,NOS,1,NTPC_PW,"{""models"": {""part_number"": ""NUMBER""}, ""is_ambiguous"": true, ""ambiguity_reason"": ""Missing Critical Attributes: Motor spare without rating, frame or part number""}"
NMC-HE-MSC-0812,Pt No 4471B Misc Spare,MISC_UNCLASSIFIED,Miscellaneous / Unclassified Spares,Heavy Engineering,NOS,1,BHEL_HE,"{""models"": {""part_number"": ""4471B""}, ""is_ambiguous"": true, ""ambiguity_reason"": ""Low Information: Lacks technical specifications or recognizable equipment type""}"
NMC-OG-MSC-0813,Motor Spare,MISC_UNCLASSIFIED,Miscellaneous / Unclassified Spares,Oil & Gas,NOS,1,CPCL_OG,"{""models"": {""part_number"": ""NUMBER""}, ""is_ambiguous"": true, ""ambiguity_reason"": ""Missing Critical Attributes: Motor spare without rating, frame or part number""}"
NMC-MN-MSC-0814,Pt No 4471B Misc Spare Plant,MISC_UNCLASSIFIED,Miscellaneous / Unclassified Spares,Mining,NOS,1,CIL_MN,"{""models"": {""part_number"": ""4471B""}, ""is_ambiguous"": true, ""ambiguity_reason"": ""Low Information: Lacks technical specifications or recognizable equipment type""}"
NMC-MN-MSC-0815,Motor Spare,MISC_UNCLASSIFIED,Miscellaneous / Unclassified Spares,Mining,NOS,1,CIL_MN,"{""models"": {""part_number"": ""NUMBER""}, ""is_ambiguous"": true, ""ambiguity_reason"": ""Missing Critical Attributes: Motor spare without rating, frame or part number""}"
NMC-HE-MSC-0816,Pt No 4471B Misc Spare,MISC_UNCLASSIFIED,Miscellaneous / Unclassified Spares,Heavy Engineering,NOS,1,BHEL_HE,"{""models"": {""part_number"": ""4471B""}, ""is_ambiguous"": true, ""ambiguity_reason"": ""Low Information: Lacks technical specifications or recognizable equipment type""}"
NMC-OG-MSC-0817,Pt No 4471B Misc Spare,MISC_UNCLASSIFIED,Miscellaneous / Unclassified Spares,Oil & Gas,NOS,1,CPCL_OG,"{""models"": {""part_number"": ""4471B""}, ""is_ambiguous"": true, ""ambiguity_reason"": ""Low Information: Lacks technical specifications or recognizable equipment type""}"
NMC-OG-MSC-0818,Motor Spare,MISC_UNCLASSIFIED,Miscellaneous / Unclassified Spares,Oil & Gas,NOS,1,CPCL_OG,"{""models"": {""part_number"": ""NUMBER""}, ""is_ambiguous"": true, ""ambiguity_reason"": ""Missing Critical Attributes: Motor spare without rating, frame or part number""}"
NMC-MN-MSC-0819,Motor Spare,MISC_UNCLASSIFIED,Miscellaneous / Unclassified Spares,Mining,NOS,1,CIL_MN,"{""models"": {""part_number"": ""NUMBER""}, ""is_ambiguous"": true, ""ambiguity_reason"": ""Missing Critical Attributes: Motor spare without rating, frame or part number""}"
NMC-HE-MSC-0820,Pt No 4471B Misc Spare General,MISC_UNCLASSIFIED,Miscellaneous / Unclassified Spares,Heavy Engineering,NOS,1,BHEL_HE,"{""models"": {""part_number"": ""4471B""}, ""is_ambiguous"": true, ""ambiguity_reason"": ""Low Information: Lacks technical specifications or recognizable equipment type""}"
NMC-MN-MSC-0821,Motor Spare Rev-A,MISC_UNCLASSIFIED,Miscellaneous / Unclassified Spares,Mining,NOS,1,CIL_MN,"{""models"": {""part_number"": ""NUMBER""}, ""is_ambiguous"": true, ""ambiguity_reason"": ""Missing Critical Attributes: Motor spare without rating, frame or part number""}"
NMC-OG-MSC-0822,Pt No 4471B Misc Spare,MISC_UNCLASSIFIED,Miscellaneous / Unclassified Spares,Oil & Gas,NOS,1,CPCL_OG,"{""models"": {""part_number"": ""4471B""}, ""is_ambiguous"": true, ""ambiguity_reason"": ""Low Information: Lacks technical specifications or recognizable equipment type""}"
NMC-PW-MSC-0823,Motor Spare,MISC_UNCLASSIFIED,Miscellaneous / Unclassified Spares,Power,NOS,1,NTPC_PW,"{""models"": {""part_number"": ""NUMBER""}, ""is_ambiguous"": true, ""ambiguity_reason"": ""Missing Critical Attributes: Motor spare without rating, frame or part number""}"
NMC-MN-MSC-0824,Pt No 4471B Misc Spare,MISC_UNCLASSIFIED,Miscellaneous / Unclassified Spares,Mining,NOS,1,CIL_MN,"{""models"": {""part_number"": ""4471B""}, ""is_ambiguous"": true, ""ambiguity_reason"": ""Low Information: Lacks technical specifications or recognizable equipment type""}"
NMC-HE-MSC-0825,Pt No 4471B Misc Spare Plant,MISC_UNCLASSIFIED,Miscellaneous / Unclassified Spares,Heavy Engineering,NOS,1,BHEL_HE,"{""models"": {""part_number"": ""4471B""}, ""is_ambiguous"": true, ""ambiguity_reason"": ""Low Information: Lacks technical specifications or recognizable equipment type""}"
NMC-OG-MSC-0826,Motor Spare,MISC_UNCLASSIFIED,Miscellaneous / Unclassified Spares,Oil & Gas,NOS,1,CPCL_OG,"{""models"": {""part_number"": ""NUMBER""}, ""is_ambiguous"": true, ""ambiguity_reason"": ""Missing Critical Attributes: Motor spare without rating, frame or part number""}"
NMC-ST-MSC-0827,Pt No 4471B Misc Spare,MISC_UNCLASSIFIED,Miscellaneous / Unclassified Spares,Steel,NOS,1,SAIL_ST,"{""models"": {""part_number"": ""4471B""}, ""is_ambiguous"": true, ""ambiguity_reason"": ""Low Information: Lacks technical specifications or recognizable equipment type""}"
NMC-MN-MSC-0828,Pt No 4471B Misc Spare,MISC_UNCLASSIFIED,Miscellaneous / Unclassified Spares,Mining,NOS,1,CIL_MN,"{""models"": {""part_number"": ""4471B""}, ""is_ambiguous"": true, ""ambiguity_reason"": ""Low Information: Lacks technical specifications or recognizable equipment type""}"
NMC-PW-MSC-0829,Pt No 4471B Misc Spare,MISC_UNCLASSIFIED,Miscellaneous / Unclassified Spares,Power,NOS,1,NTPC_PW,"{""models"": {""part_number"": ""4471B""}, ""is_ambiguous"": true, ""ambiguity_reason"": ""Low Information: Lacks technical specifications or recognizable equipment type""}"
NMC-PW-MSC-0830,Motor Spare Hd,MISC_UNCLASSIFIED,Miscellaneous / Unclassified Spares,Power,NOS,1,NTPC_PW,"{""models"": {""part_number"": ""NUMBER""}, ""is_ambiguous"": true, ""ambiguity_reason"": ""Missing Critical Attributes: Motor spare without rating, frame or part number""}"
NMC-HE-MSC-0831,Motor Spare Rev-B,MISC_UNCLASSIFIED,Miscellaneous / Unclassified Spares,Heavy Engineering,NOS,1,BHEL_HE,"{""models"": {""part_number"": ""NUMBER""}, ""is_ambiguous"": true, ""ambiguity_reason"": ""Missing Critical Attributes: Motor spare without rating, frame or part number""}"
NMC-PW-MSC-0832,Motor Spare Industrial,MISC_UNCLASSIFIED,Miscellaneous / Unclassified Spares,Power,NOS,1,NTPC_PW,"{""models"": {""part_number"": ""NUMBER""}, ""is_ambiguous"": true, ""ambiguity_reason"": ""Missing Critical Attributes: Motor spare without rating, frame or part number""}"
NMC-PW-MSC-0833,Motor Spare,MISC_UNCLASSIFIED,Miscellaneous / Unclassified Spares,Power,NOS,1,NTPC_PW,"{""models"": {""part_number"": ""NUMBER""}, ""is_ambiguous"": true, ""ambiguity_reason"": ""Missing Critical Attributes: Motor spare without rating, frame or part number""}"
NMC-OG-MSC-0834,Pt No 4471B Misc Spare,MISC_UNCLASSIFIED,Miscellaneous / Unclassified Spares,Oil & Gas,NOS,1,CPCL_OG,"{""models"": {""part_number"": ""4471B""}, ""is_ambiguous"": true, ""ambiguity_reason"": ""Low Information: Lacks technical specifications or recognizable equipment type""}"
NMC-PW-MSC-0835,Motor Spare Plant,MISC_UNCLASSIFIED,Miscellaneous / Unclassified Spares,Power,NOS,1,NTPC_PW,"{""models"": {""part_number"": ""NUMBER""}, ""is_ambiguous"": true, ""ambiguity_reason"": ""Missing Critical Attributes: Motor spare without rating, frame or part number""}"
NMC-HE-MSC-0836,Motor Spare,MISC_UNCLASSIFIED,Miscellaneous / Unclassified Spares,Heavy Engineering,NOS,1,BHEL_HE,"{""models"": {""part_number"": ""NUMBER""}, ""is_ambiguous"": true, ""ambiguity_reason"": ""Missing Critical Attributes: Motor spare without rating, frame or part number""}"
NMC-MN-MSC-0837,Pt No 4471B Misc Spare Industrial,MISC_UNCLASSIFIED,Miscellaneous / Unclassified Spares,Mining,NOS,1,CIL_MN,"{""models"": {""part_number"": ""4471B""}, ""is_ambiguous"": true, ""ambiguity_reason"": ""Low Information: Lacks technical specifications or recognizable equipment type""}"
NMC-MN-MSC-0838,Motor Spare,MISC_UNCLASSIFIED,Miscellaneous / Unclassified Spares,Mining,NOS,1,CIL_MN,"{""models"": {""part_number"": ""NUMBER""}, ""is_ambiguous"": true, ""ambiguity_reason"": ""Missing Critical Attributes: Motor spare without rating, frame or part number""}"
NMC-ST-MSC-0839,Pt No 4471B Misc Spare,MISC_UNCLASSIFIED,Miscellaneous / Unclassified Spares,Steel,NOS,1,SAIL_ST,"{""models"": {""part_number"": ""4471B""}, ""is_ambiguous"": true, ""ambiguity_reason"": ""Low Information: Lacks technical specifications or recognizable equipment type""}"
NMC-ST-MSC-0840,Motor Spare,MISC_UNCLASSIFIED,Miscellaneous / Unclassified Spares,Steel,NOS,1,SAIL_ST,"{""models"": {""part_number"": ""NUMBER""}, ""is_ambiguous"": true, ""ambiguity_reason"": ""Missing Critical Attributes: Motor spare without rating, frame or part number""}"
NMC-ST-MSC-0841,Motor Spare,MISC_UNCLASSIFIED,Miscellaneous / Unclassified Spares,Steel,NOS,1,SAIL_ST,"{""models"": {""part_number"": ""NUMBER""}, ""is_ambiguous"": true, ""ambiguity_reason"": ""Missing Critical Attributes: Motor spare without rating, frame or part number""}"
NMC-PW-MSC-0842,Pt No 4471B Misc Spare Store,MISC_UNCLASSIFIED,Miscellaneous / Unclassified Spares,Power,NOS,1,NTPC_PW,"{""models"": {""part_number"": ""4471B""}, ""is_ambiguous"": true, ""ambiguity_reason"": ""Low Information: Lacks technical specifications or recognizable equipment type""}"
NMC-MN-MSC-0843,Motor Spare,MISC_UNCLASSIFIED,Miscellaneous / Unclassified Spares,Mining,NOS,1,CIL_MN,"{""models"": {""part_number"": ""NUMBER""}, ""is_ambiguous"": true, ""ambiguity_reason"": ""Missing Critical Attributes: Motor spare without rating, frame or part number""}"
NMC-MN-MSC-0844,Pt No 4471B Misc Spare Rev-A,MISC_UNCLASSIFIED,Miscellaneous / Unclassified Spares,Mining,NOS,1,CIL_MN,"{""models"": {""part_number"": ""4471B""}, ""is_ambiguous"": true, ""ambiguity_reason"": ""Low Information: Lacks technical specifications or recognizable equipment type""}"
NMC-OG-MSC-0845,Pt No 4471B Misc Spare Store,MISC_UNCLASSIFIED,Miscellaneous / Unclassified Spares,Oil & Gas,NOS,1,CPCL_OG,"{""models"": {""part_number"": ""4471B""}, ""is_ambiguous"": true, ""ambiguity_reason"": ""Low Information: Lacks technical specifications or recognizable equipment type""}"
NMC-ST-MSC-0846,Pt No 4471B Misc Spare Rev-A,MISC_UNCLASSIFIED,Miscellaneous / Unclassified Spares,Steel,NOS,1,SAIL_ST,"{""models"": {""part_number"": ""4471B""}, ""is_ambiguous"": true, ""ambiguity_reason"": ""Low Information: Lacks technical specifications or recognizable equipment type""}"
NMC-MN-MSC-0847,Motor Spare Industrial,MISC_UNCLASSIFIED,Miscellaneous / Unclassified Spares,Mining,NOS,1,CIL_MN,"{""models"": {""part_number"": ""NUMBER""}, ""is_ambiguous"": true, ""ambiguity_reason"": ""Missing Critical Attributes: Motor spare without rating, frame or part number""}"
NMC-HE-MSC-0848,Motor Spare Rev-B,MISC_UNCLASSIFIED,Miscellaneous / Unclassified Spares,Heavy Engineering,NOS,1,BHEL_HE,"{""models"": {""part_number"": ""NUMBER""}, ""is_ambiguous"": true, ""ambiguity_reason"": ""Missing Critical Attributes: Motor spare without rating, frame or part number""}"
NMC-MN-MSC-0849,Pt No 4471B Misc Spare Hd,MISC_UNCLASSIFIED,Miscellaneous / Unclassified Spares,Mining,NOS,1,CIL_MN,"{""models"": {""part_number"": ""4471B""}, ""is_ambiguous"": true, ""ambiguity_reason"": ""Low Information: Lacks technical specifications or recognizable equipment type""}"
NMC-MN-MSC-0850,Motor Spare,MISC_UNCLASSIFIED,Miscellaneous / Unclassified Spares,Mining,NOS,1,CIL_MN,"{""models"": {""part_number"": ""NUMBER""}, ""is_ambiguous"": true, ""ambiguity_reason"": ""Missing Critical Attributes: Motor spare without rating, frame or part number""}"
NMC-HE-MSC-0851,Pt No 4471B Misc Spare Rev-A,MISC_UNCLASSIFIED,Miscellaneous / Unclassified Spares,Heavy Engineering,NOS,1,BHEL_HE,"{""models"": {""part_number"": ""4471B""}, ""is_ambiguous"": true, ""ambiguity_reason"": ""Low Information: Lacks technical specifications or recognizable equipment type""}"
NMC-MN-MSC-0852,Motor Spare,MISC_UNCLASSIFIED,Miscellaneous / Unclassified Spares,Mining,NOS,1,CIL_MN,"{""models"": {""part_number"": ""NUMBER""}, ""is_ambiguous"": true, ""ambiguity_reason"": ""Missing Critical Attributes: Motor spare without rating, frame or part number""}"
NMC-OG-MSC-0853,Motor Spare,MISC_UNCLASSIFIED,Miscellaneous / Unclassified Spares,Oil & Gas,NOS,1,CPCL_OG,"{""models"": {""part_number"": ""NUMBER""}, ""is_ambiguous"": true, ""ambiguity_reason"": ""Missing Critical Attributes: Motor spare without rating, frame or part number""}"
NMC-OG-MSC-0854,Pt No 4471B Misc Spare Hd,MISC_UNCLASSIFIED,Miscellaneous / Unclassified Spares,Oil & Gas,NOS,1,CPCL_OG,"{""models"": {""part_number"": ""4471B""}, ""is_ambiguous"": true, ""ambiguity_reason"": ""Low Information: Lacks technical specifications or recognizable equipment type""}"
NMC-PW-MSC-0855,Motor Spare,MISC_UNCLASSIFIED,Miscellaneous / Unclassified Spares,Power,NOS,1,NTPC_PW,"{""models"": {""part_number"": ""NUMBER""}, ""is_ambiguous"": true, ""ambiguity_reason"": ""Missing Critical Attributes: Motor spare without rating, frame or part number""}"
NMC-HE-MSC-0856,Motor Spare,MISC_UNCLASSIFIED,Miscellaneous / Unclassified Spares,Heavy Engineering,NOS,1,BHEL_HE,"{""models"": {""part_number"": ""NUMBER""}, ""is_ambiguous"": true, ""ambiguity_reason"": ""Missing Critical Attributes: Motor spare without rating, frame or part number""}"
NMC-HE-MSC-0857,Pt No 4471B Misc Spare,MISC_UNCLASSIFIED,Miscellaneous / Unclassified Spares,Heavy Engineering,NOS,1,BHEL_HE,"{""models"": {""part_number"": ""4471B""}, ""is_ambiguous"": true, ""ambiguity_reason"": ""Low Information: Lacks technical specifications or recognizable equipment type""}"
NMC-MN-MSC-0858,Motor Spare Rev-B,MISC_UNCLASSIFIED,Miscellaneous / Unclassified Spares,Mining,NOS,1,CIL_MN,"{""models"": {""part_number"": ""NUMBER""}, ""is_ambiguous"": true, ""ambiguity_reason"": ""Missing Critical Attributes: Motor spare without rating, frame or part number""}"
NMC-PW-MSC-0859,Motor Spare,MISC_UNCLASSIFIED,Miscellaneous / Unclassified Spares,Power,NOS,1,NTPC_PW,"{""models"": {""part_number"": ""NUMBER""}, ""is_ambiguous"": true, ""ambiguity_reason"": ""Missing Critical Attributes: Motor spare without rating, frame or part number""}"
NMC-ST-MSC-0860,Pt No 4471B Misc Spare,MISC_UNCLASSIFIED,Miscellaneous / Unclassified Spares,Steel,NOS,1,SAIL_ST,"{""models"": {""part_number"": ""4471B""}, ""is_ambiguous"": true, ""ambiguity_reason"": ""Low Information: Lacks technical specifications or recognizable equipment type""}"
NMC-MN-MSC-0861,Pt No 4471B Misc Spare General,MISC_UNCLASSIFIED,Miscellaneous / Unclassified Spares,Mining,NOS,1,CIL_MN,"{""models"": {""part_number"": ""4471B""}, ""is_ambiguous"": true, ""ambiguity_reason"": ""Low Information: Lacks technical specifications or recognizable equipment type""}"
NMC-MN-MSC-0862,Motor Spare,MISC_UNCLASSIFIED,Miscellaneous / Unclassified Spares,Mining,NOS,1,CIL_MN,"{""models"": {""part_number"": ""NUMBER""}, ""is_ambiguous"": true, ""ambiguity_reason"": ""Missing Critical Attributes: Motor spare without rating, frame or part number""}"
NMC-PW-MSC-0863,Motor Spare,MISC_UNCLASSIFIED,Miscellaneous / Unclassified Spares,Power,NOS,1,NTPC_PW,"{""models"": {""part_number"": ""NUMBER""}, ""is_ambiguous"": true, ""ambiguity_reason"": ""Missing Critical Attributes: Motor spare without rating, frame or part number""}"
NMC-MN-MSC-0864,Pt No 4471B Misc Spare Maint,MISC_UNCLASSIFIED,Miscellaneous / Unclassified Spares,Mining,NOS,1,CIL_MN,"{""models"": {""part_number"": ""4471B""}, ""is_ambiguous"": true, ""ambiguity_reason"": ""Low Information: Lacks technical specifications or recognizable equipment type""}"
NMC-PW-MSC-0865,Motor Spare,MISC_UNCLASSIFIED,Miscellaneous / Unclassified Spares,Power,NOS,1,NTPC_PW,"{""models"": {""part_number"": ""NUMBER""}, ""is_ambiguous"": true, ""ambiguity_reason"": ""Missing Critical Attributes: Motor spare without rating, frame or part number""}"
NMC-HE-MSC-0866,Pt No 4471B Misc Spare,MISC_UNCLASSIFIED,Miscellaneous / Unclassified Spares,Heavy Engineering,NOS,1,BHEL_HE,"{""models"": {""part_number"": ""4471B""}, ""is_ambiguous"": true, ""ambiguity_reason"": ""Low Information: Lacks technical specifications or recognizable equipment type""}"
NMC-OG-MSC-0867,Pt No 4471B Misc Spare Maint,MISC_UNCLASSIFIED,Miscellaneous / Unclassified Spares,Oil & Gas,NOS,1,CPCL_OG,"{""models"": {""part_number"": ""4471B""}, ""is_ambiguous"": true, ""ambiguity_reason"": ""Low Information: Lacks technical specifications or recognizable equipment type""}"
NMC-ST-MSC-0868,Motor Spare,MISC_UNCLASSIFIED,Miscellaneous / Unclassified Spares,Steel,NOS,1,SAIL_ST,"{""models"": {""part_number"": ""NUMBER""}, ""is_ambiguous"": true, ""ambiguity_reason"": ""Missing Critical Attributes: Motor spare without rating, frame or part number""}"
NMC-HE-MSC-0869,Pt No 4471B Misc Spare,MISC_UNCLASSIFIED,Miscellaneous / Unclassified Spares,Heavy Engineering,NOS,1,BHEL_HE,"{""models"": {""part_number"": ""4471B""}, ""is_ambiguous"": true, ""ambiguity_reason"": ""Low Information: Lacks technical specifications or recognizable equipment type""}"
NMC-HE-MSC-0870,Motor Spare,MISC_UNCLASSIFIED,Miscellaneous / Unclassified Spares,Heavy Engineering,NOS,1,BHEL_HE,"{""models"": {""part_number"": ""NUMBER""}, ""is_ambiguous"": true, ""ambiguity_reason"": ""Missing Critical Attributes: Motor spare without rating, frame or part number""}"
NMC-OG-MSC-0871,Motor Spare,MISC_UNCLASSIFIED,Miscellaneous / Unclassified Spares,Oil & Gas,NOS,1,CPCL_OG,"{""models"": {""part_number"": ""NUMBER""}, ""is_ambiguous"": true, ""ambiguity_reason"": ""Missing Critical Attributes: Motor spare without rating, frame or part number""}"
NMC-PW-MSC-0872,Motor Spare Maint,MISC_UNCLASSIFIED,Miscellaneous / Unclassified Spares,Power,NOS,1,NTPC_PW,"{""models"": {""part_number"": ""NUMBER""}, ""is_ambiguous"": true, ""ambiguity_reason"": ""Missing Critical Attributes: Motor spare without rating, frame or part number""}"
NMC-ST-MSC-0873,Pt No 4471B Misc Spare,MISC_UNCLASSIFIED,Miscellaneous / Unclassified Spares,Steel,NOS,1,SAIL_ST,"{""models"": {""part_number"": ""4471B""}, ""is_ambiguous"": true, ""ambiguity_reason"": ""Low Information: Lacks technical specifications or recognizable equipment type""}"
NMC-MN-MSC-0874,Pt No 4471B Misc Spare,MISC_UNCLASSIFIED,Miscellaneous / Unclassified Spares,Mining,NOS,1,CIL_MN,"{""models"": {""part_number"": ""4471B""}, ""is_ambiguous"": true, ""ambiguity_reason"": ""Low Information: Lacks technical specifications or recognizable equipment type""}"
NMC-PW-MSC-0875,Motor Spare Maint,MISC_UNCLASSIFIED,Miscellaneous / Unclassified Spares,Power,NOS,1,NTPC_PW,"{""models"": {""part_number"": ""NUMBER""}, ""is_ambiguous"": true, ""ambiguity_reason"": ""Missing Critical Attributes: Motor spare without rating, frame or part number""}"
NMC-MN-MSC-0876,Motor Spare,MISC_UNCLASSIFIED,Miscellaneous / Unclassified Spares,Mining,NOS,1,CIL_MN,"{""models"": {""part_number"": ""NUMBER""}, ""is_ambiguous"": true, ""ambiguity_reason"": ""Missing Critical Attributes: Motor spare without rating, frame or part number""}"
NMC-MN-MSC-0877,Motor Spare Store,MISC_UNCLASSIFIED,Miscellaneous / Unclassified Spares,Mining,NOS,1,CIL_MN,"{""models"": {""part_number"": ""NUMBER""}, ""is_ambiguous"": true, ""ambiguity_reason"": ""Missing Critical Attributes: Motor spare without rating, frame or part number""}"
NMC-MN-MSC-0878,Motor Spare Industrial,MISC_UNCLASSIFIED,Miscellaneous / Unclassified Spares,Mining,NOS,1,CIL_MN,"{""models"": {""part_number"": ""NUMBER""}, ""is_ambiguous"": true, ""ambiguity_reason"": ""Missing Critical Attributes: Motor spare without rating, frame or part number""}"
NMC-OG-MSC-0879,Pt No 4471B Misc Spare,MISC_UNCLASSIFIED,Miscellaneous / Unclassified Spares,Oil & Gas,NOS,1,CPCL_OG,"{""models"": {""part_number"": ""4471B""}, ""is_ambiguous"": true, ""ambiguity_reason"": ""Low Information: Lacks technical specifications or recognizable equipment type""}"
NMC-ST-MSC-0880,Pt No 4471B Misc Spare Maint,MISC_UNCLASSIFIED,Miscellaneous / Unclassified Spares,Steel,NOS,1,SAIL_ST,"{""models"": {""part_number"": ""4471B""}, ""is_ambiguous"": true, ""ambiguity_reason"": ""Low Information: Lacks technical specifications or recognizable equipment type""}"
NMC-OG-MSC-0881,Pt No 4471B Misc Spare,MISC_UNCLASSIFIED,Miscellaneous / Unclassified Spares,Oil & Gas,NOS,1,CPCL_OG,"{""models"": {""part_number"": ""4471B""}, ""is_ambiguous"": true, ""ambiguity_reason"": ""Low Information: Lacks technical specifications or recognizable equipment type""}"
NMC-PW-MSC-0882,Pt No 4471B Misc Spare,MISC_UNCLASSIFIED,Miscellaneous / Unclassified Spares,Power,NOS,1,NTPC_PW,"{""models"": {""part_number"": ""4471B""}, ""is_ambiguous"": true, ""ambiguity_reason"": ""Low Information: Lacks technical specifications or recognizable equipment type""}"
NMC-MN-MSC-0883,Pt No 4471B Misc Spare,MISC_UNCLASSIFIED,Miscellaneous / Unclassified Spares,Mining,NOS,1,CIL_MN,"{""models"": {""part_number"": ""4471B""}, ""is_ambiguous"": true, ""ambiguity_reason"": ""Low Information: Lacks technical specifications or recognizable equipment type""}"
NMC-OG-MSC-0884,Pt No 4471B Misc Spare,MISC_UNCLASSIFIED,Miscellaneous / Unclassified Spares,Oil & Gas,NOS,1,CPCL_OG,"{""models"": {""part_number"": ""4471B""}, ""is_ambiguous"": true, ""ambiguity_reason"": ""Low Information: Lacks technical specifications or recognizable equipment type""}"
NMC-OG-MSC-0885,Motor Spare Plant,MISC_UNCLASSIFIED,Miscellaneous / Unclassified Spares,Oil & Gas,NOS,1,CPCL_OG,"{""models"": {""part_number"": ""NUMBER""}, ""is_ambiguous"": true, ""ambiguity_reason"": ""Missing Critical Attributes: Motor spare without rating, frame or part number""}"
NMC-MN-MSC-0886,Pt No 4471B Misc Spare,MISC_UNCLASSIFIED,Miscellaneous / Unclassified Spares,Mining,NOS,1,CIL_MN,"{""models"": {""part_number"": ""4471B""}, ""is_ambiguous"": true, ""ambiguity_reason"": ""Low Information: Lacks technical specifications or recognizable equipment type""}"
NMC-HE-MSC-0887,Motor Spare,MISC_UNCLASSIFIED,Miscellaneous / Unclassified Spares,Heavy Engineering,NOS,1,BHEL_HE,"{""models"": {""part_number"": ""NUMBER""}, ""is_ambiguous"": true, ""ambiguity_reason"": ""Missing Critical Attributes: Motor spare without rating, frame or part number""}"
NMC-OG-MSC-0888,Pt No 4471B Misc Spare,MISC_UNCLASSIFIED,Miscellaneous / Unclassified Spares,Oil & Gas,NOS,1,CPCL_OG,"{""models"": {""part_number"": ""4471B""}, ""is_ambiguous"": true, ""ambiguity_reason"": ""Low Information: Lacks technical specifications or recognizable equipment type""}"
NMC-MN-MSC-0889,Motor Spare General,MISC_UNCLASSIFIED,Miscellaneous / Unclassified Spares,Mining,NOS,1,CIL_MN,"{""models"": {""part_number"": ""NUMBER""}, ""is_ambiguous"": true, ""ambiguity_reason"": ""Missing Critical Attributes: Motor spare without rating, frame or part number""}"
NMC-OG-MSC-0890,Motor Spare Store,MISC_UNCLASSIFIED,Miscellaneous / Unclassified Spares,Oil & Gas,NOS,1,CPCL_OG,"{""models"": {""part_number"": ""NUMBER""}, ""is_ambiguous"": true, ""ambiguity_reason"": ""Missing Critical Attributes: Motor spare without rating, frame or part number""}"
NMC-MN-MSC-0891,Motor Spare Maint,MISC_UNCLASSIFIED,Miscellaneous / Unclassified Spares,Mining,NOS,1,CIL_MN,"{""models"": {""part_number"": ""NUMBER""}, ""is_ambiguous"": true, ""ambiguity_reason"": ""Missing Critical Attributes: Motor spare without rating, frame or part number""}"
NMC-MN-MSC-0892,Pt No 4471B Misc Spare Industrial,MISC_UNCLASSIFIED,Miscellaneous / Unclassified Spares,Mining,NOS,1,CIL_MN,"{""models"": {""part_number"": ""4471B""}, ""is_ambiguous"": true, ""ambiguity_reason"": ""Low Information: Lacks technical specifications or recognizable equipment type""}"
NMC-ST-MSC-0893,Motor Spare,MISC_UNCLASSIFIED,Miscellaneous / Unclassified Spares,Steel,NOS,1,SAIL_ST,"{""models"": {""part_number"": ""NUMBER""}, ""is_ambiguous"": true, ""ambiguity_reason"": ""Missing Critical Attributes: Motor spare without rating, frame or part number""}"
NMC-OG-MSC-0894,Pt No 4471B Misc Spare,MISC_UNCLASSIFIED,Miscellaneous / Unclassified Spares,Oil & Gas,NOS,1,CPCL_OG,"{""models"": {""part_number"": ""4471B""}, ""is_ambiguous"": true, ""ambiguity_reason"": ""Low Information: Lacks technical specifications or recognizable equipment type""}"
NMC-OG-MSC-0895,Motor Spare Industrial,MISC_UNCLASSIFIED,Miscellaneous / Unclassified Spares,Oil & Gas,NOS,1,CPCL_OG,"{""models"": {""part_number"": ""NUMBER""}, ""is_ambiguous"": true, ""ambiguity_reason"": ""Missing Critical Attributes: Motor spare without rating, frame or part number""}"
NMC-ST-MSC-0896,Pt No 4471B Misc Spare,MISC_UNCLASSIFIED,Miscellaneous / Unclassified Spares,Steel,NOS,1,SAIL_ST,"{""models"": {""part_number"": ""4471B""}, ""is_ambiguous"": true, ""ambiguity_reason"": ""Low Information: Lacks technical specifications or recognizable equipment type""}"
NMC-ST-MSC-0897,Pt No 4471B Misc Spare Oem,MISC_UNCLASSIFIED,Miscellaneous / Unclassified Spares,Steel,NOS,1,SAIL_ST,"{""models"": {""part_number"": ""4471B""}, ""is_ambiguous"": true, ""ambiguity_reason"": ""Low Information: Lacks technical specifications or recognizable equipment type""}"
NMC-MN-MSC-0898,Motor Spare Rev-A,MISC_UNCLASSIFIED,Miscellaneous / Unclassified Spares,Mining,NOS,1,CIL_MN,"{""models"": {""part_number"": ""NUMBER""}, ""is_ambiguous"": true, ""ambiguity_reason"": ""Missing Critical Attributes: Motor spare without rating, frame or part number""}"
NMC-OG-MSC-0899,Motor Spare Rev-B,MISC_UNCLASSIFIED,Miscellaneous / Unclassified Spares,Oil & Gas,NOS,1,CPCL_OG,"{""models"": {""part_number"": ""NUMBER""}, ""is_ambiguous"": true, ""ambiguity_reason"": ""Missing Critical Attributes: Motor spare without rating, frame or part number""}"
NMC-PW-MSC-0900,Motor Spare,MISC_UNCLASSIFIED,Miscellaneous / Unclassified Spares,Power,NOS,1,NTPC_PW,"{""models"": {""part_number"": ""NUMBER""}, ""is_ambiguous"": true, ""ambiguity_reason"": ""Missing Critical Attributes: Motor spare without rating, frame or part number""}"
NMC-HE-MSC-0901,Motor Spare,MISC_UNCLASSIFIED,Miscellaneous / Unclassified Spares,Heavy Engineering,NOS,1,BHEL_HE,"{""models"": {""part_number"": ""NUMBER""}, ""is_ambiguous"": true, ""ambiguity_reason"": ""Missing Critical Attributes: Motor spare without rating, frame or part number""}"
NMC-PW-MSC-0902,Pt No 4471B Misc Spare,MISC_UNCLASSIFIED,Miscellaneous / Unclassified Spares,Power,NOS,1,NTPC_PW,"{""models"": {""part_number"": ""4471B""}, ""is_ambiguous"": true, ""ambiguity_reason"": ""Low Information: Lacks technical specifications or recognizable equipment type""}"
NMC-PW-MSC-0903,Motor Spare Rev-B,MISC_UNCLASSIFIED,Miscellaneous / Unclassified Spares,Power,NOS,1,NTPC_PW,"{""models"": {""part_number"": ""NUMBER""}, ""is_ambiguous"": true, ""ambiguity_reason"": ""Missing Critical Attributes: Motor spare without rating, frame or part number""}"
NMC-PW-MSC-0904,Pt No 4471B Misc Spare,MISC_UNCLASSIFIED,Miscellaneous / Unclassified Spares,Power,NOS,1,NTPC_PW,"{""models"": {""part_number"": ""4471B""}, ""is_ambiguous"": true, ""ambiguity_reason"": ""Low Information: Lacks technical specifications or recognizable equipment type""}"
NMC-PW-MSC-0905,Motor Spare,MISC_UNCLASSIFIED,Miscellaneous / Unclassified Spares,Power,NOS,1,NTPC_PW,"{""models"": {""part_number"": ""NUMBER""}, ""is_ambiguous"": true, ""ambiguity_reason"": ""Missing Critical Attributes: Motor spare without rating, frame or part number""}"
NMC-PW-MSC-0906,Pt No 4471B Misc Spare,MISC_UNCLASSIFIED,Miscellaneous / Unclassified Spares,Power,NOS,1,NTPC_PW,"{""models"": {""part_number"": ""4471B""}, ""is_ambiguous"": true, ""ambiguity_reason"": ""Low Information: Lacks technical specifications or recognizable equipment type""}"
NMC-HE-MSC-0907,Motor Spare,MISC_UNCLASSIFIED,Miscellaneous / Unclassified Spares,Heavy Engineering,NOS,1,BHEL_HE,"{""models"": {""part_number"": ""NUMBER""}, ""is_ambiguous"": true, ""ambiguity_reason"": ""Missing Critical Attributes: Motor spare without rating, frame or part number""}"
NMC-ST-MSC-0908,Pt No 4471B Misc Spare,MISC_UNCLASSIFIED,Miscellaneous / Unclassified Spares,Steel,NOS,1,SAIL_ST,"{""models"": {""part_number"": ""4471B""}, ""is_ambiguous"": true, ""ambiguity_reason"": ""Low Information: Lacks technical specifications or recognizable equipment type""}"
NMC-PW-MSC-0909,Pt No 4471B Misc Spare,MISC_UNCLASSIFIED,Miscellaneous / Unclassified Spares,Power,NOS,1,NTPC_PW,"{""models"": {""part_number"": ""4471B""}, ""is_ambiguous"": true, ""ambiguity_reason"": ""Low Information: Lacks technical specifications or recognizable equipment type""}"
NMC-HE-MSC-0910,Motor Spare,MISC_UNCLASSIFIED,Miscellaneous / Unclassified Spares,Heavy Engineering,NOS,1,BHEL_HE,"{""models"": {""part_number"": ""NUMBER""}, ""is_ambiguous"": true, ""ambiguity_reason"": ""Missing Critical Attributes: Motor spare without rating, frame or part number""}"
NMC-PW-MSC-0911,Motor Spare,MISC_UNCLASSIFIED,Miscellaneous / Unclassified Spares,Power,NOS,1,NTPC_PW,"{""models"": {""part_number"": ""NUMBER""}, ""is_ambiguous"": true, ""ambiguity_reason"": ""Missing Critical Attributes: Motor spare without rating, frame or part number""}"
NMC-PW-MSC-0912,Motor Spare,MISC_UNCLASSIFIED,Miscellaneous / Unclassified Spares,Power,NOS,1,NTPC_PW,"{""models"": {""part_number"": ""NUMBER""}, ""is_ambiguous"": true, ""ambiguity_reason"": ""Missing Critical Attributes: Motor spare without rating, frame or part number""}"
NMC-PW-MSC-0913,Motor Spare,MISC_UNCLASSIFIED,Miscellaneous / Unclassified Spares,Power,NOS,1,NTPC_PW,"{""models"": {""part_number"": ""NUMBER""}, ""is_ambiguous"": true, ""ambiguity_reason"": ""Missing Critical Attributes: Motor spare without rating, frame or part number""}"
NMC-ST-MSC-0914,Pt No 4471B Misc Spare Plant,MISC_UNCLASSIFIED,Miscellaneous / Unclassified Spares,Steel,NOS,1,SAIL_ST,"{""models"": {""part_number"": ""4471B""}, ""is_ambiguous"": true, ""ambiguity_reason"": ""Low Information: Lacks technical specifications or recognizable equipment type""}"
NMC-ST-MSC-0915,Motor Spare Rev-B,MISC_UNCLASSIFIED,Miscellaneous / Unclassified Spares,Steel,NOS,1,SAIL_ST,"{""models"": {""part_number"": ""NUMBER""}, ""is_ambiguous"": true, ""ambiguity_reason"": ""Missing Critical Attributes: Motor spare without rating, frame or part number""}"
NMC-ST-MSC-0916,Pt No 4471B Misc Spare,MISC_UNCLASSIFIED,Miscellaneous / Unclassified Spares,Steel,NOS,1,SAIL_ST,"{""models"": {""part_number"": ""4471B""}, ""is_ambiguous"": true, ""ambiguity_reason"": ""Low Information: Lacks technical specifications or recognizable equipment type""}"
NMC-HE-MSC-0917,Motor Spare,MISC_UNCLASSIFIED,Miscellaneous / Unclassified Spares,Heavy Engineering,NOS,1,BHEL_HE,"{""models"": {""part_number"": ""NUMBER""}, ""is_ambiguous"": true, ""ambiguity_reason"": ""Missing Critical Attributes: Motor spare without rating, frame or part number""}"
NMC-PW-MSC-0918,Motor Spare,MISC_UNCLASSIFIED,Miscellaneous / Unclassified Spares,Power,NOS,1,NTPC_PW,"{""models"": {""part_number"": ""NUMBER""}, ""is_ambiguous"": true, ""ambiguity_reason"": ""Missing Critical Attributes: Motor spare without rating, frame or part number""}"
NMC-PW-MSC-0919,Pt No 4471B Misc Spare Industrial,MISC_UNCLASSIFIED,Miscellaneous / Unclassified Spares,Power,NOS,1,NTPC_PW,"{""models"": {""part_number"": ""4471B""}, ""is_ambiguous"": true, ""ambiguity_reason"": ""Low Information: Lacks technical specifications or recognizable equipment type""}"
NMC-PW-MSC-0920,Pt No 4471B Misc Spare General,MISC_UNCLASSIFIED,Miscellaneous / Unclassified Spares,Power,NOS,1,NTPC_PW,"{""models"": {""part_number"": ""4471B""}, ""is_ambiguous"": true, ""ambiguity_reason"": ""Low Information: Lacks technical specifications or recognizable equipment type""}"
NMC-HE-MSC-0921,Motor Spare,MISC_UNCLASSIFIED,Miscellaneous / Unclassified Spares,Heavy Engineering,NOS,1,BHEL_HE,"{""models"": {""part_number"": ""NUMBER""}, ""is_ambiguous"": true, ""ambiguity_reason"": ""Missing Critical Attributes: Motor spare without rating, frame or part number""}"
NMC-OG-MSC-0922,Pt No 4471B Misc Spare Std,MISC_UNCLASSIFIED,Miscellaneous / Unclassified Spares,Oil & Gas,NOS,1,CPCL_OG,"{""models"": {""part_number"": ""4471B""}, ""is_ambiguous"": true, ""ambiguity_reason"": ""Low Information: Lacks technical specifications or recognizable equipment type""}"
NMC-ST-MSC-0923,Pt No 4471B Misc Spare,MISC_UNCLASSIFIED,Miscellaneous / Unclassified Spares,Steel,NOS,1,SAIL_ST,"{""models"": {""part_number"": ""4471B""}, ""is_ambiguous"": true, ""ambiguity_reason"": ""Low Information: Lacks technical specifications or recognizable equipment type""}"
NMC-OG-MSC-0924,Motor Spare,MISC_UNCLASSIFIED,Miscellaneous / Unclassified Spares,Oil & Gas,NOS,1,CPCL_OG,"{""models"": {""part_number"": ""NUMBER""}, ""is_ambiguous"": true, ""ambiguity_reason"": ""Missing Critical Attributes: Motor spare without rating, frame or part number""}"
NMC-ST-MSC-0925,Motor Spare Rev-B,MISC_UNCLASSIFIED,Miscellaneous / Unclassified Spares,Steel,NOS,1,SAIL_ST,"{""models"": {""part_number"": ""NUMBER""}, ""is_ambiguous"": true, ""ambiguity_reason"": ""Missing Critical Attributes: Motor spare without rating, frame or part number""}"
NMC-HE-MSC-0926,Pt No 4471B Misc Spare,MISC_UNCLASSIFIED,Miscellaneous / Unclassified Spares,Heavy Engineering,NOS,1,BHEL_HE,"{""models"": {""part_number"": ""4471B""}, ""is_ambiguous"": true, ""ambiguity_reason"": ""Low Information: Lacks technical specifications or recognizable equipment type""}"
NMC-ST-MSC-0927,Motor Spare,MISC_UNCLASSIFIED,Miscellaneous / Unclassified Spares,Steel,NOS,1,SAIL_ST,"{""models"": {""part_number"": ""NUMBER""}, ""is_ambiguous"": true, ""ambiguity_reason"": ""Missing Critical Attributes: Motor spare without rating, frame or part number""}"
NMC-PW-MSC-0928,Motor Spare,MISC_UNCLASSIFIED,Miscellaneous / Unclassified Spares,Power,NOS,1,NTPC_PW,"{""models"": {""part_number"": ""NUMBER""}, ""is_ambiguous"": true, ""ambiguity_reason"": ""Missing Critical Attributes: Motor spare without rating, frame or part number""}"
NMC-MN-MSC-0929,Motor Spare,MISC_UNCLASSIFIED,Miscellaneous / Unclassified Spares,Mining,NOS,1,CIL_MN,"{""models"": {""part_number"": ""NUMBER""}, ""is_ambiguous"": true, ""ambiguity_reason"": ""Missing Critical Attributes: Motor spare without rating, frame or part number""}"
NMC-ST-MSC-0930,Motor Spare,MISC_UNCLASSIFIED,Miscellaneous / Unclassified Spares,Steel,NOS,1,SAIL_ST,"{""models"": {""part_number"": ""NUMBER""}, ""is_ambiguous"": true, ""ambiguity_reason"": ""Missing Critical Attributes: Motor spare without rating, frame or part number""}"
NMC-PW-MSC-0931,Motor Spare General,MISC_UNCLASSIFIED,Miscellaneous / Unclassified Spares,Power,NOS,1,NTPC_PW,"{""models"": {""part_number"": ""NUMBER""}, ""is_ambiguous"": true, ""ambiguity_reason"": ""Missing Critical Attributes: Motor spare without rating, frame or part number""}"
NMC-HE-MSC-0932,Pt No 4471B Misc Spare,MISC_UNCLASSIFIED,Miscellaneous / Unclassified Spares,Heavy Engineering,NOS,1,BHEL_HE,"{""models"": {""part_number"": ""4471B""}, ""is_ambiguous"": true, ""ambiguity_reason"": ""Low Information: Lacks technical specifications or recognizable equipment type""}"
NMC-ST-MSC-0933,Motor Spare,MISC_UNCLASSIFIED,Miscellaneous / Unclassified Spares,Steel,NOS,1,SAIL_ST,"{""models"": {""part_number"": ""NUMBER""}, ""is_ambiguous"": true, ""ambiguity_reason"": ""Missing Critical Attributes: Motor spare without rating, frame or part number""}"
NMC-MN-MSC-0934,Pt No 4471B Misc Spare,MISC_UNCLASSIFIED,Miscellaneous / Unclassified Spares,Mining,NOS,1,CIL_MN,"{""models"": {""part_number"": ""4471B""}, ""is_ambiguous"": true, ""ambiguity_reason"": ""Low Information: Lacks technical specifications or recognizable equipment type""}"
NMC-MN-MSC-0935,Motor Spare,MISC_UNCLASSIFIED,Miscellaneous / Unclassified Spares,Mining,NOS,1,CIL_MN,"{""models"": {""part_number"": ""NUMBER""}, ""is_ambiguous"": true, ""ambiguity_reason"": ""Missing Critical Attributes: Motor spare without rating, frame or part number""}"
NMC-MN-MSC-0936,Motor Spare Rev-A,MISC_UNCLASSIFIED,Miscellaneous / Unclassified Spares,Mining,NOS,1,CIL_MN,"{""models"": {""part_number"": ""NUMBER""}, ""is_ambiguous"": true, ""ambiguity_reason"": ""Missing Critical Attributes: Motor spare without rating, frame or part number""}"
NMC-ST-MSC-0937,Motor Spare Std,MISC_UNCLASSIFIED,Miscellaneous / Unclassified Spares,Steel,NOS,1,SAIL_ST,"{""models"": {""part_number"": ""NUMBER""}, ""is_ambiguous"": true, ""ambiguity_reason"": ""Missing Critical Attributes: Motor spare without rating, frame or part number""}"
NMC-MN-MSC-0938,Motor Spare Store,MISC_UNCLASSIFIED,Miscellaneous / Unclassified Spares,Mining,NOS,1,CIL_MN,"{""models"": {""part_number"": ""NUMBER""}, ""is_ambiguous"": true, ""ambiguity_reason"": ""Missing Critical Attributes: Motor spare without rating, frame or part number""}"
NMC-OG-MSC-0939,Motor Spare,MISC_UNCLASSIFIED,Miscellaneous / Unclassified Spares,Oil & Gas,NOS,1,CPCL_OG,"{""models"": {""part_number"": ""NUMBER""}, ""is_ambiguous"": true, ""ambiguity_reason"": ""Missing Critical Attributes: Motor spare without rating, frame or part number""}"
NMC-HE-MSC-0940,Motor Spare Oem,MISC_UNCLASSIFIED,Miscellaneous / Unclassified Spares,Heavy Engineering,NOS,1,BHEL_HE,"{""models"": {""part_number"": ""NUMBER""}, ""is_ambiguous"": true, ""ambiguity_reason"": ""Missing Critical Attributes: Motor spare without rating, frame or part number""}"
NMC-HE-MSC-0941,Pt No 4471B Misc Spare,MISC_UNCLASSIFIED,Miscellaneous / Unclassified Spares,Heavy Engineering,NOS,1,BHEL_HE,"{""models"": {""part_number"": ""4471B""}, ""is_ambiguous"": true, ""ambiguity_reason"": ""Low Information: Lacks technical specifications or recognizable equipment type""}"
NMC-ST-MSC-0942,Pt No 4471B Misc Spare Rev-B,MISC_UNCLASSIFIED,Miscellaneous / Unclassified Spares,Steel,NOS,1,SAIL_ST,"{""models"": {""part_number"": ""4471B""}, ""is_ambiguous"": true, ""ambiguity_reason"": ""Low Information: Lacks technical specifications or recognizable equipment type""}"
NMC-PW-MSC-0943,Pt No 4471B Misc Spare,MISC_UNCLASSIFIED,Miscellaneous / Unclassified Spares,Power,NOS,1,NTPC_PW,"{""models"": {""part_number"": ""4471B""}, ""is_ambiguous"": true, ""ambiguity_reason"": ""Low Information: Lacks technical specifications or recognizable equipment type""}"
NMC-OG-MSC-0944,Motor Spare,MISC_UNCLASSIFIED,Miscellaneous / Unclassified Spares,Oil & Gas,NOS,1,CPCL_OG,"{""models"": {""part_number"": ""NUMBER""}, ""is_ambiguous"": true, ""ambiguity_reason"": ""Missing Critical Attributes: Motor spare without rating, frame or part number""}"
NMC-PW-MSC-0945,Pt No 4471B Misc Spare,MISC_UNCLASSIFIED,Miscellaneous / Unclassified Spares,Power,NOS,1,NTPC_PW,"{""models"": {""part_number"": ""4471B""}, ""is_ambiguous"": true, ""ambiguity_reason"": ""Low Information: Lacks technical specifications or recognizable equipment type""}"
NMC-HE-MSC-0946,Pt No 4471B Misc Spare Industrial,MISC_UNCLASSIFIED,Miscellaneous / Unclassified Spares,Heavy Engineering,NOS,1,BHEL_HE,"{""models"": {""part_number"": ""4471B""}, ""is_ambiguous"": true, ""ambiguity_reason"": ""Low Information: Lacks technical specifications or recognizable equipment type""}"
NMC-ST-MSC-0947,Motor Spare Industrial,MISC_UNCLASSIFIED,Miscellaneous / Unclassified Spares,Steel,NOS,1,SAIL_ST,"{""models"": {""part_number"": ""NUMBER""}, ""is_ambiguous"": true, ""ambiguity_reason"": ""Missing Critical Attributes: Motor spare without rating, frame or part number""}"
NMC-HE-MSC-0948,Pt No 4471B Misc Spare,MISC_UNCLASSIFIED,Miscellaneous / Unclassified Spares,Heavy Engineering,NOS,1,BHEL_HE,"{""models"": {""part_number"": ""4471B""}, ""is_ambiguous"": true, ""ambiguity_reason"": ""Low Information: Lacks technical specifications or recognizable equipment type""}"
NMC-PW-MSC-0949,Pt No 4471B Misc Spare Std,MISC_UNCLASSIFIED,Miscellaneous / Unclassified Spares,Power,NOS,1,NTPC_PW,"{""models"": {""part_number"": ""4471B""}, ""is_ambiguous"": true, ""ambiguity_reason"": ""Low Information: Lacks technical specifications or recognizable equipment type""}"
NMC-HE-MSC-0950,Pt No 4471B Misc Spare Maint,MISC_UNCLASSIFIED,Miscellaneous / Unclassified Spares,Heavy Engineering,NOS,1,BHEL_HE,"{""models"": {""part_number"": ""4471B""}, ""is_ambiguous"": true, ""ambiguity_reason"": ""Low Information: Lacks technical specifications or recognizable equipment type""}"
NMC-HE-MSC-0951,Motor Spare,MISC_UNCLASSIFIED,Miscellaneous / Unclassified Spares,Heavy Engineering,NOS,1,BHEL_HE,"{""models"": {""part_number"": ""NUMBER""}, ""is_ambiguous"": true, ""ambiguity_reason"": ""Missing Critical Attributes: Motor spare without rating, frame or part number""}"
NMC-ST-MSC-0952,Motor Spare,MISC_UNCLASSIFIED,Miscellaneous / Unclassified Spares,Steel,NOS,1,SAIL_ST,"{""models"": {""part_number"": ""NUMBER""}, ""is_ambiguous"": true, ""ambiguity_reason"": ""Missing Critical Attributes: Motor spare without rating, frame or part number""}"
NMC-MN-MSC-0953,Motor Spare,MISC_UNCLASSIFIED,Miscellaneous / Unclassified Spares,Mining,NOS,1,CIL_MN,"{""models"": {""part_number"": ""NUMBER""}, ""is_ambiguous"": true, ""ambiguity_reason"": ""Missing Critical Attributes: Motor spare without rating, frame or part number""}"
NMC-PW-MSC-0954,Motor Spare Rev-B,MISC_UNCLASSIFIED,Miscellaneous / Unclassified Spares,Power,NOS,1,NTPC_PW,"{""models"": {""part_number"": ""NUMBER""}, ""is_ambiguous"": true, ""ambiguity_reason"": ""Missing Critical Attributes: Motor spare without rating, frame or part number""}"
NMC-OG-MSC-0955,Motor Spare,MISC_UNCLASSIFIED,Miscellaneous / Unclassified Spares,Oil & Gas,NOS,1,CPCL_OG,"{""models"": {""part_number"": ""NUMBER""}, ""is_ambiguous"": true, ""ambiguity_reason"": ""Missing Critical Attributes: Motor spare without rating, frame or part number""}"
NMC-PW-MSC-0956,Pt No 4471B Misc Spare,MISC_UNCLASSIFIED,Miscellaneous / Unclassified Spares,Power,NOS,1,NTPC_PW,"{""models"": {""part_number"": ""4471B""}, ""is_ambiguous"": true, ""ambiguity_reason"": ""Low Information: Lacks technical specifications or recognizable equipment type""}"
NMC-HE-MSC-0957,Pt No 4471B Misc Spare Rev-B,MISC_UNCLASSIFIED,Miscellaneous / Unclassified Spares,Heavy Engineering,NOS,1,BHEL_HE,"{""models"": {""part_number"": ""4471B""}, ""is_ambiguous"": true, ""ambiguity_reason"": ""Low Information: Lacks technical specifications or recognizable equipment type""}"
NMC-PW-MSC-0958,Pt No 4471B Misc Spare,MISC_UNCLASSIFIED,Miscellaneous / Unclassified Spares,Power,NOS,1,NTPC_PW,"{""models"": {""part_number"": ""4471B""}, ""is_ambiguous"": true, ""ambiguity_reason"": ""Low Information: Lacks technical specifications or recognizable equipment type""}"
NMC-OG-MSC-0959,Pt No 4471B Misc Spare Oem,MISC_UNCLASSIFIED,Miscellaneous / Unclassified Spares,Oil & Gas,NOS,1,CPCL_OG,"{""models"": {""part_number"": ""4471B""}, ""is_ambiguous"": true, ""ambiguity_reason"": ""Low Information: Lacks technical specifications or recognizable equipment type""}"
NMC-OG-MSC-0960,Motor Spare,MISC_UNCLASSIFIED,Miscellaneous / Unclassified Spares,Oil & Gas,NOS,1,CPCL_OG,"{""models"": {""part_number"": ""NUMBER""}, ""is_ambiguous"": true, ""ambiguity_reason"": ""Missing Critical Attributes: Motor spare without rating, frame or part number""}"
NMC-MN-MSC-0961,Pt No 4471B Misc Spare Rev-B,MISC_UNCLASSIFIED,Miscellaneous / Unclassified Spares,Mining,NOS,1,CIL_MN,"{""models"": {""part_number"": ""4471B""}, ""is_ambiguous"": true, ""ambiguity_reason"": ""Low Information: Lacks technical specifications or recognizable equipment type""}"
NMC-MN-MSC-0962,Motor Spare,MISC_UNCLASSIFIED,Miscellaneous / Unclassified Spares,Mining,NOS,1,CIL_MN,"{""models"": {""part_number"": ""NUMBER""}, ""is_ambiguous"": true, ""ambiguity_reason"": ""Missing Critical Attributes: Motor spare without rating, frame or part number""}"
NMC-OG-MSC-0963,Motor Spare,MISC_UNCLASSIFIED,Miscellaneous / Unclassified Spares,Oil & Gas,NOS,1,CPCL_OG,"{""models"": {""part_number"": ""NUMBER""}, ""is_ambiguous"": true, ""ambiguity_reason"": ""Missing Critical Attributes: Motor spare without rating, frame or part number""}"
NMC-PW-MSC-0964,Pt No 4471B Misc Spare,MISC_UNCLASSIFIED,Miscellaneous / Unclassified Spares,Power,NOS,1,NTPC_PW,"{""models"": {""part_number"": ""4471B""}, ""is_ambiguous"": true, ""ambiguity_reason"": ""Low Information: Lacks technical specifications or recognizable equipment type""}"
NMC-PW-MSC-0965,Pt No 4471B Misc Spare,MISC_UNCLASSIFIED,Miscellaneous / Unclassified Spares,Power,NOS,1,NTPC_PW,"{""models"": {""part_number"": ""4471B""}, ""is_ambiguous"": true, ""ambiguity_reason"": ""Low Information: Lacks technical specifications or recognizable equipment type""}"
NMC-ST-MSC-0966,Motor Spare,MISC_UNCLASSIFIED,Miscellaneous / Unclassified Spares,Steel,NOS,1,SAIL_ST,"{""models"": {""part_number"": ""NUMBER""}, ""is_ambiguous"": true, ""ambiguity_reason"": ""Missing Critical Attributes: Motor spare without rating, frame or part number""}"
NMC-ST-MSC-0967,Motor Spare,MISC_UNCLASSIFIED,Miscellaneous / Unclassified Spares,Steel,NOS,1,SAIL_ST,"{""models"": {""part_number"": ""NUMBER""}, ""is_ambiguous"": true, ""ambiguity_reason"": ""Missing Critical Attributes: Motor spare without rating, frame or part number""}"
NMC-MN-MSC-0968,Motor Spare,MISC_UNCLASSIFIED,Miscellaneous / Unclassified Spares,Mining,NOS,1,CIL_MN,"{""models"": {""part_number"": ""NUMBER""}, ""is_ambiguous"": true, ""ambiguity_reason"": ""Missing Critical Attributes: Motor spare without rating, frame or part number""}"
NMC-PW-MSC-0969,Pt No 4471B Misc Spare,MISC_UNCLASSIFIED,Miscellaneous / Unclassified Spares,Power,NOS,1,NTPC_PW,"{""models"": {""part_number"": ""4471B""}, ""is_ambiguous"": true, ""ambiguity_reason"": ""Low Information: Lacks technical specifications or recognizable equipment type""}"
NMC-ST-MSC-0970,Pt No 4471B Misc Spare Maint,MISC_UNCLASSIFIED,Miscellaneous / Unclassified Spares,Steel,NOS,1,SAIL_ST,"{""models"": {""part_number"": ""4471B""}, ""is_ambiguous"": true, ""ambiguity_reason"": ""Low Information: Lacks technical specifications or recognizable equipment type""}"
NMC-OG-MSC-0971,Pt No 4471B Misc Spare,MISC_UNCLASSIFIED,Miscellaneous / Unclassified Spares,Oil & Gas,NOS,1,CPCL_OG,"{""models"": {""part_number"": ""4471B""}, ""is_ambiguous"": true, ""ambiguity_reason"": ""Low Information: Lacks technical specifications or recognizable equipment type""}"
NMC-MN-MSC-0972,Pt No 4471B Misc Spare,MISC_UNCLASSIFIED,Miscellaneous / Unclassified Spares,Mining,NOS,1,CIL_MN,"{""models"": {""part_number"": ""4471B""}, ""is_ambiguous"": true, ""ambiguity_reason"": ""Low Information: Lacks technical specifications or recognizable equipment type""}"
NMC-PW-MSC-0973,Pt No 4471B Misc Spare Industrial,MISC_UNCLASSIFIED,Miscellaneous / Unclassified Spares,Power,NOS,1,NTPC_PW,"{""models"": {""part_number"": ""4471B""}, ""is_ambiguous"": true, ""ambiguity_reason"": ""Low Information: Lacks technical specifications or recognizable equipment type""}"
NMC-HE-MSC-0974,Pt No 4471B Misc Spare Oem,MISC_UNCLASSIFIED,Miscellaneous / Unclassified Spares,Heavy Engineering,NOS,1,BHEL_HE,"{""models"": {""part_number"": ""4471B""}, ""is_ambiguous"": true, ""ambiguity_reason"": ""Low Information: Lacks technical specifications or recognizable equipment type""}"
NMC-HE-MSC-0975,Pt No 4471B Misc Spare,MISC_UNCLASSIFIED,Miscellaneous / Unclassified Spares,Heavy Engineering,NOS,1,BHEL_HE,"{""models"": {""part_number"": ""4471B""}, ""is_ambiguous"": true, ""ambiguity_reason"": ""Low Information: Lacks technical specifications or recognizable equipment type""}"
NMC-PW-MSC-0976,Pt No 4471B Misc Spare,MISC_UNCLASSIFIED,Miscellaneous / Unclassified Spares,Power,NOS,1,NTPC_PW,"{""models"": {""part_number"": ""4471B""}, ""is_ambiguous"": true, ""ambiguity_reason"": ""Low Information: Lacks technical specifications or recognizable equipment type""}"
NMC-ST-MSC-0977,Motor Spare,MISC_UNCLASSIFIED,Miscellaneous / Unclassified Spares,Steel,NOS,1,SAIL_ST,"{""models"": {""part_number"": ""NUMBER""}, ""is_ambiguous"": true, ""ambiguity_reason"": ""Missing Critical Attributes: Motor spare without rating, frame or part number""}"
NMC-MN-MSC-0978,Pt No 4471B Misc Spare,MISC_UNCLASSIFIED,Miscellaneous / Unclassified Spares,Mining,NOS,1,CIL_MN,"{""models"": {""part_number"": ""4471B""}, ""is_ambiguous"": true, ""ambiguity_reason"": ""Low Information: Lacks technical specifications or recognizable equipment type""}"
NMC-OG-MSC-0979,Motor Spare Rev-B,MISC_UNCLASSIFIED,Miscellaneous / Unclassified Spares,Oil & Gas,NOS,1,CPCL_OG,"{""models"": {""part_number"": ""NUMBER""}, ""is_ambiguous"": true, ""ambiguity_reason"": ""Missing Critical Attributes: Motor spare without rating, frame or part number""}"
NMC-OG-MSC-0980,Pt No 4471B Misc Spare,MISC_UNCLASSIFIED,Miscellaneous / Unclassified Spares,Oil & Gas,NOS,1,CPCL_OG,"{""models"": {""part_number"": ""4471B""}, ""is_ambiguous"": true, ""ambiguity_reason"": ""Low Information: Lacks technical specifications or recognizable equipment type""}"
NMC-OG-MSC-0981,Motor Spare,MISC_UNCLASSIFIED,Miscellaneous / Unclassified Spares,Oil & Gas,NOS,1,CPCL_OG,"{""models"": {""part_number"": ""NUMBER""}, ""is_ambiguous"": true, ""ambiguity_reason"": ""Missing Critical Attributes: Motor spare without rating, frame or part number""}"
NMC-PW-MSC-0982,Motor Spare General,MISC_UNCLASSIFIED,Miscellaneous / Unclassified Spares,Power,NOS,1,NTPC_PW,"{""models"": {""part_number"": ""NUMBER""}, ""is_ambiguous"": true, ""ambiguity_reason"": ""Missing Critical Attributes: Motor spare without rating, frame or part number""}"
NMC-ST-MSC-0983,Pt No 4471B Misc Spare General,MISC_UNCLASSIFIED,Miscellaneous / Unclassified Spares,Steel,NOS,1,SAIL_ST,"{""models"": {""part_number"": ""4471B""}, ""is_ambiguous"": true, ""ambiguity_reason"": ""Low Information: Lacks technical specifications or recognizable equipment type""}"
NMC-MN-MSC-0984,Motor Spare,MISC_UNCLASSIFIED,Miscellaneous / Unclassified Spares,Mining,NOS,1,CIL_MN,"{""models"": {""part_number"": ""NUMBER""}, ""is_ambiguous"": true, ""ambiguity_reason"": ""Missing Critical Attributes: Motor spare without rating, frame or part number""}"
NMC-HE-MSC-0985,Pt No 4471B Misc Spare,MISC_UNCLASSIFIED,Miscellaneous / Unclassified Spares,Heavy Engineering,NOS,1,BHEL_HE,"{""models"": {""part_number"": ""4471B""}, ""is_ambiguous"": true, ""ambiguity_reason"": ""Low Information: Lacks technical specifications or recognizable equipment type""}"
NMC-OG-MSC-0986,Pt No 4471B Misc Spare,MISC_UNCLASSIFIED,Miscellaneous / Unclassified Spares,Oil & Gas,NOS,1,CPCL_OG,"{""models"": {""part_number"": ""4471B""}, ""is_ambiguous"": true, ""ambiguity_reason"": ""Low Information: Lacks technical specifications or recognizable equipment type""}"
NMC-PW-MSC-0987,Motor Spare,MISC_UNCLASSIFIED,Miscellaneous / Unclassified Spares,Power,NOS,1,NTPC_PW,"{""models"": {""part_number"": ""NUMBER""}, ""is_ambiguous"": true, ""ambiguity_reason"": ""Missing Critical Attributes: Motor spare without rating, frame or part number""}"
NMC-ST-MSC-0988,Pt No 4471B Misc Spare,MISC_UNCLASSIFIED,Miscellaneous / Unclassified Spares,Steel,NOS,1,SAIL_ST,"{""models"": {""part_number"": ""4471B""}, ""is_ambiguous"": true, ""ambiguity_reason"": ""Low Information: Lacks technical specifications or recognizable equipment type""}"
NMC-ST-MSC-0989,Pt No 4471B Misc Spare,MISC_UNCLASSIFIED,Miscellaneous / Unclassified Spares,Steel,NOS,1,SAIL_ST,"{""models"": {""part_number"": ""4471B""}, ""is_ambiguous"": true, ""ambiguity_reason"": ""Low Information: Lacks technical specifications or recognizable equipment type""}"
NMC-OG-MSC-0990,Pt No 4471B Misc Spare Store,MISC_UNCLASSIFIED,Miscellaneous / Unclassified Spares,Oil & Gas,NOS,1,CPCL_OG,"{""models"": {""part_number"": ""4471B""}, ""is_ambiguous"": true, ""ambiguity_reason"": ""Low Information: Lacks technical specifications or recognizable equipment type""}"
NMC-HE-MSC-0991,Pt No 4471B Misc Spare,MISC_UNCLASSIFIED,Miscellaneous / Unclassified Spares,Heavy Engineering,NOS,1,BHEL_HE,"{""models"": {""part_number"": ""4471B""}, ""is_ambiguous"": true, ""ambiguity_reason"": ""Low Information: Lacks technical specifications or recognizable equipment type""}"
NMC-MN-MSC-0992,Pt No 4471B Misc Spare,MISC_UNCLASSIFIED,Miscellaneous / Unclassified Spares,Mining,NOS,1,CIL_MN,"{""models"": {""part_number"": ""4471B""}, ""is_ambiguous"": true, ""ambiguity_reason"": ""Low Information: Lacks technical specifications or recognizable equipment type""}"
NMC-HE-MSC-0993,Pt No 4471B Misc Spare,MISC_UNCLASSIFIED,Miscellaneous / Unclassified Spares,Heavy Engineering,NOS,1,BHEL_HE,"{""models"": {""part_number"": ""4471B""}, ""is_ambiguous"": true, ""ambiguity_reason"": ""Low Information: Lacks technical specifications or recognizable equipment type""}"
NMC-ST-MSC-0994,Motor Spare Oem,MISC_UNCLASSIFIED,Miscellaneous / Unclassified Spares,Steel,NOS,1,SAIL_ST,"{""models"": {""part_number"": ""NUMBER""}, ""is_ambiguous"": true, ""ambiguity_reason"": ""Missing Critical Attributes: Motor spare without rating, frame or part number""}"
NMC-MN-MSC-0995,Motor Spare,MISC_UNCLASSIFIED,Miscellaneous / Unclassified Spares,Mining,NOS,1,CIL_MN,"{""models"": {""part_number"": ""NUMBER""}, ""is_ambiguous"": true, ""ambiguity_reason"": ""Missing Critical Attributes: Motor spare without rating, frame or part number""}"
NMC-HE-MSC-0996,Motor Spare Store,MISC_UNCLASSIFIED,Miscellaneous / Unclassified Spares,Heavy Engineering,NOS,1,BHEL_HE,"{""models"": {""part_number"": ""NUMBER""}, ""is_ambiguous"": true, ""ambiguity_reason"": ""Missing Critical Attributes: Motor spare without rating, frame or part number""}"
NMC-OG-MSC-0997,Motor Spare,MISC_UNCLASSIFIED,Miscellaneous / Unclassified Spares,Oil & Gas,NOS,1,CPCL_OG,"{""models"": {""part_number"": ""NUMBER""}, ""is_ambiguous"": true, ""ambiguity_reason"": ""Missing Critical Attributes: Motor spare without rating, frame or part number""}"
NMC-PW-MSC-0998,Pt No 4471B Misc Spare Hd,MISC_UNCLASSIFIED,Miscellaneous / Unclassified Spares,Power,NOS,1,NTPC_PW,"{""models"": {""part_number"": ""4471B""}, ""is_ambiguous"": true, ""ambiguity_reason"": ""Low Information: Lacks technical specifications or recognizable equipment type""}"
NMC-OG-MSC-0999,Motor Spare,MISC_UNCLASSIFIED,Miscellaneous / Unclassified Spares,Oil & Gas,NOS,1,CPCL_OG,"{""models"": {""part_number"": ""NUMBER""}, ""is_ambiguous"": true, ""ambiguity_reason"": ""Missing Critical Attributes: Motor spare without rating, frame or part number""}"
NMC-HE-MSC-1000,Pt No 4471B Misc Spare Rev-A,MISC_UNCLASSIFIED,Miscellaneous / Unclassified Spares,Heavy Engineering,NOS,1,BHEL_HE,"{""models"": {""part_number"": ""4471B""}, ""is_ambiguous"": true, ""ambiguity_reason"": ""Low Information: Lacks technical specifications or recognizable equipment type""}"
NMC-OG-MSC-1001,Pt No 4471B Misc Spare,MISC_UNCLASSIFIED,Miscellaneous / Unclassified Spares,Oil & Gas,NOS,1,CPCL_OG,"{""models"": {""part_number"": ""4471B""}, ""is_ambiguous"": true, ""ambiguity_reason"": ""Low Information: Lacks technical specifications or recognizable equipment type""}"
NMC-PW-MSC-1002,Motor Spare Maint,MISC_UNCLASSIFIED,Miscellaneous / Unclassified Spares,Power,NOS,1,NTPC_PW,"{""models"": {""part_number"": ""NUMBER""}, ""is_ambiguous"": true, ""ambiguity_reason"": ""Missing Critical Attributes: Motor spare without rating, frame or part number""}"
NMC-OG-MSC-1003,Motor Spare Rev-B,MISC_UNCLASSIFIED,Miscellaneous / Unclassified Spares,Oil & Gas,NOS,1,CPCL_OG,"{""models"": {""part_number"": ""NUMBER""}, ""is_ambiguous"": true, ""ambiguity_reason"": ""Missing Critical Attributes: Motor spare without rating, frame or part number""}"
NMC-MN-MSC-1004,Pt No 4471B Misc Spare,MISC_UNCLASSIFIED,Miscellaneous / Unclassified Spares,Mining,NOS,1,CIL_MN,"{""models"": {""part_number"": ""4471B""}, ""is_ambiguous"": true, ""ambiguity_reason"": ""Low Information: Lacks technical specifications or recognizable equipment type""}"
NMC-OG-MSC-1005,Pt No 4471B Misc Spare Std,MISC_UNCLASSIFIED,Miscellaneous / Unclassified Spares,Oil & Gas,NOS,1,CPCL_OG,"{""models"": {""part_number"": ""4471B""}, ""is_ambiguous"": true, ""ambiguity_reason"": ""Low Information: Lacks technical specifications or recognizable equipment type""}"
NMC-PW-MSC-1006,Pt No 4471B Misc Spare Industrial,MISC_UNCLASSIFIED,Miscellaneous / Unclassified Spares,Power,NOS,1,NTPC_PW,"{""models"": {""part_number"": ""4471B""}, ""is_ambiguous"": true, ""ambiguity_reason"": ""Low Information: Lacks technical specifications or recognizable equipment type""}"
NMC-ST-MSC-1007,Motor Spare Oem,MISC_UNCLASSIFIED,Miscellaneous / Unclassified Spares,Steel,NOS,1,SAIL_ST,"{""models"": {""part_number"": ""NUMBER""}, ""is_ambiguous"": true, ""ambiguity_reason"": ""Missing Critical Attributes: Motor spare without rating, frame or part number""}"
NMC-PW-MSC-1008,Pt No 4471B Misc Spare Hd,MISC_UNCLASSIFIED,Miscellaneous / Unclassified Spares,Power,NOS,1,NTPC_PW,"{""models"": {""part_number"": ""4471B""}, ""is_ambiguous"": true, ""ambiguity_reason"": ""Low Information: Lacks technical specifications or recognizable equipment type""}"
NMC-ST-MSC-1009,Pt No 4471B Misc Spare,MISC_UNCLASSIFIED,Miscellaneous / Unclassified Spares,Steel,NOS,1,SAIL_ST,"{""models"": {""part_number"": ""4471B""}, ""is_ambiguous"": true, ""ambiguity_reason"": ""Low Information: Lacks technical specifications or recognizable equipment type""}"
NMC-ST-MSC-1010,Pt No 4471B Misc Spare,MISC_UNCLASSIFIED,Miscellaneous / Unclassified Spares,Steel,NOS,1,SAIL_ST,"{""models"": {""part_number"": ""4471B""}, ""is_ambiguous"": true, ""ambiguity_reason"": ""Low Information: Lacks technical specifications or recognizable equipment type""}"
NMC-OG-MSC-1011,Pt No 4471B Misc Spare Maint,MISC_UNCLASSIFIED,Miscellaneous / Unclassified Spares,Oil & Gas,NOS,1,CPCL_OG,"{""models"": {""part_number"": ""4471B""}, ""is_ambiguous"": true, ""ambiguity_reason"": ""Low Information: Lacks technical specifications or recognizable equipment type""}"
NMC-ST-MSC-1012,Motor Spare,MISC_UNCLASSIFIED,Miscellaneous / Unclassified Spares,Steel,NOS,1,SAIL_ST,"{""models"": {""part_number"": ""NUMBER""}, ""is_ambiguous"": true, ""ambiguity_reason"": ""Missing Critical Attributes: Motor spare without rating, frame or part number""}"
NMC-MN-MSC-1013,Pt No 4471B Misc Spare,MISC_UNCLASSIFIED,Miscellaneous / Unclassified Spares,Mining,NOS,1,CIL_MN,"{""models"": {""part_number"": ""4471B""}, ""is_ambiguous"": true, ""ambiguity_reason"": ""Low Information: Lacks technical specifications or recognizable equipment type""}"
NMC-MN-MSC-1014,Pt No 4471B Misc Spare,MISC_UNCLASSIFIED,Miscellaneous / Unclassified Spares,Mining,NOS,1,CIL_MN,"{""models"": {""part_number"": ""4471B""}, ""is_ambiguous"": true, ""ambiguity_reason"": ""Low Information: Lacks technical specifications or recognizable equipment type""}"
NMC-OG-MSC-1015,Pt No 4471B Misc Spare,MISC_UNCLASSIFIED,Miscellaneous / Unclassified Spares,Oil & Gas,NOS,1,CPCL_OG,"{""models"": {""part_number"": ""4471B""}, ""is_ambiguous"": true, ""ambiguity_reason"": ""Low Information: Lacks technical specifications or recognizable equipment type""}"
NMC-ST-MSC-1016,Pt No 4471B Misc Spare Plant,MISC_UNCLASSIFIED,Miscellaneous / Unclassified Spares,Steel,NOS,1,SAIL_ST,"{""models"": {""part_number"": ""4471B""}, ""is_ambiguous"": true, ""ambiguity_reason"": ""Low Information: Lacks technical specifications or recognizable equipment type""}"
NMC-OG-MSC-1017,Pt No 4471B Misc Spare,MISC_UNCLASSIFIED,Miscellaneous / Unclassified Spares,Oil & Gas,NOS,1,CPCL_OG,"{""models"": {""part_number"": ""4471B""}, ""is_ambiguous"": true, ""ambiguity_reason"": ""Low Information: Lacks technical specifications or recognizable equipment type""}"
NMC-MN-MSC-1018,Pt No 4471B Misc Spare Plant,MISC_UNCLASSIFIED,Miscellaneous / Unclassified Spares,Mining,NOS,1,CIL_MN,"{""models"": {""part_number"": ""4471B""}, ""is_ambiguous"": true, ""ambiguity_reason"": ""Low Information: Lacks technical specifications or recognizable equipment type""}"
NMC-ST-MSC-1019,Pt No 4471B Misc Spare,MISC_UNCLASSIFIED,Miscellaneous / Unclassified Spares,Steel,NOS,1,SAIL_ST,"{""models"": {""part_number"": ""4471B""}, ""is_ambiguous"": true, ""ambiguity_reason"": ""Low Information: Lacks technical specifications or recognizable equipment type""}"
NMC-OG-MSC-1020,Motor Spare,MISC_UNCLASSIFIED,Miscellaneous / Unclassified Spares,Oil & Gas,NOS,1,CPCL_OG,"{""models"": {""part_number"": ""NUMBER""}, ""is_ambiguous"": true, ""ambiguity_reason"": ""Missing Critical Attributes: Motor spare without rating, frame or part number""}"
NMC-HE-MSC-1021,Motor Spare Hd,MISC_UNCLASSIFIED,Miscellaneous / Unclassified Spares,Heavy Engineering,NOS,1,BHEL_HE,"{""models"": {""part_number"": ""NUMBER""}, ""is_ambiguous"": true, ""ambiguity_reason"": ""Missing Critical Attributes: Motor spare without rating, frame or part number""}"
NMC-OG-MSC-1022,Motor Spare Store,MISC_UNCLASSIFIED,Miscellaneous / Unclassified Spares,Oil & Gas,NOS,1,CPCL_OG,"{""models"": {""part_number"": ""NUMBER""}, ""is_ambiguous"": true, ""ambiguity_reason"": ""Missing Critical Attributes: Motor spare without rating, frame or part number""}"
NMC-MN-MSC-1023,Motor Spare,MISC_UNCLASSIFIED,Miscellaneous / Unclassified Spares,Mining,NOS,1,CIL_MN,"{""models"": {""part_number"": ""NUMBER""}, ""is_ambiguous"": true, ""ambiguity_reason"": ""Missing Critical Attributes: Motor spare without rating, frame or part number""}"
NMC-ST-MSC-1024,Motor Spare,MISC_UNCLASSIFIED,Miscellaneous / Unclassified Spares,Steel,NOS,1,SAIL_ST,"{""models"": {""part_number"": ""NUMBER""}, ""is_ambiguous"": true, ""ambiguity_reason"": ""Missing Critical Attributes: Motor spare without rating, frame or part number""}"
NMC-ST-MSC-1025,Pt No 4471B Misc Spare,MISC_UNCLASSIFIED,Miscellaneous / Unclassified Spares,Steel,NOS,1,SAIL_ST,"{""models"": {""part_number"": ""4471B""}, ""is_ambiguous"": true, ""ambiguity_reason"": ""Low Information: Lacks technical specifications or recognizable equipment type""}"
NMC-HE-MSC-1026,Pt No 4471B Misc Spare,MISC_UNCLASSIFIED,Miscellaneous / Unclassified Spares,Heavy Engineering,NOS,1,BHEL_HE,"{""models"": {""part_number"": ""4471B""}, ""is_ambiguous"": true, ""ambiguity_reason"": ""Low Information: Lacks technical specifications or recognizable equipment type""}"
NMC-MN-MSC-1027,Pt No 4471B Misc Spare Store,MISC_UNCLASSIFIED,Miscellaneous / Unclassified Spares,Mining,NOS,1,CIL_MN,"{""models"": {""part_number"": ""4471B""}, ""is_ambiguous"": true, ""ambiguity_reason"": ""Low Information: Lacks technical specifications or recognizable equipment type""}"
NMC-MN-MSC-1028,Motor Spare Hd,MISC_UNCLASSIFIED,Miscellaneous / Unclassified Spares,Mining,NOS,1,CIL_MN,"{""models"": {""part_number"": ""NUMBER""}, ""is_ambiguous"": true, ""ambiguity_reason"": ""Missing Critical Attributes: Motor spare without rating, frame or part number""}"
NMC-ST-MSC-1029,Motor Spare,MISC_UNCLASSIFIED,Miscellaneous / Unclassified Spares,Steel,NOS,1,SAIL_ST,"{""models"": {""part_number"": ""NUMBER""}, ""is_ambiguous"": true, ""ambiguity_reason"": ""Missing Critical Attributes: Motor spare without rating, frame or part number""}"
NMC-ST-MSC-1030,Motor Spare Oem,MISC_UNCLASSIFIED,Miscellaneous / Unclassified Spares,Steel,NOS,1,SAIL_ST,"{""models"": {""part_number"": ""NUMBER""}, ""is_ambiguous"": true, ""ambiguity_reason"": ""Missing Critical Attributes: Motor spare without rating, frame or part number""}"
NMC-PW-MSC-1031,Motor Spare Plant,MISC_UNCLASSIFIED,Miscellaneous / Unclassified Spares,Power,NOS,1,NTPC_PW,"{""models"": {""part_number"": ""NUMBER""}, ""is_ambiguous"": true, ""ambiguity_reason"": ""Missing Critical Attributes: Motor spare without rating, frame or part number""}"
NMC-PW-MSC-1032,Motor Spare Store,MISC_UNCLASSIFIED,Miscellaneous / Unclassified Spares,Power,NOS,1,NTPC_PW,"{""models"": {""part_number"": ""NUMBER""}, ""is_ambiguous"": true, ""ambiguity_reason"": ""Missing Critical Attributes: Motor spare without rating, frame or part number""}"
NMC-PW-MSC-1033,Motor Spare,MISC_UNCLASSIFIED,Miscellaneous / Unclassified Spares,Power,NOS,1,NTPC_PW,"{""models"": {""part_number"": ""NUMBER""}, ""is_ambiguous"": true, ""ambiguity_reason"": ""Missing Critical Attributes: Motor spare without rating, frame or part number""}"
NMC-PW-MSC-1034,Motor Spare,MISC_UNCLASSIFIED,Miscellaneous / Unclassified Spares,Power,NOS,1,NTPC_PW,"{""models"": {""part_number"": ""NUMBER""}, ""is_ambiguous"": true, ""ambiguity_reason"": ""Missing Critical Attributes: Motor spare without rating, frame or part number""}"
NMC-PW-MSC-1035,Motor Spare Std,MISC_UNCLASSIFIED,Miscellaneous / Unclassified Spares,Power,NOS,1,NTPC_PW,"{""models"": {""part_number"": ""NUMBER""}, ""is_ambiguous"": true, ""ambiguity_reason"": ""Missing Critical Attributes: Motor spare without rating, frame or part number""}"
NMC-PW-MSC-1036,Motor Spare Rev-A,MISC_UNCLASSIFIED,Miscellaneous / Unclassified Spares,Power,NOS,1,NTPC_PW,"{""models"": {""part_number"": ""NUMBER""}, ""is_ambiguous"": true, ""ambiguity_reason"": ""Missing Critical Attributes: Motor spare without rating, frame or part number""}"
NMC-HE-MSC-1037,Pt No 4471B Misc Spare,MISC_UNCLASSIFIED,Miscellaneous / Unclassified Spares,Heavy Engineering,NOS,1,BHEL_HE,"{""models"": {""part_number"": ""4471B""}, ""is_ambiguous"": true, ""ambiguity_reason"": ""Low Information: Lacks technical specifications or recognizable equipment type""}"
NMC-ST-MSC-1038,Pt No 4471B Misc Spare,MISC_UNCLASSIFIED,Miscellaneous / Unclassified Spares,Steel,NOS,1,SAIL_ST,"{""models"": {""part_number"": ""4471B""}, ""is_ambiguous"": true, ""ambiguity_reason"": ""Low Information: Lacks technical specifications or recognizable equipment type""}"
NMC-ST-MSC-1039,Motor Spare,MISC_UNCLASSIFIED,Miscellaneous / Unclassified Spares,Steel,NOS,1,SAIL_ST,"{""models"": {""part_number"": ""NUMBER""}, ""is_ambiguous"": true, ""ambiguity_reason"": ""Missing Critical Attributes: Motor spare without rating, frame or part number""}"
NMC-ST-MSC-1040,Motor Spare,MISC_UNCLASSIFIED,Miscellaneous / Unclassified Spares,Steel,NOS,1,SAIL_ST,"{""models"": {""part_number"": ""NUMBER""}, ""is_ambiguous"": true, ""ambiguity_reason"": ""Missing Critical Attributes: Motor spare without rating, frame or part number""}"
NMC-HE-MSC-1041,Motor Spare,MISC_UNCLASSIFIED,Miscellaneous / Unclassified Spares,Heavy Engineering,NOS,1,BHEL_HE,"{""models"": {""part_number"": ""NUMBER""}, ""is_ambiguous"": true, ""ambiguity_reason"": ""Missing Critical Attributes: Motor spare without rating, frame or part number""}"
NMC-ST-MSC-1042,Motor Spare Rev-B,MISC_UNCLASSIFIED,Miscellaneous / Unclassified Spares,Steel,NOS,1,SAIL_ST,"{""models"": {""part_number"": ""NUMBER""}, ""is_ambiguous"": true, ""ambiguity_reason"": ""Missing Critical Attributes: Motor spare without rating, frame or part number""}"
NMC-ST-MSC-1043,Pt No 4471B Misc Spare Oem,MISC_UNCLASSIFIED,Miscellaneous / Unclassified Spares,Steel,NOS,1,SAIL_ST,"{""models"": {""part_number"": ""4471B""}, ""is_ambiguous"": true, ""ambiguity_reason"": ""Low Information: Lacks technical specifications or recognizable equipment type""}"
NMC-PW-MSC-1044,Pt No 4471B Misc Spare Industrial,MISC_UNCLASSIFIED,Miscellaneous / Unclassified Spares,Power,NOS,1,NTPC_PW,"{""models"": {""part_number"": ""4471B""}, ""is_ambiguous"": true, ""ambiguity_reason"": ""Low Information: Lacks technical specifications or recognizable equipment type""}"
NMC-PW-MSC-1045,Pt No 4471B Misc Spare Oem,MISC_UNCLASSIFIED,Miscellaneous / Unclassified Spares,Power,NOS,1,NTPC_PW,"{""models"": {""part_number"": ""4471B""}, ""is_ambiguous"": true, ""ambiguity_reason"": ""Low Information: Lacks technical specifications or recognizable equipment type""}"
NMC-ST-MSC-1046,Pt No 4471B Misc Spare Industrial,MISC_UNCLASSIFIED,Miscellaneous / Unclassified Spares,Steel,NOS,1,SAIL_ST,"{""models"": {""part_number"": ""4471B""}, ""is_ambiguous"": true, ""ambiguity_reason"": ""Low Information: Lacks technical specifications or recognizable equipment type""}"
NMC-MN-MSC-1047,Motor Spare Rev-A,MISC_UNCLASSIFIED,Miscellaneous / Unclassified Spares,Mining,NOS,1,CIL_MN,"{""models"": {""part_number"": ""NUMBER""}, ""is_ambiguous"": true, ""ambiguity_reason"": ""Missing Critical Attributes: Motor spare without rating, frame or part number""}"
NMC-MN-MSC-1048,Motor Spare,MISC_UNCLASSIFIED,Miscellaneous / Unclassified Spares,Mining,NOS,1,CIL_MN,"{""models"": {""part_number"": ""NUMBER""}, ""is_ambiguous"": true, ""ambiguity_reason"": ""Missing Critical Attributes: Motor spare without rating, frame or part number""}"
NMC-ST-MSC-1049,Motor Spare Store,MISC_UNCLASSIFIED,Miscellaneous / Unclassified Spares,Steel,NOS,1,SAIL_ST,"{""models"": {""part_number"": ""NUMBER""}, ""is_ambiguous"": true, ""ambiguity_reason"": ""Missing Critical Attributes: Motor spare without rating, frame or part number""}"
NMC-MN-MSC-1050,Pt No 4471B Misc Spare,MISC_UNCLASSIFIED,Miscellaneous / Unclassified Spares,Mining,NOS,1,CIL_MN,"{""models"": {""part_number"": ""4471B""}, ""is_ambiguous"": true, ""ambiguity_reason"": ""Low Information: Lacks technical specifications or recognizable equipment type""}"
NMC-MN-DRL-0031,Hydraulic Rock Breaker 1.5T Plant,DRILLING_MINING,Drilling & Mining Tools,Mining,NOS,1,CIL_MN,{}
NMC-HE-MSC-1051,Motor Spare,MISC_UNCLASSIFIED,Miscellaneous / Unclassified Spares,Heavy Engineering,NOS,1,BHEL_HE,"{""models"": {""part_number"": ""NUMBER""}, ""is_ambiguous"": true, ""ambiguity_reason"": ""Missing Critical Attributes: Motor spare without rating, frame or part number""}"
NMC-OG-MSC-1052,Pt No 4471B Misc Spare,MISC_UNCLASSIFIED,Miscellaneous / Unclassified Spares,Oil & Gas,NOS,1,CPCL_OG,"{""models"": {""part_number"": ""4471B""}, ""is_ambiguous"": true, ""ambiguity_reason"": ""Low Information: Lacks technical specifications or recognizable equipment type""}"
NMC-HE-MSC-1053,Motor Spare,MISC_UNCLASSIFIED,Miscellaneous / Unclassified Spares,Heavy Engineering,NOS,1,BHEL_HE,"{""models"": {""part_number"": ""NUMBER""}, ""is_ambiguous"": true, ""ambiguity_reason"": ""Missing Critical Attributes: Motor spare without rating, frame or part number""}"
NMC-PW-MSC-1054,Motor Spare,MISC_UNCLASSIFIED,Miscellaneous / Unclassified Spares,Power,NOS,1,NTPC_PW,"{""models"": {""part_number"": ""NUMBER""}, ""is_ambiguous"": true, ""ambiguity_reason"": ""Missing Critical Attributes: Motor spare without rating, frame or part number""}"
NMC-HE-MSC-1055,Pt No 4471B Misc Spare General,MISC_UNCLASSIFIED,Miscellaneous / Unclassified Spares,Heavy Engineering,NOS,1,BHEL_HE,"{""models"": {""part_number"": ""4471B""}, ""is_ambiguous"": true, ""ambiguity_reason"": ""Low Information: Lacks technical specifications or recognizable equipment type""}"
NMC-OG-MSC-1056,Pt No 4471B Misc Spare,MISC_UNCLASSIFIED,Miscellaneous / Unclassified Spares,Oil & Gas,NOS,1,CPCL_OG,"{""models"": {""part_number"": ""4471B""}, ""is_ambiguous"": true, ""ambiguity_reason"": ""Low Information: Lacks technical specifications or recognizable equipment type""}"
NMC-HE-MSC-1057,Motor Spare,MISC_UNCLASSIFIED,Miscellaneous / Unclassified Spares,Heavy Engineering,NOS,1,BHEL_HE,"{""models"": {""part_number"": ""NUMBER""}, ""is_ambiguous"": true, ""ambiguity_reason"": ""Missing Critical Attributes: Motor spare without rating, frame or part number""}"
NMC-OG-MSC-1058,Motor Spare Industrial,MISC_UNCLASSIFIED,Miscellaneous / Unclassified Spares,Oil & Gas,NOS,1,CPCL_OG,"{""models"": {""part_number"": ""NUMBER""}, ""is_ambiguous"": true, ""ambiguity_reason"": ""Missing Critical Attributes: Motor spare without rating, frame or part number""}"
NMC-MN-MSC-1059,Pt No 4471B Misc Spare Rev-B,MISC_UNCLASSIFIED,Miscellaneous / Unclassified Spares,Mining,NOS,1,CIL_MN,"{""models"": {""part_number"": ""4471B""}, ""is_ambiguous"": true, ""ambiguity_reason"": ""Low Information: Lacks technical specifications or recognizable equipment type""}"
NMC-MN-MSC-1060,Pt No 4471B Misc Spare,MISC_UNCLASSIFIED,Miscellaneous / Unclassified Spares,Mining,NOS,1,CIL_MN,"{""models"": {""part_number"": ""4471B""}, ""is_ambiguous"": true, ""ambiguity_reason"": ""Low Information: Lacks technical specifications or recognizable equipment type""}"
NMC-MN-MSC-1061,Motor Spare,MISC_UNCLASSIFIED,Miscellaneous / Unclassified Spares,Mining,NOS,1,CIL_MN,"{""models"": {""part_number"": ""NUMBER""}, ""is_ambiguous"": true, ""ambiguity_reason"": ""Missing Critical Attributes: Motor spare without rating, frame or part number""}"
NMC-HE-MSC-1062,Motor Spare Store,MISC_UNCLASSIFIED,Miscellaneous / Unclassified Spares,Heavy Engineering,NOS,1,BHEL_HE,"{""models"": {""part_number"": ""NUMBER""}, ""is_ambiguous"": true, ""ambiguity_reason"": ""Missing Critical Attributes: Motor spare without rating, frame or part number""}"
NMC-HE-MSC-1063,Pt No 4471B Misc Spare Std,MISC_UNCLASSIFIED,Miscellaneous / Unclassified Spares,Heavy Engineering,NOS,1,BHEL_HE,"{""models"": {""part_number"": ""4471B""}, ""is_ambiguous"": true, ""ambiguity_reason"": ""Low Information: Lacks technical specifications or recognizable equipment type""}"
NMC-HE-MSC-1064,Pt No 4471B Misc Spare Industrial,MISC_UNCLASSIFIED,Miscellaneous / Unclassified Spares,Heavy Engineering,NOS,1,BHEL_HE,"{""models"": {""part_number"": ""4471B""}, ""is_ambiguous"": true, ""ambiguity_reason"": ""Low Information: Lacks technical specifications or recognizable equipment type""}"
NMC-MN-MSC-1065,Motor Spare,MISC_UNCLASSIFIED,Miscellaneous / Unclassified Spares,Mining,NOS,1,CIL_MN,"{""models"": {""part_number"": ""NUMBER""}, ""is_ambiguous"": true, ""ambiguity_reason"": ""Missing Critical Attributes: Motor spare without rating, frame or part number""}"
NMC-OG-MSC-1066,Motor Spare Rev-B,MISC_UNCLASSIFIED,Miscellaneous / Unclassified Spares,Oil & Gas,NOS,1,CPCL_OG,"{""models"": {""part_number"": ""NUMBER""}, ""is_ambiguous"": true, ""ambiguity_reason"": ""Missing Critical Attributes: Motor spare without rating, frame or part number""}"
NMC-ST-MSC-1067,Motor Spare Std,MISC_UNCLASSIFIED,Miscellaneous / Unclassified Spares,Steel,NOS,1,SAIL_ST,"{""models"": {""part_number"": ""NUMBER""}, ""is_ambiguous"": true, ""ambiguity_reason"": ""Missing Critical Attributes: Motor spare without rating, frame or part number""}"
NMC-MN-MSC-1068,Pt No 4471B Misc Spare Rev-A,MISC_UNCLASSIFIED,Miscellaneous / Unclassified Spares,Mining,NOS,1,CIL_MN,"{""models"": {""part_number"": ""4471B""}, ""is_ambiguous"": true, ""ambiguity_reason"": ""Low Information: Lacks technical specifications or recognizable equipment type""}"
NMC-PW-MSC-1069,Motor Spare Std,MISC_UNCLASSIFIED,Miscellaneous / Unclassified Spares,Power,NOS,1,NTPC_PW,"{""models"": {""part_number"": ""NUMBER""}, ""is_ambiguous"": true, ""ambiguity_reason"": ""Missing Critical Attributes: Motor spare without rating, frame or part number""}"
NMC-MN-MSC-1070,Motor Spare Maint,MISC_UNCLASSIFIED,Miscellaneous / Unclassified Spares,Mining,NOS,1,CIL_MN,"{""models"": {""part_number"": ""NUMBER""}, ""is_ambiguous"": true, ""ambiguity_reason"": ""Missing Critical Attributes: Motor spare without rating, frame or part number""}"
NMC-HE-MSC-1071,Motor Spare,MISC_UNCLASSIFIED,Miscellaneous / Unclassified Spares,Heavy Engineering,NOS,1,BHEL_HE,"{""models"": {""part_number"": ""NUMBER""}, ""is_ambiguous"": true, ""ambiguity_reason"": ""Missing Critical Attributes: Motor spare without rating, frame or part number""}"
NMC-HE-MSC-1072,Motor Spare,MISC_UNCLASSIFIED,Miscellaneous / Unclassified Spares,Heavy Engineering,NOS,1,BHEL_HE,"{""models"": {""part_number"": ""NUMBER""}, ""is_ambiguous"": true, ""ambiguity_reason"": ""Missing Critical Attributes: Motor spare without rating, frame or part number""}"
NMC-ST-MSC-1073,Pt No 4471B Misc Spare Oem,MISC_UNCLASSIFIED,Miscellaneous / Unclassified Spares,Steel,NOS,1,SAIL_ST,"{""models"": {""part_number"": ""4471B""}, ""is_ambiguous"": true, ""ambiguity_reason"": ""Low Information: Lacks technical specifications or recognizable equipment type""}"
NMC-HE-MSC-1074,Pt No 4471B Misc Spare,MISC_UNCLASSIFIED,Miscellaneous / Unclassified Spares,Heavy Engineering,NOS,1,BHEL_HE,"{""models"": {""part_number"": ""4471B""}, ""is_ambiguous"": true, ""ambiguity_reason"": ""Low Information: Lacks technical specifications or recognizable equipment type""}"
NMC-HE-MSC-1075,Motor Spare Industrial,MISC_UNCLASSIFIED,Miscellaneous / Unclassified Spares,Heavy Engineering,NOS,1,BHEL_HE,"{""models"": {""part_number"": ""NUMBER""}, ""is_ambiguous"": true, ""ambiguity_reason"": ""Missing Critical Attributes: Motor spare without rating, frame or part number""}"
NMC-PW-MSC-1076,Pt No 4471B Misc Spare,MISC_UNCLASSIFIED,Miscellaneous / Unclassified Spares,Power,NOS,1,NTPC_PW,"{""models"": {""part_number"": ""4471B""}, ""is_ambiguous"": true, ""ambiguity_reason"": ""Low Information: Lacks technical specifications or recognizable equipment type""}"
NMC-PW-MSC-1077,Pt No 4471B Misc Spare,MISC_UNCLASSIFIED,Miscellaneous / Unclassified Spares,Power,NOS,1,NTPC_PW,"{""models"": {""part_number"": ""4471B""}, ""is_ambiguous"": true, ""ambiguity_reason"": ""Low Information: Lacks technical specifications or recognizable equipment type""}"
NMC-PW-MSC-1078,Pt No 4471B Misc Spare Industrial,MISC_UNCLASSIFIED,Miscellaneous / Unclassified Spares,Power,NOS,1,NTPC_PW,"{""models"": {""part_number"": ""4471B""}, ""is_ambiguous"": true, ""ambiguity_reason"": ""Low Information: Lacks technical specifications or recognizable equipment type""}"
NMC-MN-MSC-1079,Motor Spare,MISC_UNCLASSIFIED,Miscellaneous / Unclassified Spares,Mining,NOS,1,CIL_MN,"{""models"": {""part_number"": ""NUMBER""}, ""is_ambiguous"": true, ""ambiguity_reason"": ""Missing Critical Attributes: Motor spare without rating, frame or part number""}"
NMC-MN-MSC-1080,Motor Spare,MISC_UNCLASSIFIED,Miscellaneous / Unclassified Spares,Mining,NOS,1,CIL_MN,"{""models"": {""part_number"": ""NUMBER""}, ""is_ambiguous"": true, ""ambiguity_reason"": ""Missing Critical Attributes: Motor spare without rating, frame or part number""}"
NMC-HE-MSC-1081,Pt No 4471B Misc Spare,MISC_UNCLASSIFIED,Miscellaneous / Unclassified Spares,Heavy Engineering,NOS,1,BHEL_HE,"{""models"": {""part_number"": ""4471B""}, ""is_ambiguous"": true, ""ambiguity_reason"": ""Low Information: Lacks technical specifications or recognizable equipment type""}"
NMC-MN-MSC-1082,Pt No 4471B Misc Spare,MISC_UNCLASSIFIED,Miscellaneous / Unclassified Spares,Mining,NOS,1,CIL_MN,"{""models"": {""part_number"": ""4471B""}, ""is_ambiguous"": true, ""ambiguity_reason"": ""Low Information: Lacks technical specifications or recognizable equipment type""}"
NMC-HE-MSC-1083,Motor Spare Rev-A,MISC_UNCLASSIFIED,Miscellaneous / Unclassified Spares,Heavy Engineering,NOS,1,BHEL_HE,"{""models"": {""part_number"": ""NUMBER""}, ""is_ambiguous"": true, ""ambiguity_reason"": ""Missing Critical Attributes: Motor spare without rating, frame or part number""}"
NMC-PW-MSC-1084,Pt No 4471B Misc Spare Oem,MISC_UNCLASSIFIED,Miscellaneous / Unclassified Spares,Power,NOS,1,NTPC_PW,"{""models"": {""part_number"": ""4471B""}, ""is_ambiguous"": true, ""ambiguity_reason"": ""Low Information: Lacks technical specifications or recognizable equipment type""}"
NMC-OG-MSC-1085,Pt No 4471B Misc Spare Rev-B,MISC_UNCLASSIFIED,Miscellaneous / Unclassified Spares,Oil & Gas,NOS,1,CPCL_OG,"{""models"": {""part_number"": ""4471B""}, ""is_ambiguous"": true, ""ambiguity_reason"": ""Low Information: Lacks technical specifications or recognizable equipment type""}"
NMC-PW-MSC-1086,Motor Spare Plant,MISC_UNCLASSIFIED,Miscellaneous / Unclassified Spares,Power,NOS,1,NTPC_PW,"{""models"": {""part_number"": ""NUMBER""}, ""is_ambiguous"": true, ""ambiguity_reason"": ""Missing Critical Attributes: Motor spare without rating, frame or part number""}"
NMC-HE-MSC-1087,Pt No 4471B Misc Spare,MISC_UNCLASSIFIED,Miscellaneous / Unclassified Spares,Heavy Engineering,NOS,1,BHEL_HE,"{""models"": {""part_number"": ""4471B""}, ""is_ambiguous"": true, ""ambiguity_reason"": ""Low Information: Lacks technical specifications or recognizable equipment type""}"
NMC-PW-MSC-1088,Motor Spare Maint,MISC_UNCLASSIFIED,Miscellaneous / Unclassified Spares,Power,NOS,1,NTPC_PW,"{""models"": {""part_number"": ""NUMBER""}, ""is_ambiguous"": true, ""ambiguity_reason"": ""Missing Critical Attributes: Motor spare without rating, frame or part number""}"
NMC-MN-MSC-1089,Motor Spare Std,MISC_UNCLASSIFIED,Miscellaneous / Unclassified Spares,Mining,NOS,1,CIL_MN,"{""models"": {""part_number"": ""NUMBER""}, ""is_ambiguous"": true, ""ambiguity_reason"": ""Missing Critical Attributes: Motor spare without rating, frame or part number""}"
NMC-MN-MSC-1090,Motor Spare Rev-A,MISC_UNCLASSIFIED,Miscellaneous / Unclassified Spares,Mining,NOS,1,CIL_MN,"{""models"": {""part_number"": ""NUMBER""}, ""is_ambiguous"": true, ""ambiguity_reason"": ""Missing Critical Attributes: Motor spare without rating, frame or part number""}"
NMC-OG-MSC-1091,Pt No 4471B Misc Spare,MISC_UNCLASSIFIED,Miscellaneous / Unclassified Spares,Oil & Gas,NOS,1,CPCL_OG,"{""models"": {""part_number"": ""4471B""}, ""is_ambiguous"": true, ""ambiguity_reason"": ""Low Information: Lacks technical specifications or recognizable equipment type""}"
NMC-MN-MSC-1092,Motor Spare Oem,MISC_UNCLASSIFIED,Miscellaneous / Unclassified Spares,Mining,NOS,1,CIL_MN,"{""models"": {""part_number"": ""NUMBER""}, ""is_ambiguous"": true, ""ambiguity_reason"": ""Missing Critical Attributes: Motor spare without rating, frame or part number""}"
NMC-HE-MSC-1093,Motor Spare,MISC_UNCLASSIFIED,Miscellaneous / Unclassified Spares,Heavy Engineering,NOS,1,BHEL_HE,"{""models"": {""part_number"": ""NUMBER""}, ""is_ambiguous"": true, ""ambiguity_reason"": ""Missing Critical Attributes: Motor spare without rating, frame or part number""}"
NMC-ST-MSC-1094,Pt No 4471B Misc Spare,MISC_UNCLASSIFIED,Miscellaneous / Unclassified Spares,Steel,NOS,1,SAIL_ST,"{""models"": {""part_number"": ""4471B""}, ""is_ambiguous"": true, ""ambiguity_reason"": ""Low Information: Lacks technical specifications or recognizable equipment type""}"
NMC-OG-MSC-1095,Motor Spare,MISC_UNCLASSIFIED,Miscellaneous / Unclassified Spares,Oil & Gas,NOS,1,CPCL_OG,"{""models"": {""part_number"": ""NUMBER""}, ""is_ambiguous"": true, ""ambiguity_reason"": ""Missing Critical Attributes: Motor spare without rating, frame or part number""}"
NMC-ST-MSC-1096,Pt No 4471B Misc Spare Rev-B,MISC_UNCLASSIFIED,Miscellaneous / Unclassified Spares,Steel,NOS,1,SAIL_ST,"{""models"": {""part_number"": ""4471B""}, ""is_ambiguous"": true, ""ambiguity_reason"": ""Low Information: Lacks technical specifications or recognizable equipment type""}"
NMC-PW-MSC-1097,Motor Spare Industrial,MISC_UNCLASSIFIED,Miscellaneous / Unclassified Spares,Power,NOS,1,NTPC_PW,"{""models"": {""part_number"": ""NUMBER""}, ""is_ambiguous"": true, ""ambiguity_reason"": ""Missing Critical Attributes: Motor spare without rating, frame or part number""}"
NMC-ST-MSC-1098,Motor Spare,MISC_UNCLASSIFIED,Miscellaneous / Unclassified Spares,Steel,NOS,1,SAIL_ST,"{""models"": {""part_number"": ""NUMBER""}, ""is_ambiguous"": true, ""ambiguity_reason"": ""Missing Critical Attributes: Motor spare without rating, frame or part number""}"
NMC-MN-MSC-1099,Motor Spare,MISC_UNCLASSIFIED,Miscellaneous / Unclassified Spares,Mining,NOS,1,CIL_MN,"{""models"": {""part_number"": ""NUMBER""}, ""is_ambiguous"": true, ""ambiguity_reason"": ""Missing Critical Attributes: Motor spare without rating, frame or part number""}"
NMC-OG-MSC-1100,Pt No 4471B Misc Spare Rev-B,MISC_UNCLASSIFIED,Miscellaneous / Unclassified Spares,Oil & Gas,NOS,1,CPCL_OG,"{""models"": {""part_number"": ""4471B""}, ""is_ambiguous"": true, ""ambiguity_reason"": ""Low Information: Lacks technical specifications or recognizable equipment type""}"
NMC-PW-MSC-1101,Motor Spare Hd,MISC_UNCLASSIFIED,Miscellaneous / Unclassified Spares,Power,NOS,1,NTPC_PW,"{""models"": {""part_number"": ""NUMBER""}, ""is_ambiguous"": true, ""ambiguity_reason"": ""Missing Critical Attributes: Motor spare without rating, frame or part number""}"
NMC-HE-MSC-1102,Motor Spare Oem,MISC_UNCLASSIFIED,Miscellaneous / Unclassified Spares,Heavy Engineering,NOS,1,BHEL_HE,"{""models"": {""part_number"": ""NUMBER""}, ""is_ambiguous"": true, ""ambiguity_reason"": ""Missing Critical Attributes: Motor spare without rating, frame or part number""}"
NMC-ST-MSC-1103,Motor Spare,MISC_UNCLASSIFIED,Miscellaneous / Unclassified Spares,Steel,NOS,1,SAIL_ST,"{""models"": {""part_number"": ""NUMBER""}, ""is_ambiguous"": true, ""ambiguity_reason"": ""Missing Critical Attributes: Motor spare without rating, frame or part number""}"
NMC-OG-MSC-1104,Pt No 4471B Misc Spare Rev-B,MISC_UNCLASSIFIED,Miscellaneous / Unclassified Spares,Oil & Gas,NOS,1,CPCL_OG,"{""models"": {""part_number"": ""4471B""}, ""is_ambiguous"": true, ""ambiguity_reason"": ""Low Information: Lacks technical specifications or recognizable equipment type""}"
NMC-OG-MSC-1105,Motor Spare,MISC_UNCLASSIFIED,Miscellaneous / Unclassified Spares,Oil & Gas,NOS,1,CPCL_OG,"{""models"": {""part_number"": ""NUMBER""}, ""is_ambiguous"": true, ""ambiguity_reason"": ""Missing Critical Attributes: Motor spare without rating, frame or part number""}"
NMC-ST-MSC-1106,Motor Spare,MISC_UNCLASSIFIED,Miscellaneous / Unclassified Spares,Steel,NOS,1,SAIL_ST,"{""models"": {""part_number"": ""NUMBER""}, ""is_ambiguous"": true, ""ambiguity_reason"": ""Missing Critical Attributes: Motor spare without rating, frame or part number""}"
NMC-MN-MSC-1107,Motor Spare Maint,MISC_UNCLASSIFIED,Miscellaneous / Unclassified Spares,Mining,NOS,1,CIL_MN,"{""models"": {""part_number"": ""NUMBER""}, ""is_ambiguous"": true, ""ambiguity_reason"": ""Missing Critical Attributes: Motor spare without rating, frame or part number""}"
NMC-HE-MSC-1108,Motor Spare General,MISC_UNCLASSIFIED,Miscellaneous / Unclassified Spares,Heavy Engineering,NOS,1,BHEL_HE,"{""models"": {""part_number"": ""NUMBER""}, ""is_ambiguous"": true, ""ambiguity_reason"": ""Missing Critical Attributes: Motor spare without rating, frame or part number""}"
NMC-ST-MSC-1109,Pt No 4471B Misc Spare General,MISC_UNCLASSIFIED,Miscellaneous / Unclassified Spares,Steel,NOS,1,SAIL_ST,"{""models"": {""part_number"": ""4471B""}, ""is_ambiguous"": true, ""ambiguity_reason"": ""Low Information: Lacks technical specifications or recognizable equipment type""}"
NMC-ST-MSC-1110,Motor Spare,MISC_UNCLASSIFIED,Miscellaneous / Unclassified Spares,Steel,NOS,1,SAIL_ST,"{""models"": {""part_number"": ""NUMBER""}, ""is_ambiguous"": true, ""ambiguity_reason"": ""Missing Critical Attributes: Motor spare without rating, frame or part number""}"
NMC-MN-MSC-1111,Motor Spare,MISC_UNCLASSIFIED,Miscellaneous / Unclassified Spares,Mining,NOS,1,CIL_MN,"{""models"": {""part_number"": ""NUMBER""}, ""is_ambiguous"": true, ""ambiguity_reason"": ""Missing Critical Attributes: Motor spare without rating, frame or part number""}"
NMC-PW-MSC-1112,Motor Spare Std,MISC_UNCLASSIFIED,Miscellaneous / Unclassified Spares,Power,NOS,1,NTPC_PW,"{""models"": {""part_number"": ""NUMBER""}, ""is_ambiguous"": true, ""ambiguity_reason"": ""Missing Critical Attributes: Motor spare without rating, frame or part number""}"
NMC-HE-MSC-1113,Pt No 4471B Misc Spare Store,MISC_UNCLASSIFIED,Miscellaneous / Unclassified Spares,Heavy Engineering,NOS,1,BHEL_HE,"{""models"": {""part_number"": ""4471B""}, ""is_ambiguous"": true, ""ambiguity_reason"": ""Low Information: Lacks technical specifications or recognizable equipment type""}"
NMC-MN-MSC-1114,Motor Spare,MISC_UNCLASSIFIED,Miscellaneous / Unclassified Spares,Mining,NOS,1,CIL_MN,"{""models"": {""part_number"": ""NUMBER""}, ""is_ambiguous"": true, ""ambiguity_reason"": ""Missing Critical Attributes: Motor spare without rating, frame or part number""}"
NMC-MN-MSC-1115,Motor Spare Industrial,MISC_UNCLASSIFIED,Miscellaneous / Unclassified Spares,Mining,NOS,1,CIL_MN,"{""models"": {""part_number"": ""NUMBER""}, ""is_ambiguous"": true, ""ambiguity_reason"": ""Missing Critical Attributes: Motor spare without rating, frame or part number""}"
NMC-OG-MSC-1116,Pt No 4471B Misc Spare,MISC_UNCLASSIFIED,Miscellaneous / Unclassified Spares,Oil & Gas,NOS,1,CPCL_OG,"{""models"": {""part_number"": ""4471B""}, ""is_ambiguous"": true, ""ambiguity_reason"": ""Low Information: Lacks technical specifications or recognizable equipment type""}"
NMC-MN-MSC-1117,Pt No 4471B Misc Spare,MISC_UNCLASSIFIED,Miscellaneous / Unclassified Spares,Mining,NOS,1,CIL_MN,"{""models"": {""part_number"": ""4471B""}, ""is_ambiguous"": true, ""ambiguity_reason"": ""Low Information: Lacks technical specifications or recognizable equipment type""}"
NMC-ST-MSC-1118,Pt No 4471B Misc Spare Rev-B,MISC_UNCLASSIFIED,Miscellaneous / Unclassified Spares,Steel,NOS,1,SAIL_ST,"{""models"": {""part_number"": ""4471B""}, ""is_ambiguous"": true, ""ambiguity_reason"": ""Low Information: Lacks technical specifications or recognizable equipment type""}"
NMC-ST-MSC-1119,Pt No 4471B Misc Spare,MISC_UNCLASSIFIED,Miscellaneous / Unclassified Spares,Steel,NOS,1,SAIL_ST,"{""models"": {""part_number"": ""4471B""}, ""is_ambiguous"": true, ""ambiguity_reason"": ""Low Information: Lacks technical specifications or recognizable equipment type""}"
NMC-OG-MSC-1120,Pt No 4471B Misc Spare Store,MISC_UNCLASSIFIED,Miscellaneous / Unclassified Spares,Oil & Gas,NOS,1,CPCL_OG,"{""models"": {""part_number"": ""4471B""}, ""is_ambiguous"": true, ""ambiguity_reason"": ""Low Information: Lacks technical specifications or recognizable equipment type""}"
NMC-MN-MSC-1121,Pt No 4471B Misc Spare,MISC_UNCLASSIFIED,Miscellaneous / Unclassified Spares,Mining,NOS,1,CIL_MN,"{""models"": {""part_number"": ""4471B""}, ""is_ambiguous"": true, ""ambiguity_reason"": ""Low Information: Lacks technical specifications or recognizable equipment type""}"
NMC-PW-MSC-1122,Motor Spare,MISC_UNCLASSIFIED,Miscellaneous / Unclassified Spares,Power,NOS,1,NTPC_PW,"{""models"": {""part_number"": ""NUMBER""}, ""is_ambiguous"": true, ""ambiguity_reason"": ""Missing Critical Attributes: Motor spare without rating, frame or part number""}"
NMC-OG-MSC-1123,Motor Spare Rev-A,MISC_UNCLASSIFIED,Miscellaneous / Unclassified Spares,Oil & Gas,NOS,1,CPCL_OG,"{""models"": {""part_number"": ""NUMBER""}, ""is_ambiguous"": true, ""ambiguity_reason"": ""Missing Critical Attributes: Motor spare without rating, frame or part number""}"
NMC-ST-MSC-1124,Pt No 4471B Misc Spare Plant,MISC_UNCLASSIFIED,Miscellaneous / Unclassified Spares,Steel,NOS,1,SAIL_ST,"{""models"": {""part_number"": ""4471B""}, ""is_ambiguous"": true, ""ambiguity_reason"": ""Low Information: Lacks technical specifications or recognizable equipment type""}"
NMC-OG-MSC-1125,Pt No 4471B Misc Spare,MISC_UNCLASSIFIED,Miscellaneous / Unclassified Spares,Oil & Gas,NOS,1,CPCL_OG,"{""models"": {""part_number"": ""4471B""}, ""is_ambiguous"": true, ""ambiguity_reason"": ""Low Information: Lacks technical specifications or recognizable equipment type""}"
NMC-PW-MSC-1126,Pt No 4471B Misc Spare,MISC_UNCLASSIFIED,Miscellaneous / Unclassified Spares,Power,NOS,1,NTPC_PW,"{""models"": {""part_number"": ""4471B""}, ""is_ambiguous"": true, ""ambiguity_reason"": ""Low Information: Lacks technical specifications or recognizable equipment type""}"
NMC-OG-MSC-1127,Motor Spare Store,MISC_UNCLASSIFIED,Miscellaneous / Unclassified Spares,Oil & Gas,NOS,1,CPCL_OG,"{""models"": {""part_number"": ""NUMBER""}, ""is_ambiguous"": true, ""ambiguity_reason"": ""Missing Critical Attributes: Motor spare without rating, frame or part number""}"
NMC-PW-MSC-1128,Pt No 4471B Misc Spare,MISC_UNCLASSIFIED,Miscellaneous / Unclassified Spares,Power,NOS,1,NTPC_PW,"{""models"": {""part_number"": ""4471B""}, ""is_ambiguous"": true, ""ambiguity_reason"": ""Low Information: Lacks technical specifications or recognizable equipment type""}"
NMC-PW-MSC-1129,Pt No 4471B Misc Spare Rev-B,MISC_UNCLASSIFIED,Miscellaneous / Unclassified Spares,Power,NOS,1,NTPC_PW,"{""models"": {""part_number"": ""4471B""}, ""is_ambiguous"": true, ""ambiguity_reason"": ""Low Information: Lacks technical specifications or recognizable equipment type""}"
NMC-HE-MSC-1130,Pt No 4471B Misc Spare Rev-A,MISC_UNCLASSIFIED,Miscellaneous / Unclassified Spares,Heavy Engineering,NOS,1,BHEL_HE,"{""models"": {""part_number"": ""4471B""}, ""is_ambiguous"": true, ""ambiguity_reason"": ""Low Information: Lacks technical specifications or recognizable equipment type""}"
NMC-PW-MSC-1131,Motor Spare,MISC_UNCLASSIFIED,Miscellaneous / Unclassified Spares,Power,NOS,1,NTPC_PW,"{""models"": {""part_number"": ""NUMBER""}, ""is_ambiguous"": true, ""ambiguity_reason"": ""Missing Critical Attributes: Motor spare without rating, frame or part number""}"
NMC-HE-MSC-1132,Pt No 4471B Misc Spare,MISC_UNCLASSIFIED,Miscellaneous / Unclassified Spares,Heavy Engineering,NOS,1,BHEL_HE,"{""models"": {""part_number"": ""4471B""}, ""is_ambiguous"": true, ""ambiguity_reason"": ""Low Information: Lacks technical specifications or recognizable equipment type""}"
NMC-HE-MSC-1133,Motor Spare Std,MISC_UNCLASSIFIED,Miscellaneous / Unclassified Spares,Heavy Engineering,NOS,1,BHEL_HE,"{""models"": {""part_number"": ""NUMBER""}, ""is_ambiguous"": true, ""ambiguity_reason"": ""Missing Critical Attributes: Motor spare without rating, frame or part number""}"
NMC-HE-MSC-1134,Pt No 4471B Misc Spare Rev-B,MISC_UNCLASSIFIED,Miscellaneous / Unclassified Spares,Heavy Engineering,NOS,1,BHEL_HE,"{""models"": {""part_number"": ""4471B""}, ""is_ambiguous"": true, ""ambiguity_reason"": ""Low Information: Lacks technical specifications or recognizable equipment type""}"
NMC-OG-MSC-1135,Pt No 4471B Misc Spare,MISC_UNCLASSIFIED,Miscellaneous / Unclassified Spares,Oil & Gas,NOS,1,CPCL_OG,"{""models"": {""part_number"": ""4471B""}, ""is_ambiguous"": true, ""ambiguity_reason"": ""Low Information: Lacks technical specifications or recognizable equipment type""}"
NMC-MN-MSC-1136,Motor Spare,MISC_UNCLASSIFIED,Miscellaneous / Unclassified Spares,Mining,NOS,1,CIL_MN,"{""models"": {""part_number"": ""NUMBER""}, ""is_ambiguous"": true, ""ambiguity_reason"": ""Missing Critical Attributes: Motor spare without rating, frame or part number""}"
NMC-OG-MSC-1137,Motor Spare,MISC_UNCLASSIFIED,Miscellaneous / Unclassified Spares,Oil & Gas,NOS,1,CPCL_OG,"{""models"": {""part_number"": ""NUMBER""}, ""is_ambiguous"": true, ""ambiguity_reason"": ""Missing Critical Attributes: Motor spare without rating, frame or part number""}"
NMC-PW-MSC-1138,Pt No 4471B Misc Spare,MISC_UNCLASSIFIED,Miscellaneous / Unclassified Spares,Power,NOS,1,NTPC_PW,"{""models"": {""part_number"": ""4471B""}, ""is_ambiguous"": true, ""ambiguity_reason"": ""Low Information: Lacks technical specifications or recognizable equipment type""}"
NMC-OG-MSC-1139,Pt No 4471B Misc Spare,MISC_UNCLASSIFIED,Miscellaneous / Unclassified Spares,Oil & Gas,NOS,1,CPCL_OG,"{""models"": {""part_number"": ""4471B""}, ""is_ambiguous"": true, ""ambiguity_reason"": ""Low Information: Lacks technical specifications or recognizable equipment type""}"
NMC-ST-MSC-1140,Pt No 4471B Misc Spare Maint,MISC_UNCLASSIFIED,Miscellaneous / Unclassified Spares,Steel,NOS,1,SAIL_ST,"{""models"": {""part_number"": ""4471B""}, ""is_ambiguous"": true, ""ambiguity_reason"": ""Low Information: Lacks technical specifications or recognizable equipment type""}"
NMC-PW-MSC-1141,Pt No 4471B Misc Spare,MISC_UNCLASSIFIED,Miscellaneous / Unclassified Spares,Power,NOS,1,NTPC_PW,"{""models"": {""part_number"": ""4471B""}, ""is_ambiguous"": true, ""ambiguity_reason"": ""Low Information: Lacks technical specifications or recognizable equipment type""}"
NMC-MN-MSC-1142,Motor Spare Oem,MISC_UNCLASSIFIED,Miscellaneous / Unclassified Spares,Mining,NOS,1,CIL_MN,"{""models"": {""part_number"": ""NUMBER""}, ""is_ambiguous"": true, ""ambiguity_reason"": ""Missing Critical Attributes: Motor spare without rating, frame or part number""}"
NMC-OG-MSC-1143,Motor Spare Rev-B,MISC_UNCLASSIFIED,Miscellaneous / Unclassified Spares,Oil & Gas,NOS,1,CPCL_OG,"{""models"": {""part_number"": ""NUMBER""}, ""is_ambiguous"": true, ""ambiguity_reason"": ""Missing Critical Attributes: Motor spare without rating, frame or part number""}"
NMC-MN-MSC-1144,Motor Spare Std,MISC_UNCLASSIFIED,Miscellaneous / Unclassified Spares,Mining,NOS,1,CIL_MN,"{""models"": {""part_number"": ""NUMBER""}, ""is_ambiguous"": true, ""ambiguity_reason"": ""Missing Critical Attributes: Motor spare without rating, frame or part number""}"
NMC-MN-MSC-1145,Pt No 4471B Misc Spare,MISC_UNCLASSIFIED,Miscellaneous / Unclassified Spares,Mining,NOS,1,CIL_MN,"{""models"": {""part_number"": ""4471B""}, ""is_ambiguous"": true, ""ambiguity_reason"": ""Low Information: Lacks technical specifications or recognizable equipment type""}"
NMC-MN-MSC-1146,Motor Spare General,MISC_UNCLASSIFIED,Miscellaneous / Unclassified Spares,Mining,NOS,1,CIL_MN,"{""models"": {""part_number"": ""NUMBER""}, ""is_ambiguous"": true, ""ambiguity_reason"": ""Missing Critical Attributes: Motor spare without rating, frame or part number""}"
NMC-MN-MSC-1147,Motor Spare Store,MISC_UNCLASSIFIED,Miscellaneous / Unclassified Spares,Mining,NOS,1,CIL_MN,"{""models"": {""part_number"": ""NUMBER""}, ""is_ambiguous"": true, ""ambiguity_reason"": ""Missing Critical Attributes: Motor spare without rating, frame or part number""}"
NMC-PW-MSC-1148,Motor Spare,MISC_UNCLASSIFIED,Miscellaneous / Unclassified Spares,Power,NOS,1,NTPC_PW,"{""models"": {""part_number"": ""NUMBER""}, ""is_ambiguous"": true, ""ambiguity_reason"": ""Missing Critical Attributes: Motor spare without rating, frame or part number""}"
NMC-ST-MSC-1149,Pt No 4471B Misc Spare,MISC_UNCLASSIFIED,Miscellaneous / Unclassified Spares,Steel,NOS,1,SAIL_ST,"{""models"": {""part_number"": ""4471B""}, ""is_ambiguous"": true, ""ambiguity_reason"": ""Low Information: Lacks technical specifications or recognizable equipment type""}"
NMC-PW-MSC-1150,Pt No 4471B Misc Spare,MISC_UNCLASSIFIED,Miscellaneous / Unclassified Spares,Power,NOS,1,NTPC_PW,"{""models"": {""part_number"": ""4471B""}, ""is_ambiguous"": true, ""ambiguity_reason"": ""Low Information: Lacks technical specifications or recognizable equipment type""}"
NMC-OG-MSC-1151,Pt No 4471B Misc Spare,MISC_UNCLASSIFIED,Miscellaneous / Unclassified Spares,Oil & Gas,NOS,1,CPCL_OG,"{""models"": {""part_number"": ""4471B""}, ""is_ambiguous"": true, ""ambiguity_reason"": ""Low Information: Lacks technical specifications or recognizable equipment type""}"
NMC-ST-MSC-1152,Pt No 4471B Misc Spare Industrial,MISC_UNCLASSIFIED,Miscellaneous / Unclassified Spares,Steel,NOS,1,SAIL_ST,"{""models"": {""part_number"": ""4471B""}, ""is_ambiguous"": true, ""ambiguity_reason"": ""Low Information: Lacks technical specifications or recognizable equipment type""}"
NMC-MN-MSC-1153,Pt No 4471B Misc Spare,MISC_UNCLASSIFIED,Miscellaneous / Unclassified Spares,Mining,NOS,1,CIL_MN,"{""models"": {""part_number"": ""4471B""}, ""is_ambiguous"": true, ""ambiguity_reason"": ""Low Information: Lacks technical specifications or recognizable equipment type""}"
NMC-OG-MSC-1154,Motor Spare Plant,MISC_UNCLASSIFIED,Miscellaneous / Unclassified Spares,Oil & Gas,NOS,1,CPCL_OG,"{""models"": {""part_number"": ""NUMBER""}, ""is_ambiguous"": true, ""ambiguity_reason"": ""Missing Critical Attributes: Motor spare without rating, frame or part number""}"
NMC-HE-MSC-1155,Motor Spare Maint,MISC_UNCLASSIFIED,Miscellaneous / Unclassified Spares,Heavy Engineering,NOS,1,BHEL_HE,"{""models"": {""part_number"": ""NUMBER""}, ""is_ambiguous"": true, ""ambiguity_reason"": ""Missing Critical Attributes: Motor spare without rating, frame or part number""}"
NMC-HE-MSC-1156,Pt No 4471B Misc Spare,MISC_UNCLASSIFIED,Miscellaneous / Unclassified Spares,Heavy Engineering,NOS,1,BHEL_HE,"{""models"": {""part_number"": ""4471B""}, ""is_ambiguous"": true, ""ambiguity_reason"": ""Low Information: Lacks technical specifications or recognizable equipment type""}"
NMC-ST-MSC-1157,Pt No 4471B Misc Spare,MISC_UNCLASSIFIED,Miscellaneous / Unclassified Spares,Steel,NOS,1,SAIL_ST,"{""models"": {""part_number"": ""4471B""}, ""is_ambiguous"": true, ""ambiguity_reason"": ""Low Information: Lacks technical specifications or recognizable equipment type""}"
NMC-HE-MSC-1158,Pt No 4471B Misc Spare Std,MISC_UNCLASSIFIED,Miscellaneous / Unclassified Spares,Heavy Engineering,NOS,1,BHEL_HE,"{""models"": {""part_number"": ""4471B""}, ""is_ambiguous"": true, ""ambiguity_reason"": ""Low Information: Lacks technical specifications or recognizable equipment type""}"
NMC-ST-MSC-1159,Pt No 4471B Misc Spare,MISC_UNCLASSIFIED,Miscellaneous / Unclassified Spares,Steel,NOS,1,SAIL_ST,"{""models"": {""part_number"": ""4471B""}, ""is_ambiguous"": true, ""ambiguity_reason"": ""Low Information: Lacks technical specifications or recognizable equipment type""}"
NMC-MN-MSC-1160,Pt No 4471B Misc Spare Plant,MISC_UNCLASSIFIED,Miscellaneous / Unclassified Spares,Mining,NOS,1,CIL_MN,"{""models"": {""part_number"": ""4471B""}, ""is_ambiguous"": true, ""ambiguity_reason"": ""Low Information: Lacks technical specifications or recognizable equipment type""}"
NMC-MN-MSC-1161,Pt No 4471B Misc Spare Rev-A,MISC_UNCLASSIFIED,Miscellaneous / Unclassified Spares,Mining,NOS,1,CIL_MN,"{""models"": {""part_number"": ""4471B""}, ""is_ambiguous"": true, ""ambiguity_reason"": ""Low Information: Lacks technical specifications or recognizable equipment type""}"
NMC-MN-MSC-1162,Motor Spare,MISC_UNCLASSIFIED,Miscellaneous / Unclassified Spares,Mining,NOS,1,CIL_MN,"{""models"": {""part_number"": ""NUMBER""}, ""is_ambiguous"": true, ""ambiguity_reason"": ""Missing Critical Attributes: Motor spare without rating, frame or part number""}"
NMC-OG-MSC-1163,Motor Spare,MISC_UNCLASSIFIED,Miscellaneous / Unclassified Spares,Oil & Gas,NOS,1,CPCL_OG,"{""models"": {""part_number"": ""NUMBER""}, ""is_ambiguous"": true, ""ambiguity_reason"": ""Missing Critical Attributes: Motor spare without rating, frame or part number""}"
NMC-MN-MSC-1164,Pt No 4471B Misc Spare Plant,MISC_UNCLASSIFIED,Miscellaneous / Unclassified Spares,Mining,NOS,1,CIL_MN,"{""models"": {""part_number"": ""4471B""}, ""is_ambiguous"": true, ""ambiguity_reason"": ""Low Information: Lacks technical specifications or recognizable equipment type""}"
NMC-PW-MSC-1165,Pt No 4471B Misc Spare,MISC_UNCLASSIFIED,Miscellaneous / Unclassified Spares,Power,NOS,1,NTPC_PW,"{""models"": {""part_number"": ""4471B""}, ""is_ambiguous"": true, ""ambiguity_reason"": ""Low Information: Lacks technical specifications or recognizable equipment type""}"
NMC-MN-MSC-1166,Pt No 4471B Misc Spare,MISC_UNCLASSIFIED,Miscellaneous / Unclassified Spares,Mining,NOS,1,CIL_MN,"{""models"": {""part_number"": ""4471B""}, ""is_ambiguous"": true, ""ambiguity_reason"": ""Low Information: Lacks technical specifications or recognizable equipment type""}"
NMC-OG-MSC-1167,Motor Spare,MISC_UNCLASSIFIED,Miscellaneous / Unclassified Spares,Oil & Gas,NOS,1,CPCL_OG,"{""models"": {""part_number"": ""NUMBER""}, ""is_ambiguous"": true, ""ambiguity_reason"": ""Missing Critical Attributes: Motor spare without rating, frame or part number""}"
NMC-HE-MSC-1168,Pt No 4471B Misc Spare Hd,MISC_UNCLASSIFIED,Miscellaneous / Unclassified Spares,Heavy Engineering,NOS,1,BHEL_HE,"{""models"": {""part_number"": ""4471B""}, ""is_ambiguous"": true, ""ambiguity_reason"": ""Low Information: Lacks technical specifications or recognizable equipment type""}"
NMC-PW-MSC-1169,Pt No 4471B Misc Spare,MISC_UNCLASSIFIED,Miscellaneous / Unclassified Spares,Power,NOS,1,NTPC_PW,"{""models"": {""part_number"": ""4471B""}, ""is_ambiguous"": true, ""ambiguity_reason"": ""Low Information: Lacks technical specifications or recognizable equipment type""}"
NMC-OG-MSC-1170,Motor Spare,MISC_UNCLASSIFIED,Miscellaneous / Unclassified Spares,Oil & Gas,NOS,1,CPCL_OG,"{""models"": {""part_number"": ""NUMBER""}, ""is_ambiguous"": true, ""ambiguity_reason"": ""Missing Critical Attributes: Motor spare without rating, frame or part number""}"
NMC-OG-MSC-1171,Pt No 4471B Misc Spare,MISC_UNCLASSIFIED,Miscellaneous / Unclassified Spares,Oil & Gas,NOS,1,CPCL_OG,"{""models"": {""part_number"": ""4471B""}, ""is_ambiguous"": true, ""ambiguity_reason"": ""Low Information: Lacks technical specifications or recognizable equipment type""}"
NMC-OG-MSC-1172,Motor Spare Oem,MISC_UNCLASSIFIED,Miscellaneous / Unclassified Spares,Oil & Gas,NOS,1,CPCL_OG,"{""models"": {""part_number"": ""NUMBER""}, ""is_ambiguous"": true, ""ambiguity_reason"": ""Missing Critical Attributes: Motor spare without rating, frame or part number""}"
NMC-OG-MSC-1173,Pt No 4471B Misc Spare,MISC_UNCLASSIFIED,Miscellaneous / Unclassified Spares,Oil & Gas,NOS,1,CPCL_OG,"{""models"": {""part_number"": ""4471B""}, ""is_ambiguous"": true, ""ambiguity_reason"": ""Low Information: Lacks technical specifications or recognizable equipment type""}"
NMC-OG-MSC-1174,Motor Spare,MISC_UNCLASSIFIED,Miscellaneous / Unclassified Spares,Oil & Gas,NOS,1,CPCL_OG,"{""models"": {""part_number"": ""NUMBER""}, ""is_ambiguous"": true, ""ambiguity_reason"": ""Missing Critical Attributes: Motor spare without rating, frame or part number""}"
NMC-ST-MSC-1175,Pt No 4471B Misc Spare,MISC_UNCLASSIFIED,Miscellaneous / Unclassified Spares,Steel,NOS,1,SAIL_ST,"{""models"": {""part_number"": ""4471B""}, ""is_ambiguous"": true, ""ambiguity_reason"": ""Low Information: Lacks technical specifications or recognizable equipment type""}"
NMC-OG-MSC-1176,Motor Spare,MISC_UNCLASSIFIED,Miscellaneous / Unclassified Spares,Oil & Gas,NOS,1,CPCL_OG,"{""models"": {""part_number"": ""NUMBER""}, ""is_ambiguous"": true, ""ambiguity_reason"": ""Missing Critical Attributes: Motor spare without rating, frame or part number""}"
NMC-MN-MSC-1177,Motor Spare Maint,MISC_UNCLASSIFIED,Miscellaneous / Unclassified Spares,Mining,NOS,1,CIL_MN,"{""models"": {""part_number"": ""NUMBER""}, ""is_ambiguous"": true, ""ambiguity_reason"": ""Missing Critical Attributes: Motor spare without rating, frame or part number""}"
NMC-ST-MSC-1178,Motor Spare Rev-B,MISC_UNCLASSIFIED,Miscellaneous / Unclassified Spares,Steel,NOS,1,SAIL_ST,"{""models"": {""part_number"": ""NUMBER""}, ""is_ambiguous"": true, ""ambiguity_reason"": ""Missing Critical Attributes: Motor spare without rating, frame or part number""}"
NMC-MN-MSC-1179,Motor Spare Hd,MISC_UNCLASSIFIED,Miscellaneous / Unclassified Spares,Mining,NOS,1,CIL_MN,"{""models"": {""part_number"": ""NUMBER""}, ""is_ambiguous"": true, ""ambiguity_reason"": ""Missing Critical Attributes: Motor spare without rating, frame or part number""}"
NMC-HE-MSC-1180,Pt No 4471B Misc Spare,MISC_UNCLASSIFIED,Miscellaneous / Unclassified Spares,Heavy Engineering,NOS,1,BHEL_HE,"{""models"": {""part_number"": ""4471B""}, ""is_ambiguous"": true, ""ambiguity_reason"": ""Low Information: Lacks technical specifications or recognizable equipment type""}"
NMC-PW-MSC-1181,Motor Spare Hd,MISC_UNCLASSIFIED,Miscellaneous / Unclassified Spares,Power,NOS,1,NTPC_PW,"{""models"": {""part_number"": ""NUMBER""}, ""is_ambiguous"": true, ""ambiguity_reason"": ""Missing Critical Attributes: Motor spare without rating, frame or part number""}"
NMC-HE-MSC-1182,Pt No 4471B Misc Spare Plant,MISC_UNCLASSIFIED,Miscellaneous / Unclassified Spares,Heavy Engineering,NOS,1,BHEL_HE,"{""models"": {""part_number"": ""4471B""}, ""is_ambiguous"": true, ""ambiguity_reason"": ""Low Information: Lacks technical specifications or recognizable equipment type""}"
NMC-PW-MSC-1183,Pt No 4471B Misc Spare,MISC_UNCLASSIFIED,Miscellaneous / Unclassified Spares,Power,NOS,1,NTPC_PW,"{""models"": {""part_number"": ""4471B""}, ""is_ambiguous"": true, ""ambiguity_reason"": ""Low Information: Lacks technical specifications or recognizable equipment type""}"
NMC-MN-MSC-1184,Pt No 4471B Misc Spare Hd,MISC_UNCLASSIFIED,Miscellaneous / Unclassified Spares,Mining,NOS,1,CIL_MN,"{""models"": {""part_number"": ""4471B""}, ""is_ambiguous"": true, ""ambiguity_reason"": ""Low Information: Lacks technical specifications or recognizable equipment type""}"
NMC-OG-MSC-1185,Pt No 4471B Misc Spare,MISC_UNCLASSIFIED,Miscellaneous / Unclassified Spares,Oil & Gas,NOS,1,CPCL_OG,"{""models"": {""part_number"": ""4471B""}, ""is_ambiguous"": true, ""ambiguity_reason"": ""Low Information: Lacks technical specifications or recognizable equipment type""}"
NMC-PW-MSC-1186,Pt No 4471B Misc Spare,MISC_UNCLASSIFIED,Miscellaneous / Unclassified Spares,Power,NOS,1,NTPC_PW,"{""models"": {""part_number"": ""4471B""}, ""is_ambiguous"": true, ""ambiguity_reason"": ""Low Information: Lacks technical specifications or recognizable equipment type""}"
NMC-OG-MSC-1187,Motor Spare Rev-A,MISC_UNCLASSIFIED,Miscellaneous / Unclassified Spares,Oil & Gas,NOS,1,CPCL_OG,"{""models"": {""part_number"": ""NUMBER""}, ""is_ambiguous"": true, ""ambiguity_reason"": ""Missing Critical Attributes: Motor spare without rating, frame or part number""}"
NMC-ST-MSC-1188,Motor Spare General,MISC_UNCLASSIFIED,Miscellaneous / Unclassified Spares,Steel,NOS,1,SAIL_ST,"{""models"": {""part_number"": ""NUMBER""}, ""is_ambiguous"": true, ""ambiguity_reason"": ""Missing Critical Attributes: Motor spare without rating, frame or part number""}"
NMC-MN-MSC-1189,Motor Spare,MISC_UNCLASSIFIED,Miscellaneous / Unclassified Spares,Mining,NOS,1,CIL_MN,"{""models"": {""part_number"": ""NUMBER""}, ""is_ambiguous"": true, ""ambiguity_reason"": ""Missing Critical Attributes: Motor spare without rating, frame or part number""}"
NMC-OG-MSC-1190,Pt No 4471B Misc Spare,MISC_UNCLASSIFIED,Miscellaneous / Unclassified Spares,Oil & Gas,NOS,1,CPCL_OG,"{""models"": {""part_number"": ""4471B""}, ""is_ambiguous"": true, ""ambiguity_reason"": ""Low Information: Lacks technical specifications or recognizable equipment type""}"
NMC-MN-MSC-1191,Pt No 4471B Misc Spare,MISC_UNCLASSIFIED,Miscellaneous / Unclassified Spares,Mining,NOS,1,CIL_MN,"{""models"": {""part_number"": ""4471B""}, ""is_ambiguous"": true, ""ambiguity_reason"": ""Low Information: Lacks technical specifications or recognizable equipment type""}"
NMC-MN-MSC-1192,Motor Spare General,MISC_UNCLASSIFIED,Miscellaneous / Unclassified Spares,Mining,NOS,1,CIL_MN,"{""models"": {""part_number"": ""NUMBER""}, ""is_ambiguous"": true, ""ambiguity_reason"": ""Missing Critical Attributes: Motor spare without rating, frame or part number""}"
NMC-OG-MSC-1193,Motor Spare Industrial,MISC_UNCLASSIFIED,Miscellaneous / Unclassified Spares,Oil & Gas,NOS,1,CPCL_OG,"{""models"": {""part_number"": ""NUMBER""}, ""is_ambiguous"": true, ""ambiguity_reason"": ""Missing Critical Attributes: Motor spare without rating, frame or part number""}"
NMC-PW-MSC-1194,Pt No 4471B Misc Spare Rev-A,MISC_UNCLASSIFIED,Miscellaneous / Unclassified Spares,Power,NOS,1,NTPC_PW,"{""models"": {""part_number"": ""4471B""}, ""is_ambiguous"": true, ""ambiguity_reason"": ""Low Information: Lacks technical specifications or recognizable equipment type""}"
NMC-MN-MSC-1195,Pt No 4471B Misc Spare,MISC_UNCLASSIFIED,Miscellaneous / Unclassified Spares,Mining,NOS,1,CIL_MN,"{""models"": {""part_number"": ""4471B""}, ""is_ambiguous"": true, ""ambiguity_reason"": ""Low Information: Lacks technical specifications or recognizable equipment type""}"
NMC-HE-MSC-1196,Motor Spare Store,MISC_UNCLASSIFIED,Miscellaneous / Unclassified Spares,Heavy Engineering,NOS,1,BHEL_HE,"{""models"": {""part_number"": ""NUMBER""}, ""is_ambiguous"": true, ""ambiguity_reason"": ""Missing Critical Attributes: Motor spare without rating, frame or part number""}"
NMC-OG-MSC-1197,Motor Spare,MISC_UNCLASSIFIED,Miscellaneous / Unclassified Spares,Oil & Gas,NOS,1,CPCL_OG,"{""models"": {""part_number"": ""NUMBER""}, ""is_ambiguous"": true, ""ambiguity_reason"": ""Missing Critical Attributes: Motor spare without rating, frame or part number""}"
NMC-ST-MSC-1198,Motor Spare,MISC_UNCLASSIFIED,Miscellaneous / Unclassified Spares,Steel,NOS,1,SAIL_ST,"{""models"": {""part_number"": ""NUMBER""}, ""is_ambiguous"": true, ""ambiguity_reason"": ""Missing Critical Attributes: Motor spare without rating, frame or part number""}"
NMC-HE-MSC-1199,Motor Spare,MISC_UNCLASSIFIED,Miscellaneous / Unclassified Spares,Heavy Engineering,NOS,1,BHEL_HE,"{""models"": {""part_number"": ""NUMBER""}, ""is_ambiguous"": true, ""ambiguity_reason"": ""Missing Critical Attributes: Motor spare without rating, frame or part number""}"
NMC-ST-MSC-1200,Motor Spare Rev-B,MISC_UNCLASSIFIED,Miscellaneous / Unclassified Spares,Steel,NOS,1,SAIL_ST,"{""models"": {""part_number"": ""NUMBER""}, ""is_ambiguous"": true, ""ambiguity_reason"": ""Missing Critical Attributes: Motor spare without rating, frame or part number""}"
NMC-OG-MSC-1201,Motor Spare,MISC_UNCLASSIFIED,Miscellaneous / Unclassified Spares,Oil & Gas,NOS,1,CPCL_OG,"{""models"": {""part_number"": ""NUMBER""}, ""is_ambiguous"": true, ""ambiguity_reason"": ""Missing Critical Attributes: Motor spare without rating, frame or part number""}"
NMC-OG-MSC-1202,Motor Spare,MISC_UNCLASSIFIED,Miscellaneous / Unclassified Spares,Oil & Gas,NOS,1,CPCL_OG,"{""models"": {""part_number"": ""NUMBER""}, ""is_ambiguous"": true, ""ambiguity_reason"": ""Missing Critical Attributes: Motor spare without rating, frame or part number""}"
NMC-OG-MSC-1203,Motor Spare,MISC_UNCLASSIFIED,Miscellaneous / Unclassified Spares,Oil & Gas,NOS,1,CPCL_OG,"{""models"": {""part_number"": ""NUMBER""}, ""is_ambiguous"": true, ""ambiguity_reason"": ""Missing Critical Attributes: Motor spare without rating, frame or part number""}"
NMC-OG-MSC-1204,Pt No 4471B Misc Spare,MISC_UNCLASSIFIED,Miscellaneous / Unclassified Spares,Oil & Gas,NOS,1,CPCL_OG,"{""models"": {""part_number"": ""4471B""}, ""is_ambiguous"": true, ""ambiguity_reason"": ""Low Information: Lacks technical specifications or recognizable equipment type""}"
NMC-OG-MSC-1205,Pt No 4471B Misc Spare,MISC_UNCLASSIFIED,Miscellaneous / Unclassified Spares,Oil & Gas,NOS,1,CPCL_OG,"{""models"": {""part_number"": ""4471B""}, ""is_ambiguous"": true, ""ambiguity_reason"": ""Low Information: Lacks technical specifications or recognizable equipment type""}"
NMC-HE-MSC-1206,Motor Spare,MISC_UNCLASSIFIED,Miscellaneous / Unclassified Spares,Heavy Engineering,NOS,1,BHEL_HE,"{""models"": {""part_number"": ""NUMBER""}, ""is_ambiguous"": true, ""ambiguity_reason"": ""Missing Critical Attributes: Motor spare without rating, frame or part number""}"
NMC-MN-MSC-1207,Motor Spare,MISC_UNCLASSIFIED,Miscellaneous / Unclassified Spares,Mining,NOS,1,CIL_MN,"{""models"": {""part_number"": ""NUMBER""}, ""is_ambiguous"": true, ""ambiguity_reason"": ""Missing Critical Attributes: Motor spare without rating, frame or part number""}"
NMC-MN-MSC-1208,Motor Spare,MISC_UNCLASSIFIED,Miscellaneous / Unclassified Spares,Mining,NOS,1,CIL_MN,"{""models"": {""part_number"": ""NUMBER""}, ""is_ambiguous"": true, ""ambiguity_reason"": ""Missing Critical Attributes: Motor spare without rating, frame or part number""}"
NMC-PW-MSC-1209,Motor Spare,MISC_UNCLASSIFIED,Miscellaneous / Unclassified Spares,Power,NOS,1,NTPC_PW,"{""models"": {""part_number"": ""NUMBER""}, ""is_ambiguous"": true, ""ambiguity_reason"": ""Missing Critical Attributes: Motor spare without rating, frame or part number""}"
NMC-OG-MSC-1210,Pt No 4471B Misc Spare Std,MISC_UNCLASSIFIED,Miscellaneous / Unclassified Spares,Oil & Gas,NOS,1,CPCL_OG,"{""models"": {""part_number"": ""4471B""}, ""is_ambiguous"": true, ""ambiguity_reason"": ""Low Information: Lacks technical specifications or recognizable equipment type""}"
NMC-HE-MSC-1211,Pt No 4471B Misc Spare,MISC_UNCLASSIFIED,Miscellaneous / Unclassified Spares,Heavy Engineering,NOS,1,BHEL_HE,"{""models"": {""part_number"": ""4471B""}, ""is_ambiguous"": true, ""ambiguity_reason"": ""Low Information: Lacks technical specifications or recognizable equipment type""}"
NMC-ST-MSC-1212,Motor Spare,MISC_UNCLASSIFIED,Miscellaneous / Unclassified Spares,Steel,NOS,1,SAIL_ST,"{""models"": {""part_number"": ""NUMBER""}, ""is_ambiguous"": true, ""ambiguity_reason"": ""Missing Critical Attributes: Motor spare without rating, frame or part number""}"
NMC-MN-MSC-1213,Motor Spare,MISC_UNCLASSIFIED,Miscellaneous / Unclassified Spares,Mining,NOS,1,CIL_MN,"{""models"": {""part_number"": ""NUMBER""}, ""is_ambiguous"": true, ""ambiguity_reason"": ""Missing Critical Attributes: Motor spare without rating, frame or part number""}"
NMC-HE-MSC-1214,Pt No 4471B Misc Spare,MISC_UNCLASSIFIED,Miscellaneous / Unclassified Spares,Heavy Engineering,NOS,1,BHEL_HE,"{""models"": {""part_number"": ""4471B""}, ""is_ambiguous"": true, ""ambiguity_reason"": ""Low Information: Lacks technical specifications or recognizable equipment type""}"
NMC-MN-MSC-1215,Pt No 4471B Misc Spare,MISC_UNCLASSIFIED,Miscellaneous / Unclassified Spares,Mining,NOS,1,CIL_MN,"{""models"": {""part_number"": ""4471B""}, ""is_ambiguous"": true, ""ambiguity_reason"": ""Low Information: Lacks technical specifications or recognizable equipment type""}"
NMC-ST-MSC-1216,Pt No 4471B Misc Spare,MISC_UNCLASSIFIED,Miscellaneous / Unclassified Spares,Steel,NOS,1,SAIL_ST,"{""models"": {""part_number"": ""4471B""}, ""is_ambiguous"": true, ""ambiguity_reason"": ""Low Information: Lacks technical specifications or recognizable equipment type""}"
NMC-OG-MSC-1217,Motor Spare,MISC_UNCLASSIFIED,Miscellaneous / Unclassified Spares,Oil & Gas,NOS,1,CPCL_OG,"{""models"": {""part_number"": ""NUMBER""}, ""is_ambiguous"": true, ""ambiguity_reason"": ""Missing Critical Attributes: Motor spare without rating, frame or part number""}"
NMC-MN-MSC-1218,Motor Spare,MISC_UNCLASSIFIED,Miscellaneous / Unclassified Spares,Mining,NOS,1,CIL_MN,"{""models"": {""part_number"": ""NUMBER""}, ""is_ambiguous"": true, ""ambiguity_reason"": ""Missing Critical Attributes: Motor spare without rating, frame or part number""}"
NMC-MN-MSC-1219,Motor Spare Rev-B,MISC_UNCLASSIFIED,Miscellaneous / Unclassified Spares,Mining,NOS,1,CIL_MN,"{""models"": {""part_number"": ""NUMBER""}, ""is_ambiguous"": true, ""ambiguity_reason"": ""Missing Critical Attributes: Motor spare without rating, frame or part number""}"
NMC-OG-MSC-1220,Pt No 4471B Misc Spare,MISC_UNCLASSIFIED,Miscellaneous / Unclassified Spares,Oil & Gas,NOS,1,CPCL_OG,"{""models"": {""part_number"": ""4471B""}, ""is_ambiguous"": true, ""ambiguity_reason"": ""Low Information: Lacks technical specifications or recognizable equipment type""}"
NMC-ST-MSC-1221,Motor Spare,MISC_UNCLASSIFIED,Miscellaneous / Unclassified Spares,Steel,NOS,1,SAIL_ST,"{""models"": {""part_number"": ""NUMBER""}, ""is_ambiguous"": true, ""ambiguity_reason"": ""Missing Critical Attributes: Motor spare without rating, frame or part number""}"
NMC-HE-MSC-1222,Motor Spare,MISC_UNCLASSIFIED,Miscellaneous / Unclassified Spares,Heavy Engineering,NOS,1,BHEL_HE,"{""models"": {""part_number"": ""NUMBER""}, ""is_ambiguous"": true, ""ambiguity_reason"": ""Missing Critical Attributes: Motor spare without rating, frame or part number""}"
NMC-HE-MSC-1223,Pt No 4471B Misc Spare,MISC_UNCLASSIFIED,Miscellaneous / Unclassified Spares,Heavy Engineering,NOS,1,BHEL_HE,"{""models"": {""part_number"": ""4471B""}, ""is_ambiguous"": true, ""ambiguity_reason"": ""Low Information: Lacks technical specifications or recognizable equipment type""}"
NMC-OG-MSC-1224,Motor Spare,MISC_UNCLASSIFIED,Miscellaneous / Unclassified Spares,Oil & Gas,NOS,1,CPCL_OG,"{""models"": {""part_number"": ""NUMBER""}, ""is_ambiguous"": true, ""ambiguity_reason"": ""Missing Critical Attributes: Motor spare without rating, frame or part number""}"
NMC-ST-MSC-1225,Motor Spare,MISC_UNCLASSIFIED,Miscellaneous / Unclassified Spares,Steel,NOS,1,SAIL_ST,"{""models"": {""part_number"": ""NUMBER""}, ""is_ambiguous"": true, ""ambiguity_reason"": ""Missing Critical Attributes: Motor spare without rating, frame or part number""}"
NMC-ST-MSC-1226,Pt No 4471B Misc Spare,MISC_UNCLASSIFIED,Miscellaneous / Unclassified Spares,Steel,NOS,1,SAIL_ST,"{""models"": {""part_number"": ""4471B""}, ""is_ambiguous"": true, ""ambiguity_reason"": ""Low Information: Lacks technical specifications or recognizable equipment type""}"
NMC-PW-MSC-1227,Pt No 4471B Misc Spare Industrial,MISC_UNCLASSIFIED,Miscellaneous / Unclassified Spares,Power,NOS,1,NTPC_PW,"{""models"": {""part_number"": ""4471B""}, ""is_ambiguous"": true, ""ambiguity_reason"": ""Low Information: Lacks technical specifications or recognizable equipment type""}"
NMC-HE-MSC-1228,Motor Spare Std,MISC_UNCLASSIFIED,Miscellaneous / Unclassified Spares,Heavy Engineering,NOS,1,BHEL_HE,"{""models"": {""part_number"": ""NUMBER""}, ""is_ambiguous"": true, ""ambiguity_reason"": ""Missing Critical Attributes: Motor spare without rating, frame or part number""}"
NMC-OG-MSC-1229,Motor Spare General,MISC_UNCLASSIFIED,Miscellaneous / Unclassified Spares,Oil & Gas,NOS,1,CPCL_OG,"{""models"": {""part_number"": ""NUMBER""}, ""is_ambiguous"": true, ""ambiguity_reason"": ""Missing Critical Attributes: Motor spare without rating, frame or part number""}"
NMC-ST-MSC-1230,Pt No 4471B Misc Spare Plant,MISC_UNCLASSIFIED,Miscellaneous / Unclassified Spares,Steel,NOS,1,SAIL_ST,"{""models"": {""part_number"": ""4471B""}, ""is_ambiguous"": true, ""ambiguity_reason"": ""Low Information: Lacks technical specifications or recognizable equipment type""}"
NMC-HE-MSC-1231,Pt No 4471B Misc Spare,MISC_UNCLASSIFIED,Miscellaneous / Unclassified Spares,Heavy Engineering,NOS,1,BHEL_HE,"{""models"": {""part_number"": ""4471B""}, ""is_ambiguous"": true, ""ambiguity_reason"": ""Low Information: Lacks technical specifications or recognizable equipment type""}"
NMC-OG-MSC-1232,Pt No 4471B Misc Spare Rev-A,MISC_UNCLASSIFIED,Miscellaneous / Unclassified Spares,Oil & Gas,NOS,1,CPCL_OG,"{""models"": {""part_number"": ""4471B""}, ""is_ambiguous"": true, ""ambiguity_reason"": ""Low Information: Lacks technical specifications or recognizable equipment type""}"
NMC-MN-MSC-1233,Motor Spare Maint,MISC_UNCLASSIFIED,Miscellaneous / Unclassified Spares,Mining,NOS,1,CIL_MN,"{""models"": {""part_number"": ""NUMBER""}, ""is_ambiguous"": true, ""ambiguity_reason"": ""Missing Critical Attributes: Motor spare without rating, frame or part number""}"
NMC-MN-MSC-1234,Motor Spare,MISC_UNCLASSIFIED,Miscellaneous / Unclassified Spares,Mining,NOS,1,CIL_MN,"{""models"": {""part_number"": ""NUMBER""}, ""is_ambiguous"": true, ""ambiguity_reason"": ""Missing Critical Attributes: Motor spare without rating, frame or part number""}"
NMC-HE-MSC-1235,Pt No 4471B Misc Spare General,MISC_UNCLASSIFIED,Miscellaneous / Unclassified Spares,Heavy Engineering,NOS,1,BHEL_HE,"{""models"": {""part_number"": ""4471B""}, ""is_ambiguous"": true, ""ambiguity_reason"": ""Low Information: Lacks technical specifications or recognizable equipment type""}"
NMC-OG-MSC-1236,Pt No 4471B Misc Spare,MISC_UNCLASSIFIED,Miscellaneous / Unclassified Spares,Oil & Gas,NOS,1,CPCL_OG,"{""models"": {""part_number"": ""4471B""}, ""is_ambiguous"": true, ""ambiguity_reason"": ""Low Information: Lacks technical specifications or recognizable equipment type""}"
